date,city,price,state
1987-01-01,AZ-Phoenix,,AZ
1987-01-01,CA-Los Angeles,59.33,CA
1987-01-01,CA-San Diego,54.67,CA
1987-01-01,CA-San Francisco,46.61,CA
1987-01-01,CO-Denver,50.2,CO
1987-01-01,DC-Washington,64.11,DC
1987-01-01,FL-Miami,68.5,FL
1987-01-01,FL-Tampa,77.33,FL
1987-01-01,GA-Atlanta,,GA
1987-01-01,IL-Chicago,53.55,IL
1987-01-01,MA-Boston,70.04,MA
1987-01-01,MI-Detroit,,MI
1987-01-01,MN-Minneapolis,,MN
1987-01-01,NC-Charlotte,63.39,NC
1987-01-01,NV-Las Vegas,66.36,NV
1987-01-01,NY-New York,74.42,NY
1987-01-01,OH-Cleveland,53.53,OH
1987-01-01,OR-Portland,41.05,OR
1987-01-01,TX-Dallas,,TX
1987-01-01,WA-Seattle,,WA
1987-01-01,Composite-10,62.82,Composite
1987-01-01,Composite-20,,Composite
1987-01-01,National-US,63.75,National
1987-02-01,AZ-Phoenix,,AZ
1987-02-01,CA-Los Angeles,59.65,CA
1987-02-01,CA-San Diego,54.89,CA
1987-02-01,CA-San Francisco,46.87,CA
1987-02-01,CO-Denver,49.96,CO
1987-02-01,DC-Washington,64.77,DC
1987-02-01,FL-Miami,68.76,FL
1987-02-01,FL-Tampa,77.93,FL
1987-02-01,GA-Atlanta,,GA
1987-02-01,IL-Chicago,54.64,IL
1987-02-01,MA-Boston,70.08,MA
1987-02-01,MI-Detroit,,MI
1987-02-01,MN-Minneapolis,,MN
1987-02-01,NC-Charlotte,63.94,NC
1987-02-01,NV-Las Vegas,67.03,NV
1987-02-01,NY-New York,75.43,NY
1987-02-01,OH-Cleveland,53.5,OH
1987-02-01,OR-Portland,41.28,OR
1987-02-01,TX-Dallas,,TX
1987-02-01,WA-Seattle,,WA
1987-02-01,Composite-10,63.39,Composite
1987-02-01,Composite-20,,Composite
1987-02-01,National-US,64.15,National
1987-03-01,AZ-Phoenix,,AZ
1987-03-01,CA-Los Angeles,59.99,CA
1987-03-01,CA-San Diego,55.16,CA
1987-03-01,CA-San Francisco,47.32,CA
1987-03-01,CO-Denver,50.15,CO
1987-03-01,DC-Washington,65.71,DC
1987-03-01,FL-Miami,69.23,FL
1987-03-01,FL-Tampa,77.76,FL
1987-03-01,GA-Atlanta,,GA
1987-03-01,IL-Chicago,54.8,IL
1987-03-01,MA-Boston,70.0,MA
1987-03-01,MI-Detroit,,MI
1987-03-01,MN-Minneapolis,,MN
1987-03-01,NC-Charlotte,64.17,NC
1987-03-01,NV-Las Vegas,67.34,NV
1987-03-01,NY-New York,76.25,NY
1987-03-01,OH-Cleveland,53.68,OH
1987-03-01,OR-Portland,41.06,OR
1987-03-01,TX-Dallas,,TX
1987-03-01,WA-Seattle,,WA
1987-03-01,Composite-10,63.87,Composite
1987-03-01,Composite-20,,Composite
1987-03-01,National-US,64.49,National
1987-04-01,AZ-Phoenix,,AZ
1987-04-01,CA-Los Angeles,60.81,CA
1987-04-01,CA-San Diego,55.85,CA
1987-04-01,CA-San Francisco,47.69,CA
1987-04-01,CO-Denver,50.55,CO
1987-04-01,DC-Washington,66.4,DC
1987-04-01,FL-Miami,69.2,FL
1987-04-01,FL-Tampa,77.56,FL
1987-04-01,GA-Atlanta,,GA
1987-04-01,IL-Chicago,54.88,IL
1987-04-01,MA-Boston,70.7,MA
1987-04-01,MI-Detroit,,MI
1987-04-01,MN-Minneapolis,,MN
1987-04-01,NC-Charlotte,64.81,NC
1987-04-01,NV-Las Vegas,67.88,NV
1987-04-01,NY-New York,77.34,NY
1987-04-01,OH-Cleveland,53.75,OH
1987-04-01,OR-Portland,40.96,OR
1987-04-01,TX-Dallas,,TX
1987-04-01,WA-Seattle,,WA
1987-04-01,Composite-10,64.57,Composite
1987-04-01,Composite-20,,Composite
1987-04-01,National-US,64.99,National
1987-05-01,AZ-Phoenix,,AZ
1987-05-01,CA-Los Angeles,61.67,CA
1987-05-01,CA-San Diego,56.35,CA
1987-05-01,CA-San Francisco,48.31,CA
1987-05-01,CO-Denver,50.63,CO
1987-05-01,DC-Washington,67.27,DC
1987-05-01,FL-Miami,69.46,FL
1987-05-01,FL-Tampa,77.85,FL
1987-05-01,GA-Atlanta,,GA
1987-05-01,IL-Chicago,55.43,IL
1987-05-01,MA-Boston,71.51,MA
1987-05-01,MI-Detroit,,MI
1987-05-01,MN-Minneapolis,,MN
1987-05-01,NC-Charlotte,65.18,NC
1987-05-01,NV-Las Vegas,67.9,NV
1987-05-01,NY-New York,79.16,NY
1987-05-01,OH-Cleveland,54.71,OH
1987-05-01,OR-Portland,41.24,OR
1987-05-01,TX-Dallas,,TX
1987-05-01,WA-Seattle,,WA
1987-05-01,Composite-10,65.56,Composite
1987-05-01,Composite-20,,Composite
1987-05-01,National-US,65.57,National
1987-06-01,AZ-Phoenix,,AZ
1987-06-01,CA-Los Angeles,62.71,CA
1987-06-01,CA-San Diego,56.86,CA
1987-06-01,CA-San Francisco,48.83,CA
1987-06-01,CO-Denver,50.5,CO
1987-06-01,DC-Washington,68.7,DC
1987-06-01,FL-Miami,69.31,FL
1987-06-01,FL-Tampa,78.71,FL
1987-06-01,GA-Atlanta,,GA
1987-06-01,IL-Chicago,56.39,IL
1987-06-01,MA-Boston,72.32,MA
1987-06-01,MI-Detroit,,MI
1987-06-01,MN-Minneapolis,,MN
1987-06-01,NC-Charlotte,65.55,NC
1987-06-01,NV-Las Vegas,66.48,NV
1987-06-01,NY-New York,80.84,NY
1987-06-01,OH-Cleveland,55.12,OH
1987-06-01,OR-Portland,41.45,OR
1987-06-01,TX-Dallas,,TX
1987-06-01,WA-Seattle,,WA
1987-06-01,Composite-10,66.59,Composite
1987-06-01,Composite-20,,Composite
1987-06-01,National-US,66.24,National
1987-07-01,AZ-Phoenix,,AZ
1987-07-01,CA-Los Angeles,63.66,CA
1987-07-01,CA-San Diego,57.26,CA
1987-07-01,CA-San Francisco,49.49,CA
1987-07-01,CO-Denver,50.28,CO
1987-07-01,DC-Washington,69.79,DC
1987-07-01,FL-Miami,69.7,FL
1987-07-01,FL-Tampa,79.11,FL
1987-07-01,GA-Atlanta,,GA
1987-07-01,IL-Chicago,57.54,IL
1987-07-01,MA-Boston,73.09,MA
1987-07-01,MI-Detroit,,MI
1987-07-01,MN-Minneapolis,,MN
1987-07-01,NC-Charlotte,65.76,NC
1987-07-01,NV-Las Vegas,65.43,NV
1987-07-01,NY-New York,82.22,NY
1987-07-01,OH-Cleveland,55.74,OH
1987-07-01,OR-Portland,41.82,OR
1987-07-01,TX-Dallas,,TX
1987-07-01,WA-Seattle,,WA
1987-07-01,Composite-10,67.54,Composite
1987-07-01,Composite-20,,Composite
1987-07-01,National-US,66.8,National
1987-08-01,AZ-Phoenix,,AZ
1987-08-01,CA-Los Angeles,64.56,CA
1987-08-01,CA-San Diego,57.69,CA
1987-08-01,CA-San Francisco,49.94,CA
1987-08-01,CO-Denver,50.38,CO
1987-08-01,DC-Washington,70.62,DC
1987-08-01,FL-Miami,70.16,FL
1987-08-01,FL-Tampa,79.14,FL
1987-08-01,GA-Atlanta,,GA
1987-08-01,IL-Chicago,58.37,IL
1987-08-01,MA-Boston,73.79,MA
1987-08-01,MI-Detroit,,MI
1987-08-01,MN-Minneapolis,,MN
1987-08-01,NC-Charlotte,66.08,NC
1987-08-01,NV-Las Vegas,65.14,NV
1987-08-01,NY-New York,83.01,NY
1987-08-01,OH-Cleveland,56.1,OH
1987-08-01,OR-Portland,41.9,OR
1987-08-01,TX-Dallas,,TX
1987-08-01,WA-Seattle,,WA
1987-08-01,Composite-10,68.25,Composite
1987-08-01,Composite-20,,Composite
1987-08-01,National-US,67.29,National
1987-09-01,AZ-Phoenix,,AZ
1987-09-01,CA-Los Angeles,65.38,CA
1987-09-01,CA-San Diego,58.14,CA
1987-09-01,CA-San Francisco,50.69,CA
1987-09-01,CO-Denver,50.18,CO
1987-09-01,DC-Washington,71.79,DC
1987-09-01,FL-Miami,70.95,FL
1987-09-01,FL-Tampa,79.24,FL
1987-09-01,GA-Atlanta,,GA
1987-09-01,IL-Chicago,58.85,IL
1987-09-01,MA-Boston,74.39,MA
1987-09-01,MI-Detroit,,MI
1987-09-01,MN-Minneapolis,,MN
1987-09-01,NC-Charlotte,66.47,NC
1987-09-01,NV-Las Vegas,65.85,NV
1987-09-01,NY-New York,83.44,NY
1987-09-01,OH-Cleveland,56.51,OH
1987-09-01,OR-Portland,41.8,OR
1987-09-01,TX-Dallas,,TX
1987-09-01,WA-Seattle,,WA
1987-09-01,Composite-10,68.87,Composite
1987-09-01,Composite-20,,Composite
1987-09-01,National-US,67.64,National
1987-10-01,AZ-Phoenix,,AZ
1987-10-01,CA-Los Angeles,66.2,CA
1987-10-01,CA-San Diego,58.53,CA
1987-10-01,CA-San Francisco,51.33,CA
1987-10-01,CO-Denver,50.38,CO
1987-10-01,DC-Washington,72.57,DC
1987-10-01,FL-Miami,71.28,FL
1987-10-01,FL-Tampa,79.09,FL
1987-10-01,GA-Atlanta,,GA
1987-10-01,IL-Chicago,59.32,IL
1987-10-01,MA-Boston,74.63,MA
1987-10-01,MI-Detroit,,MI
1987-10-01,MN-Minneapolis,,MN
1987-10-01,NC-Charlotte,66.77,NC
1987-10-01,NV-Las Vegas,66.21,NV
1987-10-01,NY-New York,83.88,NY
1987-10-01,OH-Cleveland,56.61,OH
1987-10-01,OR-Portland,41.86,OR
1987-10-01,TX-Dallas,,TX
1987-10-01,WA-Seattle,,WA
1987-10-01,Composite-10,69.42,Composite
1987-10-01,Composite-20,,Composite
1987-10-01,National-US,67.92,National
1987-11-01,AZ-Phoenix,,AZ
1987-11-01,CA-Los Angeles,66.94,CA
1987-11-01,CA-San Diego,59.02,CA
1987-11-01,CA-San Francisco,51.8,CA
1987-11-01,CO-Denver,49.89,CO
1987-11-01,DC-Washington,73.18,DC
1987-11-01,FL-Miami,71.5,FL
1987-11-01,FL-Tampa,79.05,FL
1987-11-01,GA-Atlanta,,GA
1987-11-01,IL-Chicago,59.34,IL
1987-11-01,MA-Boston,74.83,MA
1987-11-01,MI-Detroit,,MI
1987-11-01,MN-Minneapolis,,MN
1987-11-01,NC-Charlotte,67.09,NC
1987-11-01,NV-Las Vegas,67.05,NV
1987-11-01,NY-New York,84.02,NY
1987-11-01,OH-Cleveland,56.6,OH
1987-11-01,OR-Portland,41.67,OR
1987-11-01,TX-Dallas,,TX
1987-11-01,WA-Seattle,,WA
1987-11-01,Composite-10,69.76,Composite
1987-11-01,Composite-20,,Composite
1987-11-01,National-US,68.11,National
1987-12-01,AZ-Phoenix,,AZ
1987-12-01,CA-Los Angeles,67.91,CA
1987-12-01,CA-San Diego,59.4,CA
1987-12-01,CA-San Francisco,52.03,CA
1987-12-01,CO-Denver,49.86,CO
1987-12-01,DC-Washington,73.42,DC
1987-12-01,FL-Miami,71.41,FL
1987-12-01,FL-Tampa,79.15,FL
1987-12-01,GA-Atlanta,,GA
1987-12-01,IL-Chicago,60.3,IL
1987-12-01,MA-Boston,74.74,MA
1987-12-01,MI-Detroit,,MI
1987-12-01,MN-Minneapolis,,MN
1987-12-01,NC-Charlotte,67.19,NC
1987-12-01,NV-Las Vegas,66.66,NV
1987-12-01,NY-New York,84.41,NY
1987-12-01,OH-Cleveland,56.38,OH
1987-12-01,OR-Portland,41.88,OR
1987-12-01,TX-Dallas,,TX
1987-12-01,WA-Seattle,,WA
1987-12-01,Composite-10,70.22,Composite
1987-12-01,Composite-20,,Composite
1987-12-01,National-US,68.36,National
1988-01-01,AZ-Phoenix,,AZ
1988-01-01,CA-Los Angeles,68.66,CA
1988-01-01,CA-San Diego,59.86,CA
1988-01-01,CA-San Francisco,52.24,CA
1988-01-01,CO-Denver,49.35,CO
1988-01-01,DC-Washington,74.07,DC
1988-01-01,FL-Miami,71.66,FL
1988-01-01,FL-Tampa,79.36,FL
1988-01-01,GA-Atlanta,,GA
1988-01-01,IL-Chicago,61.2,IL
1988-01-01,MA-Boston,74.4,MA
1988-01-01,MI-Detroit,,MI
1988-01-01,MN-Minneapolis,,MN
1988-01-01,NC-Charlotte,67.61,NC
1988-01-01,NV-Las Vegas,66.64,NV
1988-01-01,NY-New York,84.12,NY
1988-01-01,OH-Cleveland,56.44,OH
1988-01-01,OR-Portland,41.61,OR
1988-01-01,TX-Dallas,,TX
1988-01-01,WA-Seattle,,WA
1988-01-01,Composite-10,70.45,Composite
1988-01-01,Composite-20,,Composite
1988-01-01,National-US,68.6,National
1988-02-01,AZ-Phoenix,,AZ
1988-02-01,CA-Los Angeles,69.36,CA
1988-02-01,CA-San Diego,60.12,CA
1988-02-01,CA-San Francisco,52.64,CA
1988-02-01,CO-Denver,49.27,CO
1988-02-01,DC-Washington,74.88,DC
1988-02-01,FL-Miami,71.68,FL
1988-02-01,FL-Tampa,79.21,FL
1988-02-01,GA-Atlanta,,GA
1988-02-01,IL-Chicago,62.78,IL
1988-02-01,MA-Boston,74.02,MA
1988-02-01,MI-Detroit,,MI
1988-02-01,MN-Minneapolis,,MN
1988-02-01,NC-Charlotte,67.44,NC
1988-02-01,NV-Las Vegas,65.89,NV
1988-02-01,NY-New York,83.92,NY
1988-02-01,OH-Cleveland,56.45,OH
1988-02-01,OR-Portland,41.48,OR
1988-02-01,TX-Dallas,,TX
1988-02-01,WA-Seattle,,WA
1988-02-01,Composite-10,70.77,Composite
1988-02-01,Composite-20,,Composite
1988-02-01,National-US,68.93,National
1988-03-01,AZ-Phoenix,,AZ
1988-03-01,CA-Los Angeles,70.14,CA
1988-03-01,CA-San Diego,60.87,CA
1988-03-01,CA-San Francisco,53.19,CA
1988-03-01,CO-Denver,48.85,CO
1988-03-01,DC-Washington,76.04,DC
1988-03-01,FL-Miami,72.19,FL
1988-03-01,FL-Tampa,79.26,FL
1988-03-01,GA-Atlanta,,GA
1988-03-01,IL-Chicago,64.45,IL
1988-03-01,MA-Boston,73.4,MA
1988-03-01,MI-Detroit,,MI
1988-03-01,MN-Minneapolis,,MN
1988-03-01,NC-Charlotte,67.95,NC
1988-03-01,NV-Las Vegas,66.26,NV
1988-03-01,NY-New York,83.48,NY
1988-03-01,OH-Cleveland,57.16,OH
1988-03-01,OR-Portland,41.85,OR
1988-03-01,TX-Dallas,,TX
1988-03-01,WA-Seattle,,WA
1988-03-01,Composite-10,71.12,Composite
1988-03-01,Composite-20,,Composite
1988-03-01,National-US,69.33,National
1988-04-01,AZ-Phoenix,,AZ
1988-04-01,CA-Los Angeles,70.83,CA
1988-04-01,CA-San Diego,61.19,CA
1988-04-01,CA-San Francisco,54.19,CA
1988-04-01,CO-Denver,48.58,CO
1988-04-01,DC-Washington,77.02,DC
1988-04-01,FL-Miami,72.47,FL
1988-04-01,FL-Tampa,79.44,FL
1988-04-01,GA-Atlanta,,GA
1988-04-01,IL-Chicago,65.22,IL
1988-04-01,MA-Boston,73.78,MA
1988-04-01,MI-Detroit,,MI
1988-04-01,MN-Minneapolis,,MN
1988-04-01,NC-Charlotte,67.79,NC
1988-04-01,NV-Las Vegas,67.11,NV
1988-04-01,NY-New York,83.71,NY
1988-04-01,OH-Cleveland,57.66,OH
1988-04-01,OR-Portland,42.1,OR
1988-04-01,TX-Dallas,,TX
1988-04-01,WA-Seattle,,WA
1988-04-01,Composite-10,71.65,Composite
1988-04-01,Composite-20,,Composite
1988-04-01,National-US,69.8,National
1988-05-01,AZ-Phoenix,,AZ
1988-05-01,CA-Los Angeles,72.03,CA
1988-05-01,CA-San Diego,61.68,CA
1988-05-01,CA-San Francisco,56.09,CA
1988-05-01,CO-Denver,48.22,CO
1988-05-01,DC-Washington,78.19,DC
1988-05-01,FL-Miami,72.76,FL
1988-05-01,FL-Tampa,79.88,FL
1988-05-01,GA-Atlanta,,GA
1988-05-01,IL-Chicago,65.53,IL
1988-05-01,MA-Boston,74.46,MA
1988-05-01,MI-Detroit,,MI
1988-05-01,MN-Minneapolis,,MN
1988-05-01,NC-Charlotte,67.92,NC
1988-05-01,NV-Las Vegas,67.51,NV
1988-05-01,NY-New York,84.23,NY
1988-05-01,OH-Cleveland,58.25,OH
1988-05-01,OR-Portland,42.58,OR
1988-05-01,TX-Dallas,,TX
1988-05-01,WA-Seattle,,WA
1988-05-01,Composite-10,72.48,Composite
1988-05-01,Composite-20,,Composite
1988-05-01,National-US,70.42,National
1988-06-01,AZ-Phoenix,,AZ
1988-06-01,CA-Los Angeles,74.35,CA
1988-06-01,CA-San Diego,61.54,CA
1988-06-01,CA-San Francisco,58.22,CA
1988-06-01,CO-Denver,48.27,CO
1988-06-01,DC-Washington,79.56,DC
1988-06-01,FL-Miami,73.55,FL
1988-06-01,FL-Tampa,80.25,FL
1988-06-01,GA-Atlanta,,GA
1988-06-01,IL-Chicago,66.85,IL
1988-06-01,MA-Boston,75.07,MA
1988-06-01,MI-Detroit,,MI
1988-06-01,MN-Minneapolis,,MN
1988-06-01,NC-Charlotte,68.14,NC
1988-06-01,NV-Las Vegas,67.18,NV
1988-06-01,NY-New York,84.59,NY
1988-06-01,OH-Cleveland,59.23,OH
1988-06-01,OR-Portland,42.75,OR
1988-06-01,TX-Dallas,,TX
1988-06-01,WA-Seattle,,WA
1988-06-01,Composite-10,73.63,Composite
1988-06-01,Composite-20,,Composite
1988-06-01,National-US,71.08,National
1988-07-01,AZ-Phoenix,,AZ
1988-07-01,CA-Los Angeles,77.22,CA
1988-07-01,CA-San Diego,64.81,CA
1988-07-01,CA-San Francisco,58.7,CA
1988-07-01,CO-Denver,48.33,CO
1988-07-01,DC-Washington,81.25,DC
1988-07-01,FL-Miami,74.13,FL
1988-07-01,FL-Tampa,80.74,FL
1988-07-01,GA-Atlanta,,GA
1988-07-01,IL-Chicago,67.07,IL
1988-07-01,MA-Boston,75.53,MA
1988-07-01,MI-Detroit,,MI
1988-07-01,MN-Minneapolis,,MN
1988-07-01,NC-Charlotte,68.64,NC
1988-07-01,NV-Las Vegas,67.36,NV
1988-07-01,NY-New York,85.02,NY
1988-07-01,OH-Cleveland,59.7,OH
1988-07-01,OR-Portland,43.09,OR
1988-07-01,TX-Dallas,,TX
1988-07-01,WA-Seattle,,WA
1988-07-01,Composite-10,74.81,Composite
1988-07-01,Composite-20,,Composite
1988-07-01,National-US,71.69,National
1988-08-01,AZ-Phoenix,,AZ
1988-08-01,CA-Los Angeles,79.27,CA
1988-08-01,CA-San Diego,65.64,CA
1988-08-01,CA-San Francisco,59.0,CA
1988-08-01,CO-Denver,48.52,CO
1988-08-01,DC-Washington,82.35,DC
1988-08-01,FL-Miami,75.02,FL
1988-08-01,FL-Tampa,80.95,FL
1988-08-01,GA-Atlanta,,GA
1988-08-01,IL-Chicago,68.66,IL
1988-08-01,MA-Boston,75.47,MA
1988-08-01,MI-Detroit,,MI
1988-08-01,MN-Minneapolis,,MN
1988-08-01,NC-Charlotte,69.67,NC
1988-08-01,NV-Las Vegas,68.11,NV
1988-08-01,NY-New York,85.33,NY
1988-08-01,OH-Cleveland,60.32,OH
1988-08-01,OR-Portland,43.54,OR
1988-08-01,TX-Dallas,,TX
1988-08-01,WA-Seattle,,WA
1988-08-01,Composite-10,75.7,Composite
1988-08-01,Composite-20,,Composite
1988-08-01,National-US,72.19,National
1988-09-01,AZ-Phoenix,,AZ
1988-09-01,CA-Los Angeles,81.23,CA
1988-09-01,CA-San Diego,66.45,CA
1988-09-01,CA-San Francisco,59.5,CA
1988-09-01,CO-Denver,48.37,CO
1988-09-01,DC-Washington,83.59,DC
1988-09-01,FL-Miami,75.63,FL
1988-09-01,FL-Tampa,80.78,FL
1988-09-01,GA-Atlanta,,GA
1988-09-01,IL-Chicago,68.71,IL
1988-09-01,MA-Boston,75.38,MA
1988-09-01,MI-Detroit,,MI
1988-09-01,MN-Minneapolis,,MN
1988-09-01,NC-Charlotte,69.93,NC
1988-09-01,NV-Las Vegas,69.06,NV
1988-09-01,NY-New York,85.54,NY
1988-09-01,OH-Cleveland,60.6,OH
1988-09-01,OR-Portland,43.72,OR
1988-09-01,TX-Dallas,,TX
1988-09-01,WA-Seattle,,WA
1988-09-01,Composite-10,76.4,Composite
1988-09-01,Composite-20,,Composite
1988-09-01,National-US,72.58,National
1988-10-01,AZ-Phoenix,,AZ
1988-10-01,CA-Los Angeles,82.94,CA
1988-10-01,CA-San Diego,67.47,CA
1988-10-01,CA-San Francisco,60.37,CA
1988-10-01,CO-Denver,48.27,CO
1988-10-01,DC-Washington,83.94,DC
1988-10-01,FL-Miami,75.86,FL
1988-10-01,FL-Tampa,80.84,FL
1988-10-01,GA-Atlanta,,GA
1988-10-01,IL-Chicago,69.37,IL
1988-10-01,MA-Boston,75.25,MA
1988-10-01,MI-Detroit,,MI
1988-10-01,MN-Minneapolis,,MN
1988-10-01,NC-Charlotte,70.1,NC
1988-10-01,NV-Las Vegas,69.19,NV
1988-10-01,NY-New York,85.14,NY
1988-10-01,OH-Cleveland,60.84,OH
1988-10-01,OR-Portland,44.02,OR
1988-10-01,TX-Dallas,,TX
1988-10-01,WA-Seattle,,WA
1988-10-01,Composite-10,76.9,Composite
1988-10-01,Composite-20,,Composite
1988-10-01,National-US,72.83,National
1988-11-01,AZ-Phoenix,,AZ
1988-11-01,CA-Los Angeles,84.69,CA
1988-11-01,CA-San Diego,68.62,CA
1988-11-01,CA-San Francisco,61.31,CA
1988-11-01,CO-Denver,47.86,CO
1988-11-01,DC-Washington,84.68,DC
1988-11-01,FL-Miami,76.09,FL
1988-11-01,FL-Tampa,80.61,FL
1988-11-01,GA-Atlanta,,GA
1988-11-01,IL-Chicago,68.27,IL
1988-11-01,MA-Boston,75.01,MA
1988-11-01,MI-Detroit,,MI
1988-11-01,MN-Minneapolis,,MN
1988-11-01,NC-Charlotte,69.56,NC
1988-11-01,NV-Las Vegas,68.64,NV
1988-11-01,NY-New York,84.82,NY
1988-11-01,OH-Cleveland,60.88,OH
1988-11-01,OR-Portland,44.05,OR
1988-11-01,TX-Dallas,,TX
1988-11-01,WA-Seattle,,WA
1988-11-01,Composite-10,77.28,Composite
1988-11-01,Composite-20,,Composite
1988-11-01,National-US,73.07,National
1988-12-01,AZ-Phoenix,,AZ
1988-12-01,CA-Los Angeles,85.97,CA
1988-12-01,CA-San Diego,69.84,CA
1988-12-01,CA-San Francisco,62.2,CA
1988-12-01,CO-Denver,47.36,CO
1988-12-01,DC-Washington,85.74,DC
1988-12-01,FL-Miami,76.19,FL
1988-12-01,FL-Tampa,80.74,FL
1988-12-01,GA-Atlanta,,GA
1988-12-01,IL-Chicago,67.7,IL
1988-12-01,MA-Boston,74.79,MA
1988-12-01,MI-Detroit,,MI
1988-12-01,MN-Minneapolis,,MN
1988-12-01,NC-Charlotte,69.7,NC
1988-12-01,NV-Las Vegas,67.98,NV
1988-12-01,NY-New York,84.33,NY
1988-12-01,OH-Cleveland,61.06,OH
1988-12-01,OR-Portland,44.24,OR
1988-12-01,TX-Dallas,,TX
1988-12-01,WA-Seattle,,WA
1988-12-01,Composite-10,77.58,Composite
1988-12-01,Composite-20,,Composite
1988-12-01,National-US,73.29,National
1989-01-01,AZ-Phoenix,67.54,AZ
1989-01-01,CA-Los Angeles,87.3,CA
1989-01-01,CA-San Diego,70.96,CA
1989-01-01,CA-San Francisco,62.66,CA
1989-01-01,CO-Denver,47.23,CO
1989-01-01,DC-Washington,86.5,DC
1989-01-01,FL-Miami,76.59,FL
1989-01-01,FL-Tampa,80.41,FL
1989-01-01,GA-Atlanta,,GA
1989-01-01,IL-Chicago,67.46,IL
1989-01-01,MA-Boston,74.23,MA
1989-01-01,MI-Detroit,,MI
1989-01-01,MN-Minneapolis,63.13,MN
1989-01-01,NC-Charlotte,69.76,NC
1989-01-01,NV-Las Vegas,68.73,NV
1989-01-01,NY-New York,84.32,NY
1989-01-01,OH-Cleveland,61.41,OH
1989-01-01,OR-Portland,44.26,OR
1989-01-01,TX-Dallas,,TX
1989-01-01,WA-Seattle,,WA
1989-01-01,Composite-10,77.99,Composite
1989-01-01,Composite-20,,Composite
1989-01-01,National-US,73.62,National
1989-02-01,AZ-Phoenix,67.43,AZ
1989-02-01,CA-Los Angeles,88.28,CA
1989-02-01,CA-San Diego,72.27,CA
1989-02-01,CA-San Francisco,63.32,CA
1989-02-01,CO-Denver,47.21,CO
1989-02-01,DC-Washington,87.34,DC
1989-02-01,FL-Miami,76.82,FL
1989-02-01,FL-Tampa,80.73,FL
1989-02-01,GA-Atlanta,,GA
1989-02-01,IL-Chicago,68.32,IL
1989-02-01,MA-Boston,74.59,MA
1989-02-01,MI-Detroit,,MI
1989-02-01,MN-Minneapolis,62.81,MN
1989-02-01,NC-Charlotte,70.23,NC
1989-02-01,NV-Las Vegas,69.11,NV
1989-02-01,NY-New York,83.77,NY
1989-02-01,OH-Cleveland,61.25,OH
1989-02-01,OR-Portland,44.57,OR
1989-02-01,TX-Dallas,,TX
1989-02-01,WA-Seattle,,WA
1989-02-01,Composite-10,78.36,Composite
1989-02-01,Composite-20,,Composite
1989-02-01,National-US,73.97,National
1989-03-01,AZ-Phoenix,67.71,AZ
1989-03-01,CA-Los Angeles,90.34,CA
1989-03-01,CA-San Diego,73.92,CA
1989-03-01,CA-San Francisco,64.64,CA
1989-03-01,CO-Denver,47.33,CO
1989-03-01,DC-Washington,88.14,DC
1989-03-01,FL-Miami,77.0,FL
1989-03-01,FL-Tampa,81.57,FL
1989-03-01,GA-Atlanta,,GA
1989-03-01,IL-Chicago,69.93,IL
1989-03-01,MA-Boston,74.48,MA
1989-03-01,MI-Detroit,,MI
1989-03-01,MN-Minneapolis,62.43,MN
1989-03-01,NC-Charlotte,70.52,NC
1989-03-01,NV-Las Vegas,69.97,NV
1989-03-01,NY-New York,83.27,NY
1989-03-01,OH-Cleveland,61.37,OH
1989-03-01,OR-Portland,44.56,OR
1989-03-01,TX-Dallas,,TX
1989-03-01,WA-Seattle,,WA
1989-03-01,Composite-10,79.12,Composite
1989-03-01,Composite-20,,Composite
1989-03-01,National-US,74.41,National
1989-04-01,AZ-Phoenix,67.65,AZ
1989-04-01,CA-Los Angeles,92.11,CA
1989-04-01,CA-San Diego,75.45,CA
1989-04-01,CA-San Francisco,66.27,CA
1989-04-01,CO-Denver,47.33,CO
1989-04-01,DC-Washington,88.99,DC
1989-04-01,FL-Miami,77.32,FL
1989-04-01,FL-Tampa,81.8,FL
1989-04-01,GA-Atlanta,,GA
1989-04-01,IL-Chicago,70.68,IL
1989-04-01,MA-Boston,74.63,MA
1989-04-01,MI-Detroit,,MI
1989-04-01,MN-Minneapolis,63.03,MN
1989-04-01,NC-Charlotte,70.67,NC
1989-04-01,NV-Las Vegas,69.61,NV
1989-04-01,NY-New York,82.94,NY
1989-04-01,OH-Cleveland,61.57,OH
1989-04-01,OR-Portland,45.0,OR
1989-04-01,TX-Dallas,,TX
1989-04-01,WA-Seattle,,WA
1989-04-01,Composite-10,79.83,Composite
1989-04-01,Composite-20,,Composite
1989-04-01,National-US,74.87,National
1989-05-01,AZ-Phoenix,67.9,AZ
1989-05-01,CA-Los Angeles,93.98,CA
1989-05-01,CA-San Diego,76.83,CA
1989-05-01,CA-San Francisco,67.77,CA
1989-05-01,CO-Denver,47.49,CO
1989-05-01,DC-Washington,89.62,DC
1989-05-01,FL-Miami,77.19,FL
1989-05-01,FL-Tampa,82.34,FL
1989-05-01,GA-Atlanta,,GA
1989-05-01,IL-Chicago,70.48,IL
1989-05-01,MA-Boston,74.73,MA
1989-05-01,MI-Detroit,,MI
1989-05-01,MN-Minneapolis,63.31,MN
1989-05-01,NC-Charlotte,71.13,NC
1989-05-01,NV-Las Vegas,69.64,NV
1989-05-01,NY-New York,82.97,NY
1989-05-01,OH-Cleveland,62.63,OH
1989-05-01,OR-Portland,45.44,OR
1989-05-01,TX-Dallas,,TX
1989-05-01,WA-Seattle,,WA
1989-05-01,Composite-10,80.52,Composite
1989-05-01,Composite-20,,Composite
1989-05-01,National-US,75.3,National
1989-06-01,AZ-Phoenix,67.66,AZ
1989-06-01,CA-Los Angeles,95.55,CA
1989-06-01,CA-San Diego,78.31,CA
1989-06-01,CA-San Francisco,69.26,CA
1989-06-01,CO-Denver,47.73,CO
1989-06-01,DC-Washington,90.48,DC
1989-06-01,FL-Miami,77.68,FL
1989-06-01,FL-Tampa,82.06,FL
1989-06-01,GA-Atlanta,,GA
1989-06-01,IL-Chicago,70.91,IL
1989-06-01,MA-Boston,74.63,MA
1989-06-01,MI-Detroit,,MI
1989-06-01,MN-Minneapolis,63.89,MN
1989-06-01,NC-Charlotte,71.52,NC
1989-06-01,NV-Las Vegas,71.19,NV
1989-06-01,NY-New York,82.95,NY
1989-06-01,OH-Cleveland,63.13,OH
1989-06-01,OR-Portland,46.1,OR
1989-06-01,TX-Dallas,,TX
1989-06-01,WA-Seattle,,WA
1989-06-01,Composite-10,81.24,Composite
1989-06-01,Composite-20,,Composite
1989-06-01,National-US,75.7,National
1989-07-01,AZ-Phoenix,67.56,AZ
1989-07-01,CA-Los Angeles,96.71,CA
1989-07-01,CA-San Diego,79.36,CA
1989-07-01,CA-San Francisco,70.27,CA
1989-07-01,CO-Denver,47.64,CO
1989-07-01,DC-Washington,91.26,DC
1989-07-01,FL-Miami,78.05,FL
1989-07-01,FL-Tampa,82.13,FL
1989-07-01,GA-Atlanta,,GA
1989-07-01,IL-Chicago,70.89,IL
1989-07-01,MA-Boston,74.68,MA
1989-07-01,MI-Detroit,,MI
1989-07-01,MN-Minneapolis,63.85,MN
1989-07-01,NC-Charlotte,71.79,NC
1989-07-01,NV-Las Vegas,71.56,NV
1989-07-01,NY-New York,82.67,NY
1989-07-01,OH-Cleveland,63.78,OH
1989-07-01,OR-Portland,46.5,OR
1989-07-01,TX-Dallas,,TX
1989-07-01,WA-Seattle,,WA
1989-07-01,Composite-10,81.66,Composite
1989-07-01,Composite-20,,Composite
1989-07-01,National-US,76.05,National
1989-08-01,AZ-Phoenix,67.28,AZ
1989-08-01,CA-Los Angeles,97.51,CA
1989-08-01,CA-San Diego,80.56,CA
1989-08-01,CA-San Francisco,71.36,CA
1989-08-01,CO-Denver,47.78,CO
1989-08-01,DC-Washington,91.84,DC
1989-08-01,FL-Miami,78.56,FL
1989-08-01,FL-Tampa,81.5,FL
1989-08-01,GA-Atlanta,,GA
1989-08-01,IL-Chicago,71.31,IL
1989-08-01,MA-Boston,74.07,MA
1989-08-01,MI-Detroit,,MI
1989-08-01,MN-Minneapolis,64.07,MN
1989-08-01,NC-Charlotte,71.92,NC
1989-08-01,NV-Las Vegas,72.65,NV
1989-08-01,NY-New York,82.63,NY
1989-08-01,OH-Cleveland,64.59,OH
1989-08-01,OR-Portland,46.97,OR
1989-08-01,TX-Dallas,,TX
1989-08-01,WA-Seattle,,WA
1989-08-01,Composite-10,82.08,Composite
1989-08-01,Composite-20,,Composite
1989-08-01,National-US,76.28,National
1989-09-01,AZ-Phoenix,67.14,AZ
1989-09-01,CA-Los Angeles,97.99,CA
1989-09-01,CA-San Diego,81.58,CA
1989-09-01,CA-San Francisco,72.31,CA
1989-09-01,CO-Denver,47.8,CO
1989-09-01,DC-Washington,92.35,DC
1989-09-01,FL-Miami,78.58,FL
1989-09-01,FL-Tampa,81.77,FL
1989-09-01,GA-Atlanta,,GA
1989-09-01,IL-Chicago,70.88,IL
1989-09-01,MA-Boston,73.71,MA
1989-09-01,MI-Detroit,,MI
1989-09-01,MN-Minneapolis,64.0,MN
1989-09-01,NC-Charlotte,71.9,NC
1989-09-01,NV-Las Vegas,73.41,NV
1989-09-01,NY-New York,82.38,NY
1989-09-01,OH-Cleveland,65.04,OH
1989-09-01,OR-Portland,47.26,OR
1989-09-01,TX-Dallas,,TX
1989-09-01,WA-Seattle,,WA
1989-09-01,Composite-10,82.25,Composite
1989-09-01,Composite-20,,Composite
1989-09-01,National-US,76.43,National
1989-10-01,AZ-Phoenix,66.68,AZ
1989-10-01,CA-Los Angeles,98.55,CA
1989-10-01,CA-San Diego,82.44,CA
1989-10-01,CA-San Francisco,72.95,CA
1989-10-01,CO-Denver,48.12,CO
1989-10-01,DC-Washington,92.45,DC
1989-10-01,FL-Miami,78.62,FL
1989-10-01,FL-Tampa,82.0,FL
1989-10-01,GA-Atlanta,,GA
1989-10-01,IL-Chicago,70.36,IL
1989-10-01,MA-Boston,73.38,MA
1989-10-01,MI-Detroit,,MI
1989-10-01,MN-Minneapolis,64.21,MN
1989-10-01,NC-Charlotte,72.05,NC
1989-10-01,NV-Las Vegas,74.27,NV
1989-10-01,NY-New York,82.36,NY
1989-10-01,OH-Cleveland,65.23,OH
1989-10-01,OR-Portland,47.67,OR
1989-10-01,TX-Dallas,,TX
1989-10-01,WA-Seattle,,WA
1989-10-01,Composite-10,82.44,Composite
1989-10-01,Composite-20,,Composite
1989-10-01,National-US,76.49,National
1989-11-01,AZ-Phoenix,66.52,AZ
1989-11-01,CA-Los Angeles,99.29,CA
1989-11-01,CA-San Diego,83.0,CA
1989-11-01,CA-San Francisco,73.25,CA
1989-11-01,CO-Denver,48.18,CO
1989-11-01,DC-Washington,92.45,DC
1989-11-01,FL-Miami,78.51,FL
1989-11-01,FL-Tampa,82.29,FL
1989-11-01,GA-Atlanta,,GA
1989-11-01,IL-Chicago,69.57,IL
1989-11-01,MA-Boston,73.31,MA
1989-11-01,MI-Detroit,,MI
1989-11-01,MN-Minneapolis,64.42,MN
1989-11-01,NC-Charlotte,72.16,NC
1989-11-01,NV-Las Vegas,74.74,NV
1989-11-01,NY-New York,81.85,NY
1989-11-01,OH-Cleveland,64.74,OH
1989-11-01,OR-Portland,47.88,OR
1989-11-01,TX-Dallas,,TX
1989-11-01,WA-Seattle,,WA
1989-11-01,Composite-10,82.43,Composite
1989-11-01,Composite-20,,Composite
1989-11-01,National-US,76.52,National
1989-12-01,AZ-Phoenix,66.41,AZ
1989-12-01,CA-Los Angeles,99.88,CA
1989-12-01,CA-San Diego,83.55,CA
1989-12-01,CA-San Francisco,73.02,CA
1989-12-01,CO-Denver,48.06,CO
1989-12-01,DC-Washington,92.64,DC
1989-12-01,FL-Miami,78.74,FL
1989-12-01,FL-Tampa,82.05,FL
1989-12-01,GA-Atlanta,,GA
1989-12-01,IL-Chicago,68.91,IL
1989-12-01,MA-Boston,73.02,MA
1989-12-01,MI-Detroit,,MI
1989-12-01,MN-Minneapolis,64.35,MN
1989-12-01,NC-Charlotte,72.48,NC
1989-12-01,NV-Las Vegas,74.99,NV
1989-12-01,NY-New York,81.32,NY
1989-12-01,OH-Cleveland,64.94,OH
1989-12-01,OR-Portland,48.67,OR
1989-12-01,TX-Dallas,,TX
1989-12-01,WA-Seattle,,WA
1989-12-01,Composite-10,82.35,Composite
1989-12-01,Composite-20,,Composite
1989-12-01,National-US,76.5,National
1990-01-01,AZ-Phoenix,66.56,AZ
1990-01-01,CA-Los Angeles,100.23,CA
1990-01-01,CA-San Diego,83.77,CA
1990-01-01,CA-San Francisco,72.87,CA
1990-01-01,CO-Denver,47.98,CO
1990-01-01,DC-Washington,92.99,DC
1990-01-01,FL-Miami,79.2,FL
1990-01-01,FL-Tampa,82.26,FL
1990-01-01,GA-Atlanta,,GA
1990-01-01,IL-Chicago,68.5,IL
1990-01-01,MA-Boston,72.76,MA
1990-01-01,MI-Detroit,,MI
1990-01-01,MN-Minneapolis,63.84,MN
1990-01-01,NC-Charlotte,72.69,NC
1990-01-01,NV-Las Vegas,75.46,NV
1990-01-01,NY-New York,80.89,NY
1990-01-01,OH-Cleveland,64.78,OH
1990-01-01,OR-Portland,49.42,OR
1990-01-01,TX-Dallas,,TX
1990-01-01,WA-Seattle,58.23,WA
1990-01-01,Composite-10,82.29,Composite
1990-01-01,Composite-20,,Composite
1990-01-01,National-US,76.53,National
1990-02-01,AZ-Phoenix,66.51,AZ
1990-02-01,CA-Los Angeles,100.15,CA
1990-02-01,CA-San Diego,84.08,CA
1990-02-01,CA-San Francisco,72.95,CA
1990-02-01,CO-Denver,48.08,CO
1990-02-01,DC-Washington,93.18,DC
1990-02-01,FL-Miami,79.48,FL
1990-02-01,FL-Tampa,82.42,FL
1990-02-01,GA-Atlanta,,GA
1990-02-01,IL-Chicago,68.06,IL
1990-02-01,MA-Boston,72.28,MA
1990-02-01,MI-Detroit,,MI
1990-02-01,MN-Minneapolis,63.66,MN
1990-02-01,NC-Charlotte,72.92,NC
1990-02-01,NV-Las Vegas,75.14,NV
1990-02-01,NY-New York,80.53,NY
1990-02-01,OH-Cleveland,65.13,OH
1990-02-01,OR-Portland,50.27,OR
1990-02-01,TX-Dallas,,TX
1990-02-01,WA-Seattle,59.98,WA
1990-02-01,Composite-10,82.15,Composite
1990-02-01,Composite-20,,Composite
1990-02-01,National-US,76.59,National
1990-03-01,AZ-Phoenix,66.44,AZ
1990-03-01,CA-Los Angeles,100.02,CA
1990-03-01,CA-San Diego,84.43,CA
1990-03-01,CA-San Francisco,73.5,CA
1990-03-01,CO-Denver,48.29,CO
1990-03-01,DC-Washington,93.02,DC
1990-03-01,FL-Miami,79.3,FL
1990-03-01,FL-Tampa,83.03,FL
1990-03-01,GA-Atlanta,,GA
1990-03-01,IL-Chicago,68.68,IL
1990-03-01,MA-Boston,71.19,MA
1990-03-01,MI-Detroit,,MI
1990-03-01,MN-Minneapolis,63.98,MN
1990-03-01,NC-Charlotte,72.99,NC
1990-03-01,NV-Las Vegas,76.08,NV
1990-03-01,NY-New York,79.99,NY
1990-03-01,OH-Cleveland,65.44,OH
1990-03-01,OR-Portland,50.25,OR
1990-03-01,TX-Dallas,,TX
1990-03-01,WA-Seattle,62.29,WA
1990-03-01,Composite-10,82.02,Composite
1990-03-01,Composite-20,,Composite
1990-03-01,National-US,76.79,National
1990-04-01,AZ-Phoenix,66.48,AZ
1990-04-01,CA-Los Angeles,99.99,CA
1990-04-01,CA-San Diego,85.09,CA
1990-04-01,CA-San Francisco,74.57,CA
1990-04-01,CO-Denver,48.4,CO
1990-04-01,DC-Washington,93.22,DC
1990-04-01,FL-Miami,79.24,FL
1990-04-01,FL-Tampa,82.64,FL
1990-04-01,GA-Atlanta,,GA
1990-04-01,IL-Chicago,69.43,IL
1990-04-01,MA-Boston,70.91,MA
1990-04-01,MI-Detroit,,MI
1990-04-01,MN-Minneapolis,64.44,MN
1990-04-01,NC-Charlotte,73.18,NC
1990-04-01,NV-Las Vegas,76.77,NV
1990-04-01,NY-New York,79.34,NY
1990-04-01,OH-Cleveland,66.51,OH
1990-04-01,OR-Portland,51.09,OR
1990-04-01,TX-Dallas,,TX
1990-04-01,WA-Seattle,65.09,WA
1990-04-01,Composite-10,82.05,Composite
1990-04-01,Composite-20,,Composite
1990-04-01,National-US,77.04,National
1990-05-01,AZ-Phoenix,66.44,AZ
1990-05-01,CA-Los Angeles,99.79,CA
1990-05-01,CA-San Diego,85.53,CA
1990-05-01,CA-San Francisco,75.12,CA
1990-05-01,CO-Denver,48.4,CO
1990-05-01,DC-Washington,93.01,DC
1990-05-01,FL-Miami,79.33,FL
1990-05-01,FL-Tampa,82.76,FL
1990-05-01,GA-Atlanta,,GA
1990-05-01,IL-Chicago,69.97,IL
1990-05-01,MA-Boston,70.42,MA
1990-05-01,MI-Detroit,,MI
1990-05-01,MN-Minneapolis,64.73,MN
1990-05-01,NC-Charlotte,73.5,NC
1990-05-01,NV-Las Vegas,77.59,NV
1990-05-01,NY-New York,79.05,NY
1990-05-01,OH-Cleveland,67.07,OH
1990-05-01,OR-Portland,51.89,OR
1990-05-01,TX-Dallas,,TX
1990-05-01,WA-Seattle,66.82,WA
1990-05-01,Composite-10,82.01,Composite
1990-05-01,Composite-20,,Composite
1990-05-01,National-US,77.3,National
1990-06-01,AZ-Phoenix,66.56,AZ
1990-06-01,CA-Los Angeles,100.24,CA
1990-06-01,CA-San Diego,86.01,CA
1990-06-01,CA-San Francisco,75.15,CA
1990-06-01,CO-Denver,48.75,CO
1990-06-01,DC-Washington,92.95,DC
1990-06-01,FL-Miami,79.78,FL
1990-06-01,FL-Tampa,82.57,FL
1990-06-01,GA-Atlanta,,GA
1990-06-01,IL-Chicago,70.62,IL
1990-06-01,MA-Boston,70.14,MA
1990-06-01,MI-Detroit,,MI
1990-06-01,MN-Minneapolis,64.72,MN
1990-06-01,NC-Charlotte,74.1,NC
1990-06-01,NV-Las Vegas,78.34,NV
1990-06-01,NY-New York,78.96,NY
1990-06-01,OH-Cleveland,67.94,OH
1990-06-01,OR-Portland,53.54,OR
1990-06-01,TX-Dallas,,TX
1990-06-01,WA-Seattle,68.06,WA
1990-06-01,Composite-10,82.19,Composite
1990-06-01,Composite-20,,Composite
1990-06-01,National-US,77.5,National
1990-07-01,AZ-Phoenix,66.61,AZ
1990-07-01,CA-Los Angeles,100.05,CA
1990-07-01,CA-San Diego,86.02,CA
1990-07-01,CA-San Francisco,74.81,CA
1990-07-01,CO-Denver,48.84,CO
1990-07-01,DC-Washington,92.81,DC
1990-07-01,FL-Miami,80.03,FL
1990-07-01,FL-Tampa,82.84,FL
1990-07-01,GA-Atlanta,,GA
1990-07-01,IL-Chicago,71.23,IL
1990-07-01,MA-Boston,69.84,MA
1990-07-01,MI-Detroit,,MI
1990-07-01,MN-Minneapolis,64.63,MN
1990-07-01,NC-Charlotte,74.12,NC
1990-07-01,NV-Las Vegas,79.53,NV
1990-07-01,NY-New York,78.78,NY
1990-07-01,OH-Cleveland,68.46,OH
1990-07-01,OR-Portland,54.72,OR
1990-07-01,TX-Dallas,,TX
1990-07-01,WA-Seattle,68.3,WA
1990-07-01,Composite-10,82.1,Composite
1990-07-01,Composite-20,,Composite
1990-07-01,National-US,77.56,National
1990-08-01,AZ-Phoenix,66.58,AZ
1990-08-01,CA-Los Angeles,99.99,CA
1990-08-01,CA-San Diego,85.86,CA
1990-08-01,CA-San Francisco,74.45,CA
1990-08-01,CO-Denver,48.99,CO
1990-08-01,DC-Washington,92.35,DC
1990-08-01,FL-Miami,80.11,FL
1990-08-01,FL-Tampa,82.67,FL
1990-08-01,GA-Atlanta,,GA
1990-08-01,IL-Chicago,71.48,IL
1990-08-01,MA-Boston,69.56,MA
1990-08-01,MI-Detroit,,MI
1990-08-01,MN-Minneapolis,64.34,MN
1990-08-01,NC-Charlotte,74.33,NC
1990-08-01,NV-Las Vegas,80.95,NV
1990-08-01,NY-New York,78.21,NY
1990-08-01,OH-Cleveland,68.95,OH
1990-08-01,OR-Portland,56.02,OR
1990-08-01,TX-Dallas,,TX
1990-08-01,WA-Seattle,68.61,WA
1990-08-01,Composite-10,81.86,Composite
1990-08-01,Composite-20,,Composite
1990-08-01,National-US,77.47,National
1990-09-01,AZ-Phoenix,66.25,AZ
1990-09-01,CA-Los Angeles,99.26,CA
1990-09-01,CA-San Diego,85.76,CA
1990-09-01,CA-San Francisco,74.24,CA
1990-09-01,CO-Denver,48.98,CO
1990-09-01,DC-Washington,91.81,DC
1990-09-01,FL-Miami,79.94,FL
1990-09-01,FL-Tampa,82.17,FL
1990-09-01,GA-Atlanta,,GA
1990-09-01,IL-Chicago,71.61,IL
1990-09-01,MA-Boston,69.3,MA
1990-09-01,MI-Detroit,,MI
1990-09-01,MN-Minneapolis,64.26,MN
1990-09-01,NC-Charlotte,74.09,NC
1990-09-01,NV-Las Vegas,81.64,NV
1990-09-01,NY-New York,77.41,NY
1990-09-01,OH-Cleveland,69.11,OH
1990-09-01,OR-Portland,57.02,OR
1990-09-01,TX-Dallas,,TX
1990-09-01,WA-Seattle,68.13,WA
1990-09-01,Composite-10,81.39,Composite
1990-09-01,Composite-20,,Composite
1990-09-01,National-US,77.22,National
1990-10-01,AZ-Phoenix,65.93,AZ
1990-10-01,CA-Los Angeles,98.66,CA
1990-10-01,CA-San Diego,85.32,CA
1990-10-01,CA-San Francisco,73.44,CA
1990-10-01,CO-Denver,48.86,CO
1990-10-01,DC-Washington,91.48,DC
1990-10-01,FL-Miami,79.67,FL
1990-10-01,FL-Tampa,81.73,FL
1990-10-01,GA-Atlanta,,GA
1990-10-01,IL-Chicago,70.99,IL
1990-10-01,MA-Boston,68.72,MA
1990-10-01,MI-Detroit,,MI
1990-10-01,MN-Minneapolis,64.51,MN
1990-10-01,NC-Charlotte,74.12,NC
1990-10-01,NV-Las Vegas,82.41,NV
1990-10-01,NY-New York,76.8,NY
1990-10-01,OH-Cleveland,68.97,OH
1990-10-01,OR-Portland,57.39,OR
1990-10-01,TX-Dallas,,TX
1990-10-01,WA-Seattle,67.59,WA
1990-10-01,Composite-10,80.84,Composite
1990-10-01,Composite-20,,Composite
1990-10-01,National-US,76.91,National
1990-11-01,AZ-Phoenix,65.41,AZ
1990-11-01,CA-Los Angeles,97.36,CA
1990-11-01,CA-San Diego,84.98,CA
1990-11-01,CA-San Francisco,72.58,CA
1990-11-01,CO-Denver,48.78,CO
1990-11-01,DC-Washington,91.08,DC
1990-11-01,FL-Miami,79.75,FL
1990-11-01,FL-Tampa,81.57,FL
1990-11-01,GA-Atlanta,,GA
1990-11-01,IL-Chicago,70.73,IL
1990-11-01,MA-Boston,67.36,MA
1990-11-01,MI-Detroit,,MI
1990-11-01,MN-Minneapolis,64.4,MN
1990-11-01,NC-Charlotte,73.36,NC
1990-11-01,NV-Las Vegas,81.85,NV
1990-11-01,NY-New York,76.14,NY
1990-11-01,OH-Cleveland,68.86,OH
1990-11-01,OR-Portland,57.27,OR
1990-11-01,TX-Dallas,,TX
1990-11-01,WA-Seattle,66.88,WA
1990-11-01,Composite-10,80.09,Composite
1990-11-01,Composite-20,,Composite
1990-11-01,National-US,76.37,National
1990-12-01,AZ-Phoenix,65.36,AZ
1990-12-01,CA-Los Angeles,96.54,CA
1990-12-01,CA-San Diego,83.93,CA
1990-12-01,CA-San Francisco,71.47,CA
1990-12-01,CO-Denver,48.53,CO
1990-12-01,DC-Washington,90.74,DC
1990-12-01,FL-Miami,79.41,FL
1990-12-01,FL-Tampa,81.71,FL
1990-12-01,GA-Atlanta,,GA
1990-12-01,IL-Chicago,70.08,IL
1990-12-01,MA-Boston,66.13,MA
1990-12-01,MI-Detroit,,MI
1990-12-01,MN-Minneapolis,64.5,MN
1990-12-01,NC-Charlotte,73.46,NC
1990-12-01,NV-Las Vegas,81.78,NV
1990-12-01,NY-New York,75.6,NY
1990-12-01,OH-Cleveland,68.52,OH
1990-12-01,OR-Portland,56.72,OR
1990-12-01,TX-Dallas,,TX
1990-12-01,WA-Seattle,66.38,WA
1990-12-01,Composite-10,79.38,Composite
1990-12-01,Composite-20,,Composite
1990-12-01,National-US,75.97,National
1991-01-01,AZ-Phoenix,65.26,AZ
1991-01-01,CA-Los Angeles,95.28,CA
1991-01-01,CA-San Diego,83.13,CA
1991-01-01,CA-San Francisco,71.17,CA
1991-01-01,CO-Denver,48.67,CO
1991-01-01,DC-Washington,89.38,DC
1991-01-01,FL-Miami,79.08,FL
1991-01-01,FL-Tampa,81.75,FL
1991-01-01,GA-Atlanta,69.61,GA
1991-01-01,IL-Chicago,70.04,IL
1991-01-01,MA-Boston,64.97,MA
1991-01-01,MI-Detroit,58.24,MI
1991-01-01,MN-Minneapolis,64.21,MN
1991-01-01,NC-Charlotte,73.32,NC
1991-01-01,NV-Las Vegas,80.96,NV
1991-01-01,NY-New York,74.59,NY
1991-01-01,OH-Cleveland,68.24,OH
1991-01-01,OR-Portland,56.53,OR
1991-01-01,TX-Dallas,,TX
1991-01-01,WA-Seattle,65.53,WA
1991-01-01,Composite-10,78.53,Composite
1991-01-01,Composite-20,,Composite
1991-01-01,National-US,75.53,National
1991-02-01,AZ-Phoenix,65.29,AZ
1991-02-01,CA-Los Angeles,94.12,CA
1991-02-01,CA-San Diego,81.87,CA
1991-02-01,CA-San Francisco,70.27,CA
1991-02-01,CO-Denver,48.68,CO
1991-02-01,DC-Washington,88.8,DC
1991-02-01,FL-Miami,78.55,FL
1991-02-01,FL-Tampa,81.76,FL
1991-02-01,GA-Atlanta,69.17,GA
1991-02-01,IL-Chicago,70.5,IL
1991-02-01,MA-Boston,64.17,MA
1991-02-01,MI-Detroit,57.76,MI
1991-02-01,MN-Minneapolis,64.2,MN
1991-02-01,NC-Charlotte,73.26,NC
1991-02-01,NV-Las Vegas,81.58,NV
1991-02-01,NY-New York,73.69,NY
1991-02-01,OH-Cleveland,67.96,OH
1991-02-01,OR-Portland,56.94,OR
1991-02-01,TX-Dallas,,TX
1991-02-01,WA-Seattle,64.6,WA
1991-02-01,Composite-10,77.77,Composite
1991-02-01,Composite-20,,Composite
1991-02-01,National-US,75.25,National
1991-03-01,AZ-Phoenix,64.6,AZ
1991-03-01,CA-Los Angeles,92.83,CA
1991-03-01,CA-San Diego,80.89,CA
1991-03-01,CA-San Francisco,69.56,CA
1991-03-01,CO-Denver,48.85,CO
1991-03-01,DC-Washington,87.59,DC
1991-03-01,FL-Miami,78.44,FL
1991-03-01,FL-Tampa,81.43,FL
1991-03-01,GA-Atlanta,69.05,GA
1991-03-01,IL-Chicago,70.63,IL
1991-03-01,MA-Boston,63.57,MA
1991-03-01,MI-Detroit,57.63,MI
1991-03-01,MN-Minneapolis,64.19,MN
1991-03-01,NC-Charlotte,72.75,NC
1991-03-01,NV-Las Vegas,81.65,NV
1991-03-01,NY-New York,72.87,NY
1991-03-01,OH-Cleveland,68.18,OH
1991-03-01,OR-Portland,58.03,OR
1991-03-01,TX-Dallas,,TX
1991-03-01,WA-Seattle,64.47,WA
1991-03-01,Composite-10,77.0,Composite
1991-03-01,Composite-20,,Composite
1991-03-01,National-US,75.14,National
1991-04-01,AZ-Phoenix,64.35,AZ
1991-04-01,CA-Los Angeles,92.83,CA
1991-04-01,CA-San Diego,80.73,CA
1991-04-01,CA-San Francisco,69.46,CA
1991-04-01,CO-Denver,49.2,CO
1991-04-01,DC-Washington,87.56,DC
1991-04-01,FL-Miami,78.55,FL
1991-04-01,FL-Tampa,81.46,FL
1991-04-01,GA-Atlanta,69.4,GA
1991-04-01,IL-Chicago,71.09,IL
1991-04-01,MA-Boston,63.35,MA
1991-04-01,MI-Detroit,57.85,MI
1991-04-01,MN-Minneapolis,64.3,MN
1991-04-01,NC-Charlotte,72.88,NC
1991-04-01,NV-Las Vegas,81.67,NV
1991-04-01,NY-New York,72.29,NY
1991-04-01,OH-Cleveland,69.1,OH
1991-04-01,OR-Portland,58.39,OR
1991-04-01,TX-Dallas,,TX
1991-04-01,WA-Seattle,65.09,WA
1991-04-01,Composite-10,76.86,Composite
1991-04-01,Composite-20,,Composite
1991-04-01,National-US,75.32,National
1991-05-01,AZ-Phoenix,64.37,AZ
1991-05-01,CA-Los Angeles,93.37,CA
1991-05-01,CA-San Diego,81.41,CA
1991-05-01,CA-San Francisco,70.13,CA
1991-05-01,CO-Denver,49.51,CO
1991-05-01,DC-Washington,88.61,DC
1991-05-01,FL-Miami,77.95,FL
1991-05-01,FL-Tampa,81.33,FL
1991-05-01,GA-Atlanta,69.69,GA
1991-05-01,IL-Chicago,71.36,IL
1991-05-01,MA-Boston,63.84,MA
1991-05-01,MI-Detroit,58.36,MI
1991-05-01,MN-Minneapolis,64.75,MN
1991-05-01,NC-Charlotte,73.26,NC
1991-05-01,NV-Las Vegas,82.02,NV
1991-05-01,NY-New York,72.63,NY
1991-05-01,OH-Cleveland,69.92,OH
1991-05-01,OR-Portland,58.9,OR
1991-05-01,TX-Dallas,,TX
1991-05-01,WA-Seattle,66.03,WA
1991-05-01,Composite-10,77.31,Composite
1991-05-01,Composite-20,,Composite
1991-05-01,National-US,75.77,National
1991-06-01,AZ-Phoenix,64.88,AZ
1991-06-01,CA-Los Angeles,94.25,CA
1991-06-01,CA-San Diego,82.2,CA
1991-06-01,CA-San Francisco,70.83,CA
1991-06-01,CO-Denver,50.09,CO
1991-06-01,DC-Washington,89.28,DC
1991-06-01,FL-Miami,78.49,FL
1991-06-01,FL-Tampa,81.77,FL
1991-06-01,GA-Atlanta,70.14,GA
1991-06-01,IL-Chicago,71.66,IL
1991-06-01,MA-Boston,64.25,MA
1991-06-01,MI-Detroit,58.9,MI
1991-06-01,MN-Minneapolis,64.95,MN
1991-06-01,NC-Charlotte,73.49,NC
1991-06-01,NV-Las Vegas,81.91,NV
1991-06-01,NY-New York,73.5,NY
1991-06-01,OH-Cleveland,70.55,OH
1991-06-01,OR-Portland,59.54,OR
1991-06-01,TX-Dallas,,TX
1991-06-01,WA-Seattle,66.68,WA
1991-06-01,Composite-10,78.02,Composite
1991-06-01,Composite-20,,Composite
1991-06-01,National-US,76.26,National
1991-07-01,AZ-Phoenix,65.5,AZ
1991-07-01,CA-Los Angeles,94.85,CA
1991-07-01,CA-San Diego,82.59,CA
1991-07-01,CA-San Francisco,71.39,CA
1991-07-01,CO-Denver,50.55,CO
1991-07-01,DC-Washington,89.57,DC
1991-07-01,FL-Miami,78.64,FL
1991-07-01,FL-Tampa,81.85,FL
1991-07-01,GA-Atlanta,70.12,GA
1991-07-01,IL-Chicago,72.16,IL
1991-07-01,MA-Boston,64.49,MA
1991-07-01,MI-Detroit,59.29,MI
1991-07-01,MN-Minneapolis,65.65,MN
1991-07-01,NC-Charlotte,73.61,NC
1991-07-01,NV-Las Vegas,83.35,NV
1991-07-01,NY-New York,74.39,NY
1991-07-01,OH-Cleveland,71.09,OH
1991-07-01,OR-Portland,59.89,OR
1991-07-01,TX-Dallas,,TX
1991-07-01,WA-Seattle,66.93,WA
1991-07-01,Composite-10,78.61,Composite
1991-07-01,Composite-20,,Composite
1991-07-01,National-US,76.51,National
1991-08-01,AZ-Phoenix,65.87,AZ
1991-08-01,CA-Los Angeles,95.21,CA
1991-08-01,CA-San Diego,82.47,CA
1991-08-01,CA-San Francisco,71.52,CA
1991-08-01,CO-Denver,50.86,CO
1991-08-01,DC-Washington,89.13,DC
1991-08-01,FL-Miami,79.56,FL
1991-08-01,FL-Tampa,82.1,FL
1991-08-01,GA-Atlanta,70.48,GA
1991-08-01,IL-Chicago,72.62,IL
1991-08-01,MA-Boston,64.79,MA
1991-08-01,MI-Detroit,59.65,MI
1991-08-01,MN-Minneapolis,65.94,MN
1991-08-01,NC-Charlotte,73.59,NC
1991-08-01,NV-Las Vegas,84.07,NV
1991-08-01,NY-New York,74.9,NY
1991-08-01,OH-Cleveland,71.31,OH
1991-08-01,OR-Portland,60.17,OR
1991-08-01,TX-Dallas,,TX
1991-08-01,WA-Seattle,67.04,WA
1991-08-01,Composite-10,78.93,Composite
1991-08-01,Composite-20,,Composite
1991-08-01,National-US,76.59,National
1991-09-01,AZ-Phoenix,66.04,AZ
1991-09-01,CA-Los Angeles,94.92,CA
1991-09-01,CA-San Diego,82.2,CA
1991-09-01,CA-San Francisco,71.55,CA
1991-09-01,CO-Denver,50.9,CO
1991-09-01,DC-Washington,88.82,DC
1991-09-01,FL-Miami,79.27,FL
1991-09-01,FL-Tampa,81.65,FL
1991-09-01,GA-Atlanta,70.35,GA
1991-09-01,IL-Chicago,72.59,IL
1991-09-01,MA-Boston,64.83,MA
1991-09-01,MI-Detroit,59.7,MI
1991-09-01,MN-Minneapolis,66.14,MN
1991-09-01,NC-Charlotte,73.38,NC
1991-09-01,NV-Las Vegas,85.46,NV
1991-09-01,NY-New York,75.06,NY
1991-09-01,OH-Cleveland,71.65,OH
1991-09-01,OR-Portland,60.2,OR
1991-09-01,TX-Dallas,,TX
1991-09-01,WA-Seattle,66.99,WA
1991-09-01,Composite-10,78.88,Composite
1991-09-01,Composite-20,,Composite
1991-09-01,National-US,76.58,National
1991-10-01,AZ-Phoenix,65.84,AZ
1991-10-01,CA-Los Angeles,94.51,CA
1991-10-01,CA-San Diego,82.02,CA
1991-10-01,CA-San Francisco,71.21,CA
1991-10-01,CO-Denver,50.99,CO
1991-10-01,DC-Washington,88.62,DC
1991-10-01,FL-Miami,79.31,FL
1991-10-01,FL-Tampa,81.52,FL
1991-10-01,GA-Atlanta,70.29,GA
1991-10-01,IL-Chicago,72.43,IL
1991-10-01,MA-Boston,64.71,MA
1991-10-01,MI-Detroit,59.84,MI
1991-10-01,MN-Minneapolis,65.73,MN
1991-10-01,NC-Charlotte,73.58,NC
1991-10-01,NV-Las Vegas,83.81,NV
1991-10-01,NY-New York,75.01,NY
1991-10-01,OH-Cleveland,71.52,OH
1991-10-01,OR-Portland,60.64,OR
1991-10-01,TX-Dallas,,TX
1991-10-01,WA-Seattle,66.48,WA
1991-10-01,Composite-10,78.68,Composite
1991-10-01,Composite-20,,Composite
1991-10-01,National-US,76.29,National
1991-11-01,AZ-Phoenix,66.1,AZ
1991-11-01,CA-Los Angeles,93.67,CA
1991-11-01,CA-San Diego,81.76,CA
1991-11-01,CA-San Francisco,70.69,CA
1991-11-01,CO-Denver,51.03,CO
1991-11-01,DC-Washington,88.75,DC
1991-11-01,FL-Miami,79.29,FL
1991-11-01,FL-Tampa,81.69,FL
1991-11-01,GA-Atlanta,70.09,GA
1991-11-01,IL-Chicago,72.23,IL
1991-11-01,MA-Boston,64.05,MA
1991-11-01,MI-Detroit,59.71,MI
1991-11-01,MN-Minneapolis,65.68,MN
1991-11-01,NC-Charlotte,73.52,NC
1991-11-01,NV-Las Vegas,81.98,NV
1991-11-01,NY-New York,74.84,NY
1991-11-01,OH-Cleveland,71.42,OH
1991-11-01,OR-Portland,60.59,OR
1991-11-01,TX-Dallas,,TX
1991-11-01,WA-Seattle,66.13,WA
1991-11-01,Composite-10,78.31,Composite
1991-11-01,Composite-20,,Composite
1991-11-01,National-US,76.04,National
1991-12-01,AZ-Phoenix,65.95,AZ
1991-12-01,CA-Los Angeles,93.01,CA
1991-12-01,CA-San Diego,81.14,CA
1991-12-01,CA-San Francisco,70.05,CA
1991-12-01,CO-Denver,51.08,CO
1991-12-01,DC-Washington,88.29,DC
1991-12-01,FL-Miami,79.09,FL
1991-12-01,FL-Tampa,81.75,FL
1991-12-01,GA-Atlanta,69.9,GA
1991-12-01,IL-Chicago,72.45,IL
1991-12-01,MA-Boston,63.69,MA
1991-12-01,MI-Detroit,59.78,MI
1991-12-01,MN-Minneapolis,65.81,MN
1991-12-01,NC-Charlotte,73.8,NC
1991-12-01,NV-Las Vegas,82.87,NV
1991-12-01,NY-New York,74.74,NY
1991-12-01,OH-Cleveland,71.0,OH
1991-12-01,OR-Portland,61.08,OR
1991-12-01,TX-Dallas,,TX
1991-12-01,WA-Seattle,65.7,WA
1991-12-01,Composite-10,77.99,Composite
1991-12-01,Composite-20,,Composite
1991-12-01,National-US,75.84,National
1992-01-01,AZ-Phoenix,66.01,AZ
1992-01-01,CA-Los Angeles,92.45,CA
1992-01-01,CA-San Diego,80.48,CA
1992-01-01,CA-San Francisco,69.67,CA
1992-01-01,CO-Denver,51.25,CO
1992-01-01,DC-Washington,88.25,DC
1992-01-01,FL-Miami,79.1,FL
1992-01-01,FL-Tampa,81.49,FL
1992-01-01,GA-Atlanta,70.05,GA
1992-01-01,IL-Chicago,72.71,IL
1992-01-01,MA-Boston,63.18,MA
1992-01-01,MI-Detroit,59.56,MI
1992-01-01,MN-Minneapolis,65.65,MN
1992-01-01,NC-Charlotte,73.58,NC
1992-01-01,NV-Las Vegas,82.85,NV
1992-01-01,NY-New York,74.59,NY
1992-01-01,OH-Cleveland,71.16,OH
1992-01-01,OR-Portland,61.4,OR
1992-01-01,TX-Dallas,,TX
1992-01-01,WA-Seattle,65.61,WA
1992-01-01,Composite-10,77.74,Composite
1992-01-01,Composite-20,,Composite
1992-01-01,National-US,75.7,National
1992-02-01,AZ-Phoenix,65.88,AZ
1992-02-01,CA-Los Angeles,91.97,CA
1992-02-01,CA-San Diego,79.87,CA
1992-02-01,CA-San Francisco,69.48,CA
1992-02-01,CO-Denver,51.94,CO
1992-02-01,DC-Washington,87.75,DC
1992-02-01,FL-Miami,78.51,FL
1992-02-01,FL-Tampa,80.4,FL
1992-02-01,GA-Atlanta,69.88,GA
1992-02-01,IL-Chicago,73.19,IL
1992-02-01,MA-Boston,62.94,MA
1992-02-01,MI-Detroit,59.47,MI
1992-02-01,MN-Minneapolis,66.19,MN
1992-02-01,NC-Charlotte,73.56,NC
1992-02-01,NV-Las Vegas,83.09,NV
1992-02-01,NY-New York,74.38,NY
1992-02-01,OH-Cleveland,71.22,OH
1992-02-01,OR-Portland,61.54,OR
1992-02-01,TX-Dallas,,TX
1992-02-01,WA-Seattle,65.54,WA
1992-02-01,Composite-10,77.51,Composite
1992-02-01,Composite-20,,Composite
1992-02-01,National-US,75.66,National
1992-03-01,AZ-Phoenix,65.93,AZ
1992-03-01,CA-Los Angeles,90.97,CA
1992-03-01,CA-San Diego,79.98,CA
1992-03-01,CA-San Francisco,69.17,CA
1992-03-01,CO-Denver,52.83,CO
1992-03-01,DC-Washington,87.97,DC
1992-03-01,FL-Miami,78.6,FL
1992-03-01,FL-Tampa,80.27,FL
1992-03-01,GA-Atlanta,69.96,GA
1992-03-01,IL-Chicago,73.51,IL
1992-03-01,MA-Boston,62.97,MA
1992-03-01,MI-Detroit,59.56,MI
1992-03-01,MN-Minneapolis,66.6,MN
1992-03-01,NC-Charlotte,73.29,NC
1992-03-01,NV-Las Vegas,82.66,NV
1992-03-01,NY-New York,74.27,NY
1992-03-01,OH-Cleveland,71.74,OH
1992-03-01,OR-Portland,61.57,OR
1992-03-01,TX-Dallas,,TX
1992-03-01,WA-Seattle,66.18,WA
1992-03-01,Composite-10,77.31,Composite
1992-03-01,Composite-20,,Composite
1992-03-01,National-US,75.82,National
1992-04-01,AZ-Phoenix,65.83,AZ
1992-04-01,CA-Los Angeles,90.58,CA
1992-04-01,CA-San Diego,80.18,CA
1992-04-01,CA-San Francisco,69.26,CA
1992-04-01,CO-Denver,53.48,CO
1992-04-01,DC-Washington,88.43,DC
1992-04-01,FL-Miami,78.98,FL
1992-04-01,FL-Tampa,80.63,FL
1992-04-01,GA-Atlanta,69.91,GA
1992-04-01,IL-Chicago,72.97,IL
1992-04-01,MA-Boston,63.69,MA
1992-04-01,MI-Detroit,60.16,MI
1992-04-01,MN-Minneapolis,67.0,MN
1992-04-01,NC-Charlotte,73.25,NC
1992-04-01,NV-Las Vegas,82.47,NV
1992-04-01,NY-New York,74.4,NY
1992-04-01,OH-Cleveland,72.16,OH
1992-04-01,OR-Portland,61.8,OR
1992-04-01,TX-Dallas,,TX
1992-04-01,WA-Seattle,66.87,WA
1992-04-01,Composite-10,77.36,Composite
1992-04-01,Composite-20,,Composite
1992-04-01,National-US,76.08,National
1992-05-01,AZ-Phoenix,66.02,AZ
1992-05-01,CA-Los Angeles,90.4,CA
1992-05-01,CA-San Diego,80.4,CA
1992-05-01,CA-San Francisco,69.86,CA
1992-05-01,CO-Denver,53.79,CO
1992-05-01,DC-Washington,88.97,DC
1992-05-01,FL-Miami,79.42,FL
1992-05-01,FL-Tampa,81.05,FL
1992-05-01,GA-Atlanta,70.28,GA
1992-05-01,IL-Chicago,73.36,IL
1992-05-01,MA-Boston,64.09,MA
1992-05-01,MI-Detroit,60.61,MI
1992-05-01,MN-Minneapolis,67.08,MN
1992-05-01,NC-Charlotte,73.45,NC
1992-05-01,NV-Las Vegas,82.89,NV
1992-05-01,NY-New York,74.69,NY
1992-05-01,OH-Cleveland,72.7,OH
1992-05-01,OR-Portland,62.24,OR
1992-05-01,TX-Dallas,,TX
1992-05-01,WA-Seattle,67.57,WA
1992-05-01,Composite-10,77.62,Composite
1992-05-01,Composite-20,,Composite
1992-05-01,National-US,76.4,National
1992-06-01,AZ-Phoenix,66.08,AZ
1992-06-01,CA-Los Angeles,90.41,CA
1992-06-01,CA-San Diego,80.27,CA
1992-06-01,CA-San Francisco,70.02,CA
1992-06-01,CO-Denver,54.18,CO
1992-06-01,DC-Washington,89.24,DC
1992-06-01,FL-Miami,79.78,FL
1992-06-01,FL-Tampa,81.22,FL
1992-06-01,GA-Atlanta,70.59,GA
1992-06-01,IL-Chicago,74.45,IL
1992-06-01,MA-Boston,64.38,MA
1992-06-01,MI-Detroit,60.92,MI
1992-06-01,MN-Minneapolis,67.3,MN
1992-06-01,NC-Charlotte,73.6,NC
1992-06-01,NV-Las Vegas,82.84,NV
1992-06-01,NY-New York,75.14,NY
1992-06-01,OH-Cleveland,73.16,OH
1992-06-01,OR-Portland,62.73,OR
1992-06-01,TX-Dallas,,TX
1992-06-01,WA-Seattle,67.9,WA
1992-06-01,Composite-10,77.94,Composite
1992-06-01,Composite-20,,Composite
1992-06-01,National-US,76.61,National
1992-07-01,AZ-Phoenix,66.26,AZ
1992-07-01,CA-Los Angeles,90.06,CA
1992-07-01,CA-San Diego,80.1,CA
1992-07-01,CA-San Francisco,70.0,CA
1992-07-01,CO-Denver,54.4,CO
1992-07-01,DC-Washington,89.08,DC
1992-07-01,FL-Miami,78.05,FL
1992-07-01,FL-Tampa,80.69,FL
1992-07-01,GA-Atlanta,71.29,GA
1992-07-01,IL-Chicago,75.48,IL
1992-07-01,MA-Boston,64.46,MA
1992-07-01,MI-Detroit,61.15,MI
1992-07-01,MN-Minneapolis,67.5,MN
1992-07-01,NC-Charlotte,74.14,NC
1992-07-01,NV-Las Vegas,82.85,NV
1992-07-01,NY-New York,75.47,NY
1992-07-01,OH-Cleveland,73.4,OH
1992-07-01,OR-Portland,62.92,OR
1992-07-01,TX-Dallas,,TX
1992-07-01,WA-Seattle,67.98,WA
1992-07-01,Composite-10,77.95,Composite
1992-07-01,Composite-20,,Composite
1992-07-01,National-US,76.72,National
1992-08-01,AZ-Phoenix,66.46,AZ
1992-08-01,CA-Los Angeles,89.86,CA
1992-08-01,CA-San Diego,79.8,CA
1992-08-01,CA-San Francisco,69.64,CA
1992-08-01,CO-Denver,54.77,CO
1992-08-01,DC-Washington,89.03,DC
1992-08-01,FL-Miami,77.95,FL
1992-08-01,FL-Tampa,80.57,FL
1992-08-01,GA-Atlanta,71.51,GA
1992-08-01,IL-Chicago,75.75,IL
1992-08-01,MA-Boston,64.75,MA
1992-08-01,MI-Detroit,61.51,MI
1992-08-01,MN-Minneapolis,67.66,MN
1992-08-01,NC-Charlotte,74.41,NC
1992-08-01,NV-Las Vegas,82.8,NV
1992-08-01,NY-New York,75.79,NY
1992-08-01,OH-Cleveland,73.77,OH
1992-08-01,OR-Portland,63.49,OR
1992-08-01,TX-Dallas,,TX
1992-08-01,WA-Seattle,67.75,WA
1992-08-01,Composite-10,77.99,Composite
1992-08-01,Composite-20,,Composite
1992-08-01,National-US,76.74,National
1992-09-01,AZ-Phoenix,66.54,AZ
1992-09-01,CA-Los Angeles,89.11,CA
1992-09-01,CA-San Diego,79.58,CA
1992-09-01,CA-San Francisco,69.51,CA
1992-09-01,CO-Denver,54.97,CO
1992-09-01,DC-Washington,88.74,DC
1992-09-01,FL-Miami,77.61,FL
1992-09-01,FL-Tampa,80.54,FL
1992-09-01,GA-Atlanta,71.59,GA
1992-09-01,IL-Chicago,75.82,IL
1992-09-01,MA-Boston,64.63,MA
1992-09-01,MI-Detroit,61.68,MI
1992-09-01,MN-Minneapolis,67.59,MN
1992-09-01,NC-Charlotte,74.6,NC
1992-09-01,NV-Las Vegas,82.98,NV
1992-09-01,NY-New York,75.74,NY
1992-09-01,OH-Cleveland,74.07,OH
1992-09-01,OR-Portland,63.84,OR
1992-09-01,TX-Dallas,,TX
1992-09-01,WA-Seattle,67.44,WA
1992-09-01,Composite-10,77.76,Composite
1992-09-01,Composite-20,,Composite
1992-09-01,National-US,76.64,National
1992-10-01,AZ-Phoenix,66.55,AZ
1992-10-01,CA-Los Angeles,87.95,CA
1992-10-01,CA-San Diego,78.48,CA
1992-10-01,CA-San Francisco,69.28,CA
1992-10-01,CO-Denver,54.96,CO
1992-10-01,DC-Washington,88.79,DC
1992-10-01,FL-Miami,79.54,FL
1992-10-01,FL-Tampa,81.5,FL
1992-10-01,GA-Atlanta,71.17,GA
1992-10-01,IL-Chicago,75.79,IL
1992-10-01,MA-Boston,64.62,MA
1992-10-01,MI-Detroit,61.55,MI
1992-10-01,MN-Minneapolis,67.79,MN
1992-10-01,NC-Charlotte,74.38,NC
1992-10-01,NV-Las Vegas,83.65,NV
1992-10-01,NY-New York,75.48,NY
1992-10-01,OH-Cleveland,74.21,OH
1992-10-01,OR-Portland,64.23,OR
1992-10-01,TX-Dallas,,TX
1992-10-01,WA-Seattle,67.74,WA
1992-10-01,Composite-10,77.45,Composite
1992-10-01,Composite-20,,Composite
1992-10-01,National-US,76.61,National
1992-11-01,AZ-Phoenix,66.52,AZ
1992-11-01,CA-Los Angeles,86.8,CA
1992-11-01,CA-San Diego,78.18,CA
1992-11-01,CA-San Francisco,68.85,CA
1992-11-01,CO-Denver,55.21,CO
1992-11-01,DC-Washington,88.75,DC
1992-11-01,FL-Miami,79.7,FL
1992-11-01,FL-Tampa,81.87,FL
1992-11-01,GA-Atlanta,71.33,GA
1992-11-01,IL-Chicago,75.82,IL
1992-11-01,MA-Boston,64.17,MA
1992-11-01,MI-Detroit,61.36,MI
1992-11-01,MN-Minneapolis,67.93,MN
1992-11-01,NC-Charlotte,74.18,NC
1992-11-01,NV-Las Vegas,83.67,NV
1992-11-01,NY-New York,75.38,NY
1992-11-01,OH-Cleveland,74.3,OH
1992-11-01,OR-Portland,64.87,OR
1992-11-01,TX-Dallas,,TX
1992-11-01,WA-Seattle,67.57,WA
1992-11-01,Composite-10,77.09,Composite
1992-11-01,Composite-20,,Composite
1992-11-01,National-US,76.59,National
1992-12-01,AZ-Phoenix,66.59,AZ
1992-12-01,CA-Los Angeles,85.6,CA
1992-12-01,CA-San Diego,77.19,CA
1992-12-01,CA-San Francisco,68.21,CA
1992-12-01,CO-Denver,55.35,CO
1992-12-01,DC-Washington,88.63,DC
1992-12-01,FL-Miami,79.99,FL
1992-12-01,FL-Tampa,81.53,FL
1992-12-01,GA-Atlanta,71.33,GA
1992-12-01,IL-Chicago,75.43,IL
1992-12-01,MA-Boston,64.29,MA
1992-12-01,MI-Detroit,61.44,MI
1992-12-01,MN-Minneapolis,67.98,MN
1992-12-01,NC-Charlotte,74.42,NC
1992-12-01,NV-Las Vegas,82.91,NV
1992-12-01,NY-New York,75.35,NY
1992-12-01,OH-Cleveland,74.15,OH
1992-12-01,OR-Portland,64.78,OR
1992-12-01,TX-Dallas,,TX
1992-12-01,WA-Seattle,67.47,WA
1992-12-01,Composite-10,76.68,Composite
1992-12-01,Composite-20,,Composite
1992-12-01,National-US,76.47,National
1993-01-01,AZ-Phoenix,66.83,AZ
1993-01-01,CA-Los Angeles,84.88,CA
1993-01-01,CA-San Diego,77.25,CA
1993-01-01,CA-San Francisco,67.77,CA
1993-01-01,CO-Denver,55.83,CO
1993-01-01,DC-Washington,88.73,DC
1993-01-01,FL-Miami,79.94,FL
1993-01-01,FL-Tampa,81.32,FL
1993-01-01,GA-Atlanta,71.5,GA
1993-01-01,IL-Chicago,75.38,IL
1993-01-01,MA-Boston,64.44,MA
1993-01-01,MI-Detroit,61.36,MI
1993-01-01,MN-Minneapolis,67.7,MN
1993-01-01,NC-Charlotte,74.57,NC
1993-01-01,NV-Las Vegas,82.34,NV
1993-01-01,NY-New York,75.54,NY
1993-01-01,OH-Cleveland,74.29,OH
1993-01-01,OR-Portland,64.93,OR
1993-01-01,TX-Dallas,,TX
1993-01-01,WA-Seattle,67.49,WA
1993-01-01,Composite-10,76.56,Composite
1993-01-01,Composite-20,,Composite
1993-01-01,National-US,76.4,National
1993-02-01,AZ-Phoenix,66.83,AZ
1993-02-01,CA-Los Angeles,84.09,CA
1993-02-01,CA-San Diego,76.32,CA
1993-02-01,CA-San Francisco,67.44,CA
1993-02-01,CO-Denver,56.05,CO
1993-02-01,DC-Washington,88.75,DC
1993-02-01,FL-Miami,79.92,FL
1993-02-01,FL-Tampa,81.17,FL
1993-02-01,GA-Atlanta,71.26,GA
1993-02-01,IL-Chicago,75.53,IL
1993-02-01,MA-Boston,64.26,MA
1993-02-01,MI-Detroit,61.32,MI
1993-02-01,MN-Minneapolis,67.68,MN
1993-02-01,NC-Charlotte,74.68,NC
1993-02-01,NV-Las Vegas,82.67,NV
1993-02-01,NY-New York,75.42,NY
1993-02-01,OH-Cleveland,73.96,OH
1993-02-01,OR-Portland,64.95,OR
1993-02-01,TX-Dallas,,TX
1993-02-01,WA-Seattle,67.76,WA
1993-02-01,Composite-10,76.28,Composite
1993-02-01,Composite-20,,Composite
1993-02-01,National-US,76.34,National
1993-03-01,AZ-Phoenix,67.21,AZ
1993-03-01,CA-Los Angeles,82.76,CA
1993-03-01,CA-San Diego,75.94,CA
1993-03-01,CA-San Francisco,67.09,CA
1993-03-01,CO-Denver,56.68,CO
1993-03-01,DC-Washington,88.73,DC
1993-03-01,FL-Miami,79.64,FL
1993-03-01,FL-Tampa,81.93,FL
1993-03-01,GA-Atlanta,71.49,GA
1993-03-01,IL-Chicago,75.8,IL
1993-03-01,MA-Boston,64.0,MA
1993-03-01,MI-Detroit,61.2,MI
1993-03-01,MN-Minneapolis,68.4,MN
1993-03-01,NC-Charlotte,74.58,NC
1993-03-01,NV-Las Vegas,82.78,NV
1993-03-01,NY-New York,75.32,NY
1993-03-01,OH-Cleveland,74.08,OH
1993-03-01,OR-Portland,65.3,OR
1993-03-01,TX-Dallas,,TX
1993-03-01,WA-Seattle,68.19,WA
1993-03-01,Composite-10,75.91,Composite
1993-03-01,Composite-20,,Composite
1993-03-01,National-US,76.39,National
1993-04-01,AZ-Phoenix,67.3,AZ
1993-04-01,CA-Los Angeles,82.05,CA
1993-04-01,CA-San Diego,75.46,CA
1993-04-01,CA-San Francisco,67.59,CA
1993-04-01,CO-Denver,57.05,CO
1993-04-01,DC-Washington,88.51,DC
1993-04-01,FL-Miami,80.13,FL
1993-04-01,FL-Tampa,82.38,FL
1993-04-01,GA-Atlanta,71.94,GA
1993-04-01,IL-Chicago,75.97,IL
1993-04-01,MA-Boston,63.98,MA
1993-04-01,MI-Detroit,61.58,MI
1993-04-01,MN-Minneapolis,68.96,MN
1993-04-01,NC-Charlotte,74.48,NC
1993-04-01,NV-Las Vegas,82.34,NV
1993-04-01,NY-New York,75.34,NY
1993-04-01,OH-Cleveland,74.63,OH
1993-04-01,OR-Portland,66.29,OR
1993-04-01,TX-Dallas,,TX
1993-04-01,WA-Seattle,67.94,WA
1993-04-01,Composite-10,75.83,Composite
1993-04-01,Composite-20,,Composite
1993-04-01,National-US,76.67,National
1993-05-01,AZ-Phoenix,67.75,AZ
1993-05-01,CA-Los Angeles,81.67,CA
1993-05-01,CA-San Diego,75.57,CA
1993-05-01,CA-San Francisco,67.9,CA
1993-05-01,CO-Denver,57.59,CO
1993-05-01,DC-Washington,88.48,DC
1993-05-01,FL-Miami,80.77,FL
1993-05-01,FL-Tampa,82.56,FL
1993-05-01,GA-Atlanta,72.53,GA
1993-05-01,IL-Chicago,76.58,IL
1993-05-01,MA-Boston,64.56,MA
1993-05-01,MI-Detroit,62.06,MI
1993-05-01,MN-Minneapolis,69.37,MN
1993-05-01,NC-Charlotte,74.66,NC
1993-05-01,NV-Las Vegas,81.72,NV
1993-05-01,NY-New York,75.71,NY
1993-05-01,OH-Cleveland,75.47,OH
1993-05-01,OR-Portland,67.03,OR
1993-05-01,TX-Dallas,,TX
1993-05-01,WA-Seattle,68.14,WA
1993-05-01,Composite-10,76.04,Composite
1993-05-01,Composite-20,,Composite
1993-05-01,National-US,77.04,National
1993-06-01,AZ-Phoenix,67.95,AZ
1993-06-01,CA-Los Angeles,81.69,CA
1993-06-01,CA-San Diego,75.4,CA
1993-06-01,CA-San Francisco,67.99,CA
1993-06-01,CO-Denver,58.42,CO
1993-06-01,DC-Washington,89.04,DC
1993-06-01,FL-Miami,81.36,FL
1993-06-01,FL-Tampa,82.35,FL
1993-06-01,GA-Atlanta,72.92,GA
1993-06-01,IL-Chicago,77.59,IL
1993-06-01,MA-Boston,65.43,MA
1993-06-01,MI-Detroit,62.74,MI
1993-06-01,MN-Minneapolis,69.36,MN
1993-06-01,NC-Charlotte,75.13,NC
1993-06-01,NV-Las Vegas,81.73,NV
1993-06-01,NY-New York,76.44,NY
1993-06-01,OH-Cleveland,76.07,OH
1993-06-01,OR-Portland,68.05,OR
1993-06-01,TX-Dallas,,TX
1993-06-01,WA-Seattle,68.13,WA
1993-06-01,Composite-10,76.51,Composite
1993-06-01,Composite-20,,Composite
1993-06-01,National-US,77.52,National
1993-07-01,AZ-Phoenix,68.44,AZ
1993-07-01,CA-Los Angeles,81.11,CA
1993-07-01,CA-San Diego,75.02,CA
1993-07-01,CA-San Francisco,67.65,CA
1993-07-01,CO-Denver,59.1,CO
1993-07-01,DC-Washington,89.4,DC
1993-07-01,FL-Miami,81.78,FL
1993-07-01,FL-Tampa,82.29,FL
1993-07-01,GA-Atlanta,73.33,GA
1993-07-01,IL-Chicago,78.1,IL
1993-07-01,MA-Boston,66.11,MA
1993-07-01,MI-Detroit,63.21,MI
1993-07-01,MN-Minneapolis,69.79,MN
1993-07-01,NC-Charlotte,75.56,NC
1993-07-01,NV-Las Vegas,82.13,NV
1993-07-01,NY-New York,76.84,NY
1993-07-01,OH-Cleveland,76.53,OH
1993-07-01,OR-Portland,68.52,OR
1993-07-01,TX-Dallas,,TX
1993-07-01,WA-Seattle,68.18,WA
1993-07-01,Composite-10,76.61,Composite
1993-07-01,Composite-20,,Composite
1993-07-01,National-US,77.89,National
1993-08-01,AZ-Phoenix,68.72,AZ
1993-08-01,CA-Los Angeles,80.33,CA
1993-08-01,CA-San Diego,74.71,CA
1993-08-01,CA-San Francisco,67.63,CA
1993-08-01,CO-Denver,59.93,CO
1993-08-01,DC-Washington,89.51,DC
1993-08-01,FL-Miami,82.14,FL
1993-08-01,FL-Tampa,82.81,FL
1993-08-01,GA-Atlanta,73.61,GA
1993-08-01,IL-Chicago,78.35,IL
1993-08-01,MA-Boston,66.62,MA
1993-08-01,MI-Detroit,63.67,MI
1993-08-01,MN-Minneapolis,70.14,MN
1993-08-01,NC-Charlotte,75.73,NC
1993-08-01,NV-Las Vegas,82.73,NV
1993-08-01,NY-New York,76.99,NY
1993-08-01,OH-Cleveland,76.67,OH
1993-08-01,OR-Portland,68.63,OR
1993-08-01,TX-Dallas,,TX
1993-08-01,WA-Seattle,68.59,WA
1993-08-01,Composite-10,76.59,Composite
1993-08-01,Composite-20,,Composite
1993-08-01,National-US,78.14,National
1993-09-01,AZ-Phoenix,69.28,AZ
1993-09-01,CA-Los Angeles,79.77,CA
1993-09-01,CA-San Diego,74.79,CA
1993-09-01,CA-San Francisco,67.5,CA
1993-09-01,CO-Denver,60.42,CO
1993-09-01,DC-Washington,89.18,DC
1993-09-01,FL-Miami,82.49,FL
1993-09-01,FL-Tampa,83.62,FL
1993-09-01,GA-Atlanta,73.87,GA
1993-09-01,IL-Chicago,78.35,IL
1993-09-01,MA-Boston,66.62,MA
1993-09-01,MI-Detroit,63.83,MI
1993-09-01,MN-Minneapolis,70.71,MN
1993-09-01,NC-Charlotte,75.64,NC
1993-09-01,NV-Las Vegas,83.3,NV
1993-09-01,NY-New York,76.99,NY
1993-09-01,OH-Cleveland,77.12,OH
1993-09-01,OR-Portland,68.98,OR
1993-09-01,TX-Dallas,,TX
1993-09-01,WA-Seattle,69.21,WA
1993-09-01,Composite-10,76.47,Composite
1993-09-01,Composite-20,,Composite
1993-09-01,National-US,78.21,National
1993-10-01,AZ-Phoenix,69.41,AZ
1993-10-01,CA-Los Angeles,78.92,CA
1993-10-01,CA-San Diego,74.53,CA
1993-10-01,CA-San Francisco,67.18,CA
1993-10-01,CO-Denver,60.99,CO
1993-10-01,DC-Washington,88.86,DC
1993-10-01,FL-Miami,82.82,FL
1993-10-01,FL-Tampa,83.92,FL
1993-10-01,GA-Atlanta,73.91,GA
1993-10-01,IL-Chicago,78.37,IL
1993-10-01,MA-Boston,66.46,MA
1993-10-01,MI-Detroit,64.09,MI
1993-10-01,MN-Minneapolis,70.91,MN
1993-10-01,NC-Charlotte,75.82,NC
1993-10-01,NV-Las Vegas,83.7,NV
1993-10-01,NY-New York,76.92,NY
1993-10-01,OH-Cleveland,77.38,OH
1993-10-01,OR-Portland,69.45,OR
1993-10-01,TX-Dallas,,TX
1993-10-01,WA-Seattle,69.47,WA
1993-10-01,Composite-10,76.22,Composite
1993-10-01,Composite-20,,Composite
1993-10-01,National-US,78.18,National
1993-11-01,AZ-Phoenix,69.81,AZ
1993-11-01,CA-Los Angeles,78.36,CA
1993-11-01,CA-San Diego,74.51,CA
1993-11-01,CA-San Francisco,66.77,CA
1993-11-01,CO-Denver,61.38,CO
1993-11-01,DC-Washington,88.57,DC
1993-11-01,FL-Miami,82.68,FL
1993-11-01,FL-Tampa,83.62,FL
1993-11-01,GA-Atlanta,73.97,GA
1993-11-01,IL-Chicago,78.42,IL
1993-11-01,MA-Boston,66.33,MA
1993-11-01,MI-Detroit,64.29,MI
1993-11-01,MN-Minneapolis,71.23,MN
1993-11-01,NC-Charlotte,76.14,NC
1993-11-01,NV-Las Vegas,84.03,NV
1993-11-01,NY-New York,76.88,NY
1993-11-01,OH-Cleveland,77.87,OH
1993-11-01,OR-Portland,70.3,OR
1993-11-01,TX-Dallas,,TX
1993-11-01,WA-Seattle,69.65,WA
1993-11-01,Composite-10,76.02,Composite
1993-11-01,Composite-20,,Composite
1993-11-01,National-US,78.18,National
1993-12-01,AZ-Phoenix,70.03,AZ
1993-12-01,CA-Los Angeles,77.3,CA
1993-12-01,CA-San Diego,73.74,CA
1993-12-01,CA-San Francisco,66.27,CA
1993-12-01,CO-Denver,62.01,CO
1993-12-01,DC-Washington,88.65,DC
1993-12-01,FL-Miami,82.89,FL
1993-12-01,FL-Tampa,82.85,FL
1993-12-01,GA-Atlanta,74.27,GA
1993-12-01,IL-Chicago,78.81,IL
1993-12-01,MA-Boston,66.27,MA
1993-12-01,MI-Detroit,64.39,MI
1993-12-01,MN-Minneapolis,71.13,MN
1993-12-01,NC-Charlotte,76.74,NC
1993-12-01,NV-Las Vegas,83.78,NV
1993-12-01,NY-New York,76.71,NY
1993-12-01,OH-Cleveland,78.05,OH
1993-12-01,OR-Portland,70.52,OR
1993-12-01,TX-Dallas,,TX
1993-12-01,WA-Seattle,69.52,WA
1993-12-01,Composite-10,75.71,Composite
1993-12-01,Composite-20,,Composite
1993-12-01,National-US,78.13,National
1994-01-01,AZ-Phoenix,70.53,AZ
1994-01-01,CA-Los Angeles,77.0,CA
1994-01-01,CA-San Diego,73.84,CA
1994-01-01,CA-San Francisco,65.98,CA
1994-01-01,CO-Denver,62.49,CO
1994-01-01,DC-Washington,88.63,DC
1994-01-01,FL-Miami,83.46,FL
1994-01-01,FL-Tampa,82.75,FL
1994-01-01,GA-Atlanta,74.72,GA
1994-01-01,IL-Chicago,79.62,IL
1994-01-01,MA-Boston,66.36,MA
1994-01-01,MI-Detroit,64.3,MI
1994-01-01,MN-Minneapolis,71.48,MN
1994-01-01,NC-Charlotte,77.01,NC
1994-01-01,NV-Las Vegas,83.72,NV
1994-01-01,NY-New York,76.61,NY
1994-01-01,OH-Cleveland,78.3,OH
1994-01-01,OR-Portland,70.79,OR
1994-01-01,TX-Dallas,,TX
1994-01-01,WA-Seattle,69.82,WA
1994-01-01,Composite-10,75.71,Composite
1994-01-01,Composite-20,,Composite
1994-01-01,National-US,78.21,National
1994-02-01,AZ-Phoenix,70.82,AZ
1994-02-01,CA-Los Angeles,76.86,CA
1994-02-01,CA-San Diego,73.47,CA
1994-02-01,CA-San Francisco,65.79,CA
1994-02-01,CO-Denver,63.04,CO
1994-02-01,DC-Washington,88.45,DC
1994-02-01,FL-Miami,84.25,FL
1994-02-01,FL-Tampa,83.12,FL
1994-02-01,GA-Atlanta,75.08,GA
1994-02-01,IL-Chicago,79.67,IL
1994-02-01,MA-Boston,66.31,MA
1994-02-01,MI-Detroit,64.31,MI
1994-02-01,MN-Minneapolis,72.02,MN
1994-02-01,NC-Charlotte,77.09,NC
1994-02-01,NV-Las Vegas,83.48,NV
1994-02-01,NY-New York,76.43,NY
1994-02-01,OH-Cleveland,78.17,OH
1994-02-01,OR-Portland,71.1,OR
1994-02-01,TX-Dallas,,TX
1994-02-01,WA-Seattle,69.58,WA
1994-02-01,Composite-10,75.63,Composite
1994-02-01,Composite-20,,Composite
1994-02-01,National-US,78.22,National
1994-03-01,AZ-Phoenix,71.28,AZ
1994-03-01,CA-Los Angeles,76.47,CA
1994-03-01,CA-San Diego,73.39,CA
1994-03-01,CA-San Francisco,66.37,CA
1994-03-01,CO-Denver,63.61,CO
1994-03-01,DC-Washington,88.57,DC
1994-03-01,FL-Miami,84.74,FL
1994-03-01,FL-Tampa,83.76,FL
1994-03-01,GA-Atlanta,75.21,GA
1994-03-01,IL-Chicago,79.64,IL
1994-03-01,MA-Boston,66.65,MA
1994-03-01,MI-Detroit,64.6,MI
1994-03-01,MN-Minneapolis,73.1,MN
1994-03-01,NC-Charlotte,77.27,NC
1994-03-01,NV-Las Vegas,83.69,NV
1994-03-01,NY-New York,76.6,NY
1994-03-01,OH-Cleveland,78.29,OH
1994-03-01,OR-Portland,71.69,OR
1994-03-01,TX-Dallas,,TX
1994-03-01,WA-Seattle,69.84,WA
1994-03-01,Composite-10,75.73,Composite
1994-03-01,Composite-20,,Composite
1994-03-01,National-US,78.36,National
1994-04-01,AZ-Phoenix,71.73,AZ
1994-04-01,CA-Los Angeles,76.44,CA
1994-04-01,CA-San Diego,73.62,CA
1994-04-01,CA-San Francisco,67.05,CA
1994-04-01,CO-Denver,64.44,CO
1994-04-01,DC-Washington,89.02,DC
1994-04-01,FL-Miami,84.85,FL
1994-04-01,FL-Tampa,83.76,FL
1994-04-01,GA-Atlanta,75.26,GA
1994-04-01,IL-Chicago,79.79,IL
1994-04-01,MA-Boston,67.26,MA
1994-04-01,MI-Detroit,64.9,MI
1994-04-01,MN-Minneapolis,73.18,MN
1994-04-01,NC-Charlotte,77.5,NC
1994-04-01,NV-Las Vegas,84.04,NV
1994-04-01,NY-New York,76.88,NY
1994-04-01,OH-Cleveland,78.79,OH
1994-04-01,OR-Portland,72.55,OR
1994-04-01,TX-Dallas,,TX
1994-04-01,WA-Seattle,70.33,WA
1994-04-01,Composite-10,76.03,Composite
1994-04-01,Composite-20,,Composite
1994-04-01,National-US,78.72,National
1994-05-01,AZ-Phoenix,72.14,AZ
1994-05-01,CA-Los Angeles,76.39,CA
1994-05-01,CA-San Diego,74.32,CA
1994-05-01,CA-San Francisco,67.7,CA
1994-05-01,CO-Denver,65.09,CO
1994-05-01,DC-Washington,89.78,DC
1994-05-01,FL-Miami,84.89,FL
1994-05-01,FL-Tampa,83.91,FL
1994-05-01,GA-Atlanta,75.71,GA
1994-05-01,IL-Chicago,80.4,IL
1994-05-01,MA-Boston,67.63,MA
1994-05-01,MI-Detroit,65.42,MI
1994-05-01,MN-Minneapolis,73.12,MN
1994-05-01,NC-Charlotte,77.85,NC
1994-05-01,NV-Las Vegas,85.26,NV
1994-05-01,NY-New York,77.55,NY
1994-05-01,OH-Cleveland,79.64,OH
1994-05-01,OR-Portland,73.45,OR
1994-05-01,TX-Dallas,,TX
1994-05-01,WA-Seattle,71.51,WA
1994-05-01,Composite-10,76.49,Composite
1994-05-01,Composite-20,,Composite
1994-05-01,National-US,79.23,National
1994-06-01,AZ-Phoenix,72.47,AZ
1994-06-01,CA-Los Angeles,76.72,CA
1994-06-01,CA-San Diego,74.81,CA
1994-06-01,CA-San Francisco,68.15,CA
1994-06-01,CO-Denver,65.86,CO
1994-06-01,DC-Washington,90.48,DC
1994-06-01,FL-Miami,85.31,FL
1994-06-01,FL-Tampa,84.01,FL
1994-06-01,GA-Atlanta,76.15,GA
1994-06-01,IL-Chicago,80.91,IL
1994-06-01,MA-Boston,68.46,MA
1994-06-01,MI-Detroit,66.01,MI
1994-06-01,MN-Minneapolis,72.93,MN
1994-06-01,NC-Charlotte,78.28,NC
1994-06-01,NV-Las Vegas,85.84,NV
1994-06-01,NY-New York,78.2,NY
1994-06-01,OH-Cleveland,80.15,OH
1994-06-01,OR-Portland,74.19,OR
1994-06-01,TX-Dallas,,TX
1994-06-01,WA-Seattle,71.97,WA
1994-06-01,Composite-10,77.04,Composite
1994-06-01,Composite-20,,Composite
1994-06-01,National-US,79.72,National
1994-07-01,AZ-Phoenix,73.0,AZ
1994-07-01,CA-Los Angeles,76.95,CA
1994-07-01,CA-San Diego,75.1,CA
1994-07-01,CA-San Francisco,68.38,CA
1994-07-01,CO-Denver,66.3,CO
1994-07-01,DC-Washington,90.77,DC
1994-07-01,FL-Miami,85.63,FL
1994-07-01,FL-Tampa,84.72,FL
1994-07-01,GA-Atlanta,76.6,GA
1994-07-01,IL-Chicago,81.19,IL
1994-07-01,MA-Boston,68.84,MA
1994-07-01,MI-Detroit,66.62,MI
1994-07-01,MN-Minneapolis,72.89,MN
1994-07-01,NC-Charlotte,78.91,NC
1994-07-01,NV-Las Vegas,86.45,NV
1994-07-01,NY-New York,78.78,NY
1994-07-01,OH-Cleveland,80.46,OH
1994-07-01,OR-Portland,74.91,OR
1994-07-01,TX-Dallas,,TX
1994-07-01,WA-Seattle,72.12,WA
1994-07-01,Composite-10,77.4,Composite
1994-07-01,Composite-20,,Composite
1994-07-01,National-US,80.08,National
1994-08-01,AZ-Phoenix,73.53,AZ
1994-08-01,CA-Los Angeles,77.25,CA
1994-08-01,CA-San Diego,74.75,CA
1994-08-01,CA-San Francisco,68.4,CA
1994-08-01,CO-Denver,66.71,CO
1994-08-01,DC-Washington,90.73,DC
1994-08-01,FL-Miami,86.11,FL
1994-08-01,FL-Tampa,85.25,FL
1994-08-01,GA-Atlanta,76.88,GA
1994-08-01,IL-Chicago,81.61,IL
1994-08-01,MA-Boston,69.27,MA
1994-08-01,MI-Detroit,67.15,MI
1994-08-01,MN-Minneapolis,73.08,MN
1994-08-01,NC-Charlotte,79.52,NC
1994-08-01,NV-Las Vegas,86.37,NV
1994-08-01,NY-New York,79.08,NY
1994-08-01,OH-Cleveland,80.68,OH
1994-08-01,OR-Portland,75.44,OR
1994-08-01,TX-Dallas,,TX
1994-08-01,WA-Seattle,71.93,WA
1994-08-01,Composite-10,77.64,Composite
1994-08-01,Composite-20,,Composite
1994-08-01,National-US,80.33,National
1994-09-01,AZ-Phoenix,74.06,AZ
1994-09-01,CA-Los Angeles,77.13,CA
1994-09-01,CA-San Diego,74.23,CA
1994-09-01,CA-San Francisco,68.21,CA
1994-09-01,CO-Denver,66.81,CO
1994-09-01,DC-Washington,90.52,DC
1994-09-01,FL-Miami,86.3,FL
1994-09-01,FL-Tampa,85.4,FL
1994-09-01,GA-Atlanta,76.95,GA
1994-09-01,IL-Chicago,81.68,IL
1994-09-01,MA-Boston,69.25,MA
1994-09-01,MI-Detroit,67.48,MI
1994-09-01,MN-Minneapolis,73.12,MN
1994-09-01,NC-Charlotte,79.84,NC
1994-09-01,NV-Las Vegas,86.54,NV
1994-09-01,NY-New York,79.08,NY
1994-09-01,OH-Cleveland,80.8,OH
1994-09-01,OR-Portland,75.87,OR
1994-09-01,TX-Dallas,,TX
1994-09-01,WA-Seattle,71.93,WA
1994-09-01,Composite-10,77.57,Composite
1994-09-01,Composite-20,,Composite
1994-09-01,National-US,80.35,National
1994-10-01,AZ-Phoenix,74.26,AZ
1994-10-01,CA-Los Angeles,77.07,CA
1994-10-01,CA-San Diego,73.99,CA
1994-10-01,CA-San Francisco,68.17,CA
1994-10-01,CO-Denver,67.03,CO
1994-10-01,DC-Washington,90.33,DC
1994-10-01,FL-Miami,86.47,FL
1994-10-01,FL-Tampa,85.1,FL
1994-10-01,GA-Atlanta,77.25,GA
1994-10-01,IL-Chicago,81.89,IL
1994-10-01,MA-Boston,69.21,MA
1994-10-01,MI-Detroit,67.65,MI
1994-10-01,MN-Minneapolis,73.17,MN
1994-10-01,NC-Charlotte,79.87,NC
1994-10-01,NV-Las Vegas,86.69,NV
1994-10-01,NY-New York,78.87,NY
1994-10-01,OH-Cleveland,81.03,OH
1994-10-01,OR-Portland,75.99,OR
1994-10-01,TX-Dallas,,TX
1994-10-01,WA-Seattle,72.01,WA
1994-10-01,Composite-10,77.5,Composite
1994-10-01,Composite-20,,Composite
1994-10-01,National-US,80.32,National
1994-11-01,AZ-Phoenix,74.46,AZ
1994-11-01,CA-Los Angeles,76.59,CA
1994-11-01,CA-San Diego,73.6,CA
1994-11-01,CA-San Francisco,68.04,CA
1994-11-01,CO-Denver,67.16,CO
1994-11-01,DC-Washington,90.18,DC
1994-11-01,FL-Miami,86.69,FL
1994-11-01,FL-Tampa,85.01,FL
1994-11-01,GA-Atlanta,77.56,GA
1994-11-01,IL-Chicago,81.76,IL
1994-11-01,MA-Boston,68.88,MA
1994-11-01,MI-Detroit,67.66,MI
1994-11-01,MN-Minneapolis,73.22,MN
1994-11-01,NC-Charlotte,79.7,NC
1994-11-01,NV-Las Vegas,86.77,NV
1994-11-01,NY-New York,78.5,NY
1994-11-01,OH-Cleveland,81.32,OH
1994-11-01,OR-Portland,76.21,OR
1994-11-01,TX-Dallas,,TX
1994-11-01,WA-Seattle,71.99,WA
1994-11-01,Composite-10,77.23,Composite
1994-11-01,Composite-20,,Composite
1994-11-01,National-US,80.18,National
1994-12-01,AZ-Phoenix,74.79,AZ
1994-12-01,CA-Los Angeles,76.07,CA
1994-12-01,CA-San Diego,73.02,CA
1994-12-01,CA-San Francisco,67.93,CA
1994-12-01,CO-Denver,67.4,CO
1994-12-01,DC-Washington,89.76,DC
1994-12-01,FL-Miami,87.01,FL
1994-12-01,FL-Tampa,85.25,FL
1994-12-01,GA-Atlanta,77.95,GA
1994-12-01,IL-Chicago,81.66,IL
1994-12-01,MA-Boston,68.48,MA
1994-12-01,MI-Detroit,67.94,MI
1994-12-01,MN-Minneapolis,72.85,MN
1994-12-01,NC-Charlotte,80.03,NC
1994-12-01,NV-Las Vegas,87.17,NV
1994-12-01,NY-New York,78.36,NY
1994-12-01,OH-Cleveland,81.13,OH
1994-12-01,OR-Portland,76.19,OR
1994-12-01,TX-Dallas,,TX
1994-12-01,WA-Seattle,71.73,WA
1994-12-01,Composite-10,76.99,Composite
1994-12-01,Composite-20,,Composite
1994-12-01,National-US,80.09,National
1995-01-01,AZ-Phoenix,75.11,AZ
1995-01-01,CA-Los Angeles,75.91,CA
1995-01-01,CA-San Diego,72.58,CA
1995-01-01,CA-San Francisco,67.73,CA
1995-01-01,CO-Denver,67.59,CO
1995-01-01,DC-Washington,89.27,DC
1995-01-01,FL-Miami,87.02,FL
1995-01-01,FL-Tampa,85.78,FL
1995-01-01,GA-Atlanta,78.16,GA
1995-01-01,IL-Chicago,81.38,IL
1995-01-01,MA-Boston,68.3,MA
1995-01-01,MI-Detroit,68.72,MI
1995-01-01,MN-Minneapolis,72.96,MN
1995-01-01,NC-Charlotte,80.47,NC
1995-01-01,NV-Las Vegas,87.04,NV
1995-01-01,NY-New York,78.28,NY
1995-01-01,OH-Cleveland,81.12,OH
1995-01-01,OR-Portland,76.79,OR
1995-01-01,TX-Dallas,,TX
1995-01-01,WA-Seattle,71.72,WA
1995-01-01,Composite-10,76.82,Composite
1995-01-01,Composite-20,,Composite
1995-01-01,National-US,80.04,National
1995-02-01,AZ-Phoenix,75.37,AZ
1995-02-01,CA-Los Angeles,75.36,CA
1995-02-01,CA-San Diego,72.53,CA
1995-02-01,CA-San Francisco,67.4,CA
1995-02-01,CO-Denver,67.82,CO
1995-02-01,DC-Washington,88.96,DC
1995-02-01,FL-Miami,86.64,FL
1995-02-01,FL-Tampa,85.53,FL
1995-02-01,GA-Atlanta,78.26,GA
1995-02-01,IL-Chicago,81.61,IL
1995-02-01,MA-Boston,68.19,MA
1995-02-01,MI-Detroit,70.47,MI
1995-02-01,MN-Minneapolis,73.61,MN
1995-02-01,NC-Charlotte,80.94,NC
1995-02-01,NV-Las Vegas,87.34,NV
1995-02-01,NY-New York,78.29,NY
1995-02-01,OH-Cleveland,80.75,OH
1995-02-01,OR-Portland,77.06,OR
1995-02-01,TX-Dallas,,TX
1995-02-01,WA-Seattle,71.2,WA
1995-02-01,Composite-10,76.64,Composite
1995-02-01,Composite-20,,Composite
1995-02-01,National-US,80.01,National
1995-03-01,AZ-Phoenix,75.52,AZ
1995-03-01,CA-Los Angeles,74.99,CA
1995-03-01,CA-San Diego,72.41,CA
1995-03-01,CA-San Francisco,66.79,CA
1995-03-01,CO-Denver,68.22,CO
1995-03-01,DC-Washington,88.62,DC
1995-03-01,FL-Miami,86.3,FL
1995-03-01,FL-Tampa,85.5,FL
1995-03-01,GA-Atlanta,78.32,GA
1995-03-01,IL-Chicago,81.8,IL
1995-03-01,MA-Boston,68.31,MA
1995-03-01,MI-Detroit,70.25,MI
1995-03-01,MN-Minneapolis,74.59,MN
1995-03-01,NC-Charlotte,81.1,NC
1995-03-01,NV-Las Vegas,87.39,NV
1995-03-01,NY-New York,77.95,NY
1995-03-01,OH-Cleveland,81.03,OH
1995-03-01,OR-Portland,77.9,OR
1995-03-01,TX-Dallas,,TX
1995-03-01,WA-Seattle,71.44,WA
1995-03-01,Composite-10,76.38,Composite
1995-03-01,Composite-20,,Composite
1995-03-01,National-US,80.1,National
1995-04-01,AZ-Phoenix,75.8,AZ
1995-04-01,CA-Los Angeles,74.78,CA
1995-04-01,CA-San Diego,72.59,CA
1995-04-01,CA-San Francisco,67.08,CA
1995-04-01,CO-Denver,68.6,CO
1995-04-01,DC-Washington,88.66,DC
1995-04-01,FL-Miami,86.47,FL
1995-04-01,FL-Tampa,85.51,FL
1995-04-01,GA-Atlanta,78.4,GA
1995-04-01,IL-Chicago,81.9,IL
1995-04-01,MA-Boston,68.23,MA
1995-04-01,MI-Detroit,69.82,MI
1995-04-01,MN-Minneapolis,75.07,MN
1995-04-01,NC-Charlotte,81.5,NC
1995-04-01,NV-Las Vegas,87.99,NV
1995-04-01,NY-New York,77.77,NY
1995-04-01,OH-Cleveland,81.89,OH
1995-04-01,OR-Portland,78.06,OR
1995-04-01,TX-Dallas,,TX
1995-04-01,WA-Seattle,71.28,WA
1995-04-01,Composite-10,76.36,Composite
1995-04-01,Composite-20,,Composite
1995-04-01,National-US,80.4,National
1995-05-01,AZ-Phoenix,76.16,AZ
1995-05-01,CA-Los Angeles,74.92,CA
1995-05-01,CA-San Diego,72.62,CA
1995-05-01,CA-San Francisco,67.31,CA
1995-05-01,CO-Denver,69.2,CO
1995-05-01,DC-Washington,88.91,DC
1995-05-01,FL-Miami,86.67,FL
1995-05-01,FL-Tampa,85.74,FL
1995-05-01,GA-Atlanta,78.55,GA
1995-05-01,IL-Chicago,82.13,IL
1995-05-01,MA-Boston,68.79,MA
1995-05-01,MI-Detroit,70.05,MI
1995-05-01,MN-Minneapolis,75.31,MN
1995-05-01,NC-Charlotte,81.89,NC
1995-05-01,NV-Las Vegas,88.04,NV
1995-05-01,NY-New York,78.03,NY
1995-05-01,OH-Cleveland,82.63,OH
1995-05-01,OR-Portland,78.52,OR
1995-05-01,TX-Dallas,,TX
1995-05-01,WA-Seattle,71.88,WA
1995-05-01,Composite-10,76.6,Composite
1995-05-01,Composite-20,,Composite
1995-05-01,National-US,80.72,National
1995-06-01,AZ-Phoenix,76.82,AZ
1995-06-01,CA-Los Angeles,74.88,CA
1995-06-01,CA-San Diego,72.48,CA
1995-06-01,CA-San Francisco,67.5,CA
1995-06-01,CO-Denver,69.63,CO
1995-06-01,DC-Washington,89.06,DC
1995-06-01,FL-Miami,86.98,FL
1995-06-01,FL-Tampa,86.43,FL
1995-06-01,GA-Atlanta,78.76,GA
1995-06-01,IL-Chicago,82.82,IL
1995-06-01,MA-Boston,69.75,MA
1995-06-01,MI-Detroit,70.6,MI
1995-06-01,MN-Minneapolis,75.56,MN
1995-06-01,NC-Charlotte,82.53,NC
1995-06-01,NV-Las Vegas,88.03,NV
1995-06-01,NY-New York,78.58,NY
1995-06-01,OH-Cleveland,83.7,OH
1995-06-01,OR-Portland,79.5,OR
1995-06-01,TX-Dallas,,TX
1995-06-01,WA-Seattle,72.01,WA
1995-06-01,Composite-10,76.94,Composite
1995-06-01,Composite-20,,Composite
1995-06-01,National-US,81.09,National
1995-07-01,AZ-Phoenix,77.26,AZ
1995-07-01,CA-Los Angeles,75.06,CA
1995-07-01,CA-San Diego,72.63,CA
1995-07-01,CA-San Francisco,67.72,CA
1995-07-01,CO-Denver,70.18,CO
1995-07-01,DC-Washington,89.16,DC
1995-07-01,FL-Miami,86.96,FL
1995-07-01,FL-Tampa,86.67,FL
1995-07-01,GA-Atlanta,79.14,GA
1995-07-01,IL-Chicago,83.38,IL
1995-07-01,MA-Boston,70.44,MA
1995-07-01,MI-Detroit,71.15,MI
1995-07-01,MN-Minneapolis,76.05,MN
1995-07-01,NC-Charlotte,83.22,NC
1995-07-01,NV-Las Vegas,88.1,NV
1995-07-01,NY-New York,78.99,NY
1995-07-01,OH-Cleveland,83.71,OH
1995-07-01,OR-Portland,80.25,OR
1995-07-01,TX-Dallas,,TX
1995-07-01,WA-Seattle,72.62,WA
1995-07-01,Composite-10,77.26,Composite
1995-07-01,Composite-20,,Composite
1995-07-01,National-US,81.44,National
1995-08-01,AZ-Phoenix,77.71,AZ
1995-08-01,CA-Los Angeles,75.11,CA
1995-08-01,CA-San Diego,72.72,CA
1995-08-01,CA-San Francisco,67.78,CA
1995-08-01,CO-Denver,70.58,CO
1995-08-01,DC-Washington,89.35,DC
1995-08-01,FL-Miami,87.39,FL
1995-08-01,FL-Tampa,87.12,FL
1995-08-01,GA-Atlanta,79.57,GA
1995-08-01,IL-Chicago,83.79,IL
1995-08-01,MA-Boston,71.04,MA
1995-08-01,MI-Detroit,71.76,MI
1995-08-01,MN-Minneapolis,76.42,MN
1995-08-01,NC-Charlotte,83.83,NC
1995-08-01,NV-Las Vegas,88.6,NV
1995-08-01,NY-New York,79.17,NY
1995-08-01,OH-Cleveland,84.18,OH
1995-08-01,OR-Portland,81.22,OR
1995-08-01,TX-Dallas,,TX
1995-08-01,WA-Seattle,72.88,WA
1995-08-01,Composite-10,77.47,Composite
1995-08-01,Composite-20,,Composite
1995-08-01,National-US,81.68,National
1995-09-01,AZ-Phoenix,77.87,AZ
1995-09-01,CA-Los Angeles,74.87,CA
1995-09-01,CA-San Diego,72.71,CA
1995-09-01,CA-San Francisco,67.76,CA
1995-09-01,CO-Denver,71.02,CO
1995-09-01,DC-Washington,89.32,DC
1995-09-01,FL-Miami,87.37,FL
1995-09-01,FL-Tampa,87.24,FL
1995-09-01,GA-Atlanta,79.9,GA
1995-09-01,IL-Chicago,83.92,IL
1995-09-01,MA-Boston,70.94,MA
1995-09-01,MI-Detroit,72.4,MI
1995-09-01,MN-Minneapolis,76.57,MN
1995-09-01,NC-Charlotte,84.34,NC
1995-09-01,NV-Las Vegas,88.96,NV
1995-09-01,NY-New York,79.17,NY
1995-09-01,OH-Cleveland,84.32,OH
1995-09-01,OR-Portland,81.45,OR
1995-09-01,TX-Dallas,,TX
1995-09-01,WA-Seattle,73.02,WA
1995-09-01,Composite-10,77.43,Composite
1995-09-01,Composite-20,,Composite
1995-09-01,National-US,81.76,National
1995-10-01,AZ-Phoenix,78.15,AZ
1995-10-01,CA-Los Angeles,74.6,CA
1995-10-01,CA-San Diego,72.33,CA
1995-10-01,CA-San Francisco,67.3,CA
1995-10-01,CO-Denver,71.26,CO
1995-10-01,DC-Washington,89.11,DC
1995-10-01,FL-Miami,87.64,FL
1995-10-01,FL-Tampa,87.38,FL
1995-10-01,GA-Atlanta,80.1,GA
1995-10-01,IL-Chicago,83.79,IL
1995-10-01,MA-Boston,70.69,MA
1995-10-01,MI-Detroit,72.75,MI
1995-10-01,MN-Minneapolis,75.92,MN
1995-10-01,NC-Charlotte,84.57,NC
1995-10-01,NV-Las Vegas,89.21,NV
1995-10-01,NY-New York,79.11,NY
1995-10-01,OH-Cleveland,84.66,OH
1995-10-01,OR-Portland,81.92,OR
1995-10-01,TX-Dallas,,TX
1995-10-01,WA-Seattle,73.1,WA
1995-10-01,Composite-10,77.26,Composite
1995-10-01,Composite-20,,Composite
1995-10-01,National-US,81.75,National
1995-11-01,AZ-Phoenix,78.39,AZ
1995-11-01,CA-Los Angeles,74.13,CA
1995-11-01,CA-San Diego,71.79,CA
1995-11-01,CA-San Francisco,66.8,CA
1995-11-01,CO-Denver,71.38,CO
1995-11-01,DC-Washington,88.68,DC
1995-11-01,FL-Miami,87.55,FL
1995-11-01,FL-Tampa,87.41,FL
1995-11-01,GA-Atlanta,80.18,GA
1995-11-01,IL-Chicago,83.97,IL
1995-11-01,MA-Boston,70.19,MA
1995-11-01,MI-Detroit,73.11,MI
1995-11-01,MN-Minneapolis,76.01,MN
1995-11-01,NC-Charlotte,84.69,NC
1995-11-01,NV-Las Vegas,89.15,NV
1995-11-01,NY-New York,78.85,NY
1995-11-01,OH-Cleveland,84.61,OH
1995-11-01,OR-Portland,82.03,OR
1995-11-01,TX-Dallas,,TX
1995-11-01,WA-Seattle,72.92,WA
1995-11-01,Composite-10,76.95,Composite
1995-11-01,Composite-20,,Composite
1995-11-01,National-US,81.66,National
1995-12-01,AZ-Phoenix,78.74,AZ
1995-12-01,CA-Los Angeles,73.6,CA
1995-12-01,CA-San Diego,71.36,CA
1995-12-01,CA-San Francisco,66.43,CA
1995-12-01,CO-Denver,71.5,CO
1995-12-01,DC-Washington,88.44,DC
1995-12-01,FL-Miami,87.69,FL
1995-12-01,FL-Tampa,87.13,FL
1995-12-01,GA-Atlanta,80.38,GA
1995-12-01,IL-Chicago,83.8,IL
1995-12-01,MA-Boston,69.93,MA
1995-12-01,MI-Detroit,73.2,MI
1995-12-01,MN-Minneapolis,76.13,MN
1995-12-01,NC-Charlotte,84.97,NC
1995-12-01,NV-Las Vegas,89.04,NV
1995-12-01,NY-New York,78.7,NY
1995-12-01,OH-Cleveland,84.39,OH
1995-12-01,OR-Portland,82.54,OR
1995-12-01,TX-Dallas,,TX
1995-12-01,WA-Seattle,72.83,WA
1995-12-01,Composite-10,76.68,Composite
1995-12-01,Composite-20,,Composite
1995-12-01,National-US,81.54,National
1996-01-01,AZ-Phoenix,79.1,AZ
1996-01-01,CA-Los Angeles,73.39,CA
1996-01-01,CA-San Diego,71.36,CA
1996-01-01,CA-San Francisco,66.15,CA
1996-01-01,CO-Denver,71.34,CO
1996-01-01,DC-Washington,88.2,DC
1996-01-01,FL-Miami,87.52,FL
1996-01-01,FL-Tampa,87.04,FL
1996-01-01,GA-Atlanta,80.7,GA
1996-01-01,IL-Chicago,83.77,IL
1996-01-01,MA-Boston,70.15,MA
1996-01-01,MI-Detroit,73.33,MI
1996-01-01,MN-Minneapolis,76.22,MN
1996-01-01,NC-Charlotte,85.24,NC
1996-01-01,NV-Las Vegas,88.91,NV
1996-01-01,NY-New York,78.63,NY
1996-01-01,OH-Cleveland,84.14,OH
1996-01-01,OR-Portland,82.8,OR
1996-01-01,TX-Dallas,,TX
1996-01-01,WA-Seattle,72.35,WA
1996-01-01,Composite-10,76.56,Composite
1996-01-01,Composite-20,,Composite
1996-01-01,National-US,81.46,National
1996-02-01,AZ-Phoenix,79.47,AZ
1996-02-01,CA-Los Angeles,73.1,CA
1996-02-01,CA-San Diego,71.39,CA
1996-02-01,CA-San Francisco,65.97,CA
1996-02-01,CO-Denver,71.43,CO
1996-02-01,DC-Washington,87.83,DC
1996-02-01,FL-Miami,87.43,FL
1996-02-01,FL-Tampa,87.08,FL
1996-02-01,GA-Atlanta,80.97,GA
1996-02-01,IL-Chicago,83.31,IL
1996-02-01,MA-Boston,70.08,MA
1996-02-01,MI-Detroit,73.82,MI
1996-02-01,MN-Minneapolis,76.35,MN
1996-02-01,NC-Charlotte,85.68,NC
1996-02-01,NV-Las Vegas,89.25,NV
1996-02-01,NY-New York,78.73,NY
1996-02-01,OH-Cleveland,84.19,OH
1996-02-01,OR-Portland,83.5,OR
1996-02-01,TX-Dallas,,TX
1996-02-01,WA-Seattle,72.45,WA
1996-02-01,Composite-10,76.44,Composite
1996-02-01,Composite-20,,Composite
1996-02-01,National-US,81.43,National
1996-03-01,AZ-Phoenix,79.93,AZ
1996-03-01,CA-Los Angeles,73.07,CA
1996-03-01,CA-San Diego,71.22,CA
1996-03-01,CA-San Francisco,65.92,CA
1996-03-01,CO-Denver,71.9,CO
1996-03-01,DC-Washington,87.8,DC
1996-03-01,FL-Miami,86.73,FL
1996-03-01,FL-Tampa,87.58,FL
1996-03-01,GA-Atlanta,81.1,GA
1996-03-01,IL-Chicago,83.48,IL
1996-03-01,MA-Boston,70.57,MA
1996-03-01,MI-Detroit,74.2,MI
1996-03-01,MN-Minneapolis,76.5,MN
1996-03-01,NC-Charlotte,87.15,NC
1996-03-01,NV-Las Vegas,89.13,NV
1996-03-01,NY-New York,78.9,NY
1996-03-01,OH-Cleveland,84.82,OH
1996-03-01,OR-Portland,84.02,OR
1996-03-01,TX-Dallas,,TX
1996-03-01,WA-Seattle,73.21,WA
1996-03-01,Composite-10,76.49,Composite
1996-03-01,Composite-20,,Composite
1996-03-01,National-US,81.7,National
1996-04-01,AZ-Phoenix,80.39,AZ
1996-04-01,CA-Los Angeles,73.35,CA
1996-04-01,CA-San Diego,71.56,CA
1996-04-01,CA-San Francisco,66.44,CA
1996-04-01,CO-Denver,72.72,CO
1996-04-01,DC-Washington,88.39,DC
1996-04-01,FL-Miami,87.1,FL
1996-04-01,FL-Tampa,87.75,FL
1996-04-01,GA-Atlanta,81.49,GA
1996-04-01,IL-Chicago,84.35,IL
1996-04-01,MA-Boston,70.88,MA
1996-04-01,MI-Detroit,74.99,MI
1996-04-01,MN-Minneapolis,76.54,MN
1996-04-01,NC-Charlotte,87.97,NC
1996-04-01,NV-Las Vegas,89.59,NV
1996-04-01,NY-New York,78.94,NY
1996-04-01,OH-Cleveland,85.96,OH
1996-04-01,OR-Portland,85.18,OR
1996-04-01,TX-Dallas,,TX
1996-04-01,WA-Seattle,73.71,WA
1996-04-01,Composite-10,76.84,Composite
1996-04-01,Composite-20,,Composite
1996-04-01,National-US,82.15,National
1996-05-01,AZ-Phoenix,80.73,AZ
1996-05-01,CA-Los Angeles,73.88,CA
1996-05-01,CA-San Diego,72.05,CA
1996-05-01,CA-San Francisco,67.05,CA
1996-05-01,CO-Denver,73.36,CO
1996-05-01,DC-Washington,88.83,DC
1996-05-01,FL-Miami,87.34,FL
1996-05-01,FL-Tampa,87.79,FL
1996-05-01,GA-Atlanta,81.85,GA
1996-05-01,IL-Chicago,84.88,IL
1996-05-01,MA-Boston,71.52,MA
1996-05-01,MI-Detroit,75.72,MI
1996-05-01,MN-Minneapolis,76.68,MN
1996-05-01,NC-Charlotte,88.78,NC
1996-05-01,NV-Las Vegas,89.77,NV
1996-05-01,NY-New York,79.36,NY
1996-05-01,OH-Cleveland,86.55,OH
1996-05-01,OR-Portland,85.98,OR
1996-05-01,TX-Dallas,,TX
1996-05-01,WA-Seattle,74.25,WA
1996-05-01,Composite-10,77.33,Composite
1996-05-01,Composite-20,,Composite
1996-05-01,National-US,82.63,National
1996-06-01,AZ-Phoenix,81.1,AZ
1996-06-01,CA-Los Angeles,74.52,CA
1996-06-01,CA-San Diego,72.23,CA
1996-06-01,CA-San Francisco,67.67,CA
1996-06-01,CO-Denver,73.58,CO
1996-06-01,DC-Washington,89.19,DC
1996-06-01,FL-Miami,87.61,FL
1996-06-01,FL-Tampa,87.9,FL
1996-06-01,GA-Atlanta,82.26,GA
1996-06-01,IL-Chicago,85.53,IL
1996-06-01,MA-Boston,72.47,MA
1996-06-01,MI-Detroit,76.53,MI
1996-06-01,MN-Minneapolis,77.28,MN
1996-06-01,NC-Charlotte,88.62,NC
1996-06-01,NV-Las Vegas,90.26,NV
1996-06-01,NY-New York,79.52,NY
1996-06-01,OH-Cleveland,87.1,OH
1996-06-01,OR-Portland,86.63,OR
1996-06-01,TX-Dallas,,TX
1996-06-01,WA-Seattle,74.63,WA
1996-06-01,Composite-10,77.78,Composite
1996-06-01,Composite-20,,Composite
1996-06-01,National-US,83.08,National
1996-07-01,AZ-Phoenix,81.45,AZ
1996-07-01,CA-Los Angeles,74.71,CA
1996-07-01,CA-San Diego,72.26,CA
1996-07-01,CA-San Francisco,68.02,CA
1996-07-01,CO-Denver,73.91,CO
1996-07-01,DC-Washington,89.33,DC
1996-07-01,FL-Miami,87.84,FL
1996-07-01,FL-Tampa,87.89,FL
1996-07-01,GA-Atlanta,82.3,GA
1996-07-01,IL-Chicago,85.75,IL
1996-07-01,MA-Boston,73.24,MA
1996-07-01,MI-Detroit,77.29,MI
1996-07-01,MN-Minneapolis,78.14,MN
1996-07-01,NC-Charlotte,88.56,NC
1996-07-01,NV-Las Vegas,90.43,NV
1996-07-01,NY-New York,79.97,NY
1996-07-01,OH-Cleveland,87.6,OH
1996-07-01,OR-Portland,87.02,OR
1996-07-01,TX-Dallas,,TX
1996-07-01,WA-Seattle,74.68,WA
1996-07-01,Composite-10,78.1,Composite
1996-07-01,Composite-20,,Composite
1996-07-01,National-US,83.45,National
1996-08-01,AZ-Phoenix,81.87,AZ
1996-08-01,CA-Los Angeles,74.9,CA
1996-08-01,CA-San Diego,72.02,CA
1996-08-01,CA-San Francisco,68.35,CA
1996-08-01,CO-Denver,73.97,CO
1996-08-01,DC-Washington,89.41,DC
1996-08-01,FL-Miami,87.97,FL
1996-08-01,FL-Tampa,88.2,FL
1996-08-01,GA-Atlanta,82.61,GA
1996-08-01,IL-Chicago,86.03,IL
1996-08-01,MA-Boston,73.98,MA
1996-08-01,MI-Detroit,77.97,MI
1996-08-01,MN-Minneapolis,78.57,MN
1996-08-01,NC-Charlotte,88.68,NC
1996-08-01,NV-Las Vegas,90.37,NV
1996-08-01,NY-New York,80.31,NY
1996-08-01,OH-Cleveland,87.78,OH
1996-08-01,OR-Portland,87.27,OR
1996-08-01,TX-Dallas,,TX
1996-08-01,WA-Seattle,75.01,WA
1996-08-01,Composite-10,78.36,Composite
1996-08-01,Composite-20,,Composite
1996-08-01,National-US,83.68,National
1996-09-01,AZ-Phoenix,82.1,AZ
1996-09-01,CA-Los Angeles,74.69,CA
1996-09-01,CA-San Diego,72.23,CA
1996-09-01,CA-San Francisco,68.43,CA
1996-09-01,CO-Denver,74.26,CO
1996-09-01,DC-Washington,89.29,DC
1996-09-01,FL-Miami,88.13,FL
1996-09-01,FL-Tampa,88.1,FL
1996-09-01,GA-Atlanta,82.93,GA
1996-09-01,IL-Chicago,86.03,IL
1996-09-01,MA-Boston,73.86,MA
1996-09-01,MI-Detroit,78.51,MI
1996-09-01,MN-Minneapolis,78.89,MN
1996-09-01,NC-Charlotte,88.49,NC
1996-09-01,NV-Las Vegas,90.1,NV
1996-09-01,NY-New York,80.45,NY
1996-09-01,OH-Cleveland,87.9,OH
1996-09-01,OR-Portland,88.13,OR
1996-09-01,TX-Dallas,,TX
1996-09-01,WA-Seattle,74.68,WA
1996-09-01,Composite-10,78.37,Composite
1996-09-01,Composite-20,,Composite
1996-09-01,National-US,83.74,National
1996-10-01,AZ-Phoenix,82.21,AZ
1996-10-01,CA-Los Angeles,74.7,CA
1996-10-01,CA-San Diego,72.07,CA
1996-10-01,CA-San Francisco,68.53,CA
1996-10-01,CO-Denver,74.51,CO
1996-10-01,DC-Washington,89.21,DC
1996-10-01,FL-Miami,88.11,FL
1996-10-01,FL-Tampa,88.46,FL
1996-10-01,GA-Atlanta,83.14,GA
1996-10-01,IL-Chicago,86.1,IL
1996-10-01,MA-Boston,73.9,MA
1996-10-01,MI-Detroit,78.98,MI
1996-10-01,MN-Minneapolis,79.17,MN
1996-10-01,NC-Charlotte,88.53,NC
1996-10-01,NV-Las Vegas,89.88,NV
1996-10-01,NY-New York,80.35,NY
1996-10-01,OH-Cleveland,87.92,OH
1996-10-01,OR-Portland,89.15,OR
1996-10-01,TX-Dallas,,TX
1996-10-01,WA-Seattle,74.95,WA
1996-10-01,Composite-10,78.36,Composite
1996-10-01,Composite-20,,Composite
1996-10-01,National-US,83.66,National
1996-11-01,AZ-Phoenix,82.3,AZ
1996-11-01,CA-Los Angeles,74.5,CA
1996-11-01,CA-San Diego,72.2,CA
1996-11-01,CA-San Francisco,68.72,CA
1996-11-01,CO-Denver,74.81,CO
1996-11-01,DC-Washington,88.94,DC
1996-11-01,FL-Miami,88.24,FL
1996-11-01,FL-Tampa,88.37,FL
1996-11-01,GA-Atlanta,83.36,GA
1996-11-01,IL-Chicago,86.21,IL
1996-11-01,MA-Boston,73.58,MA
1996-11-01,MI-Detroit,79.24,MI
1996-11-01,MN-Minneapolis,79.51,MN
1996-11-01,NC-Charlotte,88.69,NC
1996-11-01,NV-Las Vegas,89.58,NV
1996-11-01,NY-New York,80.02,NY
1996-11-01,OH-Cleveland,87.85,OH
1996-11-01,OR-Portland,90.16,OR
1996-11-01,TX-Dallas,,TX
1996-11-01,WA-Seattle,74.67,WA
1996-11-01,Composite-10,78.23,Composite
1996-11-01,Composite-20,,Composite
1996-11-01,National-US,83.59,National
1996-12-01,AZ-Phoenix,82.34,AZ
1996-12-01,CA-Los Angeles,74.15,CA
1996-12-01,CA-San Diego,71.74,CA
1996-12-01,CA-San Francisco,68.69,CA
1996-12-01,CO-Denver,75.07,CO
1996-12-01,DC-Washington,88.45,DC
1996-12-01,FL-Miami,88.16,FL
1996-12-01,FL-Tampa,88.76,FL
1996-12-01,GA-Atlanta,83.33,GA
1996-12-01,IL-Chicago,86.29,IL
1996-12-01,MA-Boston,73.84,MA
1996-12-01,MI-Detroit,79.19,MI
1996-12-01,MN-Minneapolis,79.66,MN
1996-12-01,NC-Charlotte,88.87,NC
1996-12-01,NV-Las Vegas,90.01,NV
1996-12-01,NY-New York,80.03,NY
1996-12-01,OH-Cleveland,87.69,OH
1996-12-01,OR-Portland,90.59,OR
1996-12-01,TX-Dallas,,TX
1996-12-01,WA-Seattle,74.7,WA
1996-12-01,Composite-10,78.12,Composite
1996-12-01,Composite-20,,Composite
1996-12-01,National-US,83.52,National
1997-01-01,AZ-Phoenix,82.59,AZ
1997-01-01,CA-Los Angeles,73.91,CA
1997-01-01,CA-San Diego,71.95,CA
1997-01-01,CA-San Francisco,68.8,CA
1997-01-01,CO-Denver,74.96,CO
1997-01-01,DC-Washington,88.26,DC
1997-01-01,FL-Miami,88.14,FL
1997-01-01,FL-Tampa,88.52,FL
1997-01-01,GA-Atlanta,83.54,GA
1997-01-01,IL-Chicago,86.04,IL
1997-01-01,MA-Boston,74.02,MA
1997-01-01,MI-Detroit,79.1,MI
1997-01-01,MN-Minneapolis,79.73,MN
1997-01-01,NC-Charlotte,89.28,NC
1997-01-01,NV-Las Vegas,90.49,NV
1997-01-01,NY-New York,80.08,NY
1997-01-01,OH-Cleveland,87.21,OH
1997-01-01,OR-Portland,90.79,OR
1997-01-01,TX-Dallas,,TX
1997-01-01,WA-Seattle,74.84,WA
1997-01-01,Composite-10,78.08,Composite
1997-01-01,Composite-20,,Composite
1997-01-01,National-US,83.56,National
1997-02-01,AZ-Phoenix,82.9,AZ
1997-02-01,CA-Los Angeles,73.54,CA
1997-02-01,CA-San Diego,72.04,CA
1997-02-01,CA-San Francisco,68.81,CA
1997-02-01,CO-Denver,75.15,CO
1997-02-01,DC-Washington,88.17,DC
1997-02-01,FL-Miami,87.94,FL
1997-02-01,FL-Tampa,88.37,FL
1997-02-01,GA-Atlanta,83.54,GA
1997-02-01,IL-Chicago,85.84,IL
1997-02-01,MA-Boston,73.93,MA
1997-02-01,MI-Detroit,78.91,MI
1997-02-01,MN-Minneapolis,79.59,MN
1997-02-01,NC-Charlotte,89.39,NC
1997-02-01,NV-Las Vegas,91.39,NV
1997-02-01,NY-New York,80.08,NY
1997-02-01,OH-Cleveland,87.62,OH
1997-02-01,OR-Portland,91.68,OR
1997-02-01,TX-Dallas,,TX
1997-02-01,WA-Seattle,75.43,WA
1997-02-01,Composite-10,77.98,Composite
1997-02-01,Composite-20,,Composite
1997-02-01,National-US,83.63,National
1997-03-01,AZ-Phoenix,83.39,AZ
1997-03-01,CA-Los Angeles,73.98,CA
1997-03-01,CA-San Diego,72.45,CA
1997-03-01,CA-San Francisco,69.78,CA
1997-03-01,CO-Denver,75.69,CO
1997-03-01,DC-Washington,88.47,DC
1997-03-01,FL-Miami,87.93,FL
1997-03-01,FL-Tampa,87.59,FL
1997-03-01,GA-Atlanta,83.78,GA
1997-03-01,IL-Chicago,86.21,IL
1997-03-01,MA-Boston,74.48,MA
1997-03-01,MI-Detroit,79.7,MI
1997-03-01,MN-Minneapolis,79.41,MN
1997-03-01,NC-Charlotte,90.3,NC
1997-03-01,NV-Las Vegas,91.62,NV
1997-03-01,NY-New York,79.97,NY
1997-03-01,OH-Cleveland,88.15,OH
1997-03-01,OR-Portland,92.63,OR
1997-03-01,TX-Dallas,,TX
1997-03-01,WA-Seattle,76.33,WA
1997-03-01,Composite-10,78.29,Composite
1997-03-01,Composite-20,,Composite
1997-03-01,National-US,83.94,National
1997-04-01,AZ-Phoenix,83.88,AZ
1997-04-01,CA-Los Angeles,74.82,CA
1997-04-01,CA-San Diego,73.04,CA
1997-04-01,CA-San Francisco,71.09,CA
1997-04-01,CO-Denver,76.36,CO
1997-04-01,DC-Washington,88.44,DC
1997-04-01,FL-Miami,88.33,FL
1997-04-01,FL-Tampa,88.17,FL
1997-04-01,GA-Atlanta,84.37,GA
1997-04-01,IL-Chicago,86.42,IL
1997-04-01,MA-Boston,74.92,MA
1997-04-01,MI-Detroit,80.49,MI
1997-04-01,MN-Minneapolis,79.3,MN
1997-04-01,NC-Charlotte,90.42,NC
1997-04-01,NV-Las Vegas,91.46,NV
1997-04-01,NY-New York,80.03,NY
1997-04-01,OH-Cleveland,88.6,OH
1997-04-01,OR-Portland,93.53,OR
1997-04-01,TX-Dallas,,TX
1997-04-01,WA-Seattle,77.71,WA
1997-04-01,Composite-10,78.76,Composite
1997-04-01,Composite-20,,Composite
1997-04-01,National-US,84.36,National
1997-05-01,AZ-Phoenix,84.26,AZ
1997-05-01,CA-Los Angeles,75.72,CA
1997-05-01,CA-San Diego,73.56,CA
1997-05-01,CA-San Francisco,72.19,CA
1997-05-01,CO-Denver,76.95,CO
1997-05-01,DC-Washington,88.88,DC
1997-05-01,FL-Miami,88.58,FL
1997-05-01,FL-Tampa,88.57,FL
1997-05-01,GA-Atlanta,85.03,GA
1997-05-01,IL-Chicago,86.74,IL
1997-05-01,MA-Boston,75.86,MA
1997-05-01,MI-Detroit,81.45,MI
1997-05-01,MN-Minneapolis,80.02,MN
1997-05-01,NC-Charlotte,90.85,NC
1997-05-01,NV-Las Vegas,91.48,NV
1997-05-01,NY-New York,80.53,NY
1997-05-01,OH-Cleveland,89.18,OH
1997-05-01,OR-Portland,93.92,OR
1997-05-01,TX-Dallas,,TX
1997-05-01,WA-Seattle,79.18,WA
1997-05-01,Composite-10,79.42,Composite
1997-05-01,Composite-20,,Composite
1997-05-01,National-US,84.9,National
1997-06-01,AZ-Phoenix,84.52,AZ
1997-06-01,CA-Los Angeles,76.62,CA
1997-06-01,CA-San Diego,74.49,CA
1997-06-01,CA-San Francisco,73.12,CA
1997-06-01,CO-Denver,77.6,CO
1997-06-01,DC-Washington,89.4,DC
1997-06-01,FL-Miami,88.81,FL
1997-06-01,FL-Tampa,88.87,FL
1997-06-01,GA-Atlanta,85.38,GA
1997-06-01,IL-Chicago,87.26,IL
1997-06-01,MA-Boston,76.9,MA
1997-06-01,MI-Detroit,82.21,MI
1997-06-01,MN-Minneapolis,80.65,MN
1997-06-01,NC-Charlotte,91.01,NC
1997-06-01,NV-Las Vegas,91.8,NV
1997-06-01,NY-New York,81.53,NY
1997-06-01,OH-Cleveland,89.33,OH
1997-06-01,OR-Portland,93.45,OR
1997-06-01,TX-Dallas,,TX
1997-06-01,WA-Seattle,80.35,WA
1997-06-01,Composite-10,80.25,Composite
1997-06-01,Composite-20,,Composite
1997-06-01,National-US,85.44,National
1997-07-01,AZ-Phoenix,84.56,AZ
1997-07-01,CA-Los Angeles,77.2,CA
1997-07-01,CA-San Diego,74.99,CA
1997-07-01,CA-San Francisco,73.75,CA
1997-07-01,CO-Denver,78.22,CO
1997-07-01,DC-Washington,89.68,DC
1997-07-01,FL-Miami,88.83,FL
1997-07-01,FL-Tampa,89.13,FL
1997-07-01,GA-Atlanta,85.61,GA
1997-07-01,IL-Chicago,87.88,IL
1997-07-01,MA-Boston,77.61,MA
1997-07-01,MI-Detroit,82.8,MI
1997-07-01,MN-Minneapolis,82.33,MN
1997-07-01,NC-Charlotte,91.55,NC
1997-07-01,NV-Las Vegas,92.32,NV
1997-07-01,NY-New York,82.32,NY
1997-07-01,OH-Cleveland,90.06,OH
1997-07-01,OR-Portland,93.52,OR
1997-07-01,TX-Dallas,,TX
1997-07-01,WA-Seattle,81.44,WA
1997-07-01,Composite-10,80.86,Composite
1997-07-01,Composite-20,,Composite
1997-07-01,National-US,85.88,National
1997-08-01,AZ-Phoenix,84.84,AZ
1997-08-01,CA-Los Angeles,78.07,CA
1997-08-01,CA-San Diego,75.73,CA
1997-08-01,CA-San Francisco,74.43,CA
1997-08-01,CO-Denver,78.76,CO
1997-08-01,DC-Washington,89.97,DC
1997-08-01,FL-Miami,89.0,FL
1997-08-01,FL-Tampa,89.54,FL
1997-08-01,GA-Atlanta,85.75,GA
1997-08-01,IL-Chicago,88.34,IL
1997-08-01,MA-Boston,78.14,MA
1997-08-01,MI-Detroit,83.2,MI
1997-08-01,MN-Minneapolis,82.73,MN
1997-08-01,NC-Charlotte,91.83,NC
1997-08-01,NV-Las Vegas,92.74,NV
1997-08-01,NY-New York,82.72,NY
1997-08-01,OH-Cleveland,89.92,OH
1997-08-01,OR-Portland,93.2,OR
1997-08-01,TX-Dallas,,TX
1997-08-01,WA-Seattle,81.72,WA
1997-08-01,Composite-10,81.41,Composite
1997-08-01,Composite-20,,Composite
1997-08-01,National-US,86.19,National
1997-09-01,AZ-Phoenix,85.26,AZ
1997-09-01,CA-Los Angeles,78.29,CA
1997-09-01,CA-San Diego,75.95,CA
1997-09-01,CA-San Francisco,74.76,CA
1997-09-01,CO-Denver,78.88,CO
1997-09-01,DC-Washington,89.93,DC
1997-09-01,FL-Miami,89.31,FL
1997-09-01,FL-Tampa,89.71,FL
1997-09-01,GA-Atlanta,86.26,GA
1997-09-01,IL-Chicago,88.46,IL
1997-09-01,MA-Boston,78.33,MA
1997-09-01,MI-Detroit,84.0,MI
1997-09-01,MN-Minneapolis,82.26,MN
1997-09-01,NC-Charlotte,92.18,NC
1997-09-01,NV-Las Vegas,92.88,NV
1997-09-01,NY-New York,82.8,NY
1997-09-01,OH-Cleveland,90.37,OH
1997-09-01,OR-Portland,93.37,OR
1997-09-01,TX-Dallas,,TX
1997-09-01,WA-Seattle,82.1,WA
1997-09-01,Composite-10,81.57,Composite
1997-09-01,Composite-20,,Composite
1997-09-01,National-US,86.35,National
1997-10-01,AZ-Phoenix,85.81,AZ
1997-10-01,CA-Los Angeles,78.77,CA
1997-10-01,CA-San Diego,76.47,CA
1997-10-01,CA-San Francisco,75.22,CA
1997-10-01,CO-Denver,79.14,CO
1997-10-01,DC-Washington,89.98,DC
1997-10-01,FL-Miami,89.71,FL
1997-10-01,FL-Tampa,89.71,FL
1997-10-01,GA-Atlanta,86.52,GA
1997-10-01,IL-Chicago,88.62,IL
1997-10-01,MA-Boston,78.64,MA
1997-10-01,MI-Detroit,84.41,MI
1997-10-01,MN-Minneapolis,82.55,MN
1997-10-01,NC-Charlotte,92.41,NC
1997-10-01,NV-Las Vegas,93.1,NV
1997-10-01,NY-New York,82.84,NY
1997-10-01,OH-Cleveland,89.99,OH
1997-10-01,OR-Portland,93.11,OR
1997-10-01,TX-Dallas,,TX
1997-10-01,WA-Seattle,82.32,WA
1997-10-01,Composite-10,81.83,Composite
1997-10-01,Composite-20,,Composite
1997-10-01,National-US,86.44,National
1997-11-01,AZ-Phoenix,86.17,AZ
1997-11-01,CA-Los Angeles,78.97,CA
1997-11-01,CA-San Diego,76.77,CA
1997-11-01,CA-San Francisco,75.31,CA
1997-11-01,CO-Denver,79.45,CO
1997-11-01,DC-Washington,89.75,DC
1997-11-01,FL-Miami,90.03,FL
1997-11-01,FL-Tampa,89.75,FL
1997-11-01,GA-Atlanta,86.95,GA
1997-11-01,IL-Chicago,88.99,IL
1997-11-01,MA-Boston,78.77,MA
1997-11-01,MI-Detroit,84.84,MI
1997-11-01,MN-Minneapolis,82.52,MN
1997-11-01,NC-Charlotte,92.32,NC
1997-11-01,NV-Las Vegas,93.01,NV
1997-11-01,NY-New York,82.94,NY
1997-11-01,OH-Cleveland,90.49,OH
1997-11-01,OR-Portland,93.5,OR
1997-11-01,TX-Dallas,,TX
1997-11-01,WA-Seattle,82.68,WA
1997-11-01,Composite-10,81.98,Composite
1997-11-01,Composite-20,,Composite
1997-11-01,National-US,86.67,National
1997-12-01,AZ-Phoenix,86.41,AZ
1997-12-01,CA-Los Angeles,79.5,CA
1997-12-01,CA-San Diego,77.57,CA
1997-12-01,CA-San Francisco,75.81,CA
1997-12-01,CO-Denver,79.91,CO
1997-12-01,DC-Washington,89.71,DC
1997-12-01,FL-Miami,90.5,FL
1997-12-01,FL-Tampa,90.2,FL
1997-12-01,GA-Atlanta,87.09,GA
1997-12-01,IL-Chicago,89.18,IL
1997-12-01,MA-Boston,78.94,MA
1997-12-01,MI-Detroit,84.81,MI
1997-12-01,MN-Minneapolis,82.76,MN
1997-12-01,NC-Charlotte,92.15,NC
1997-12-01,NV-Las Vegas,93.04,NV
1997-12-01,NY-New York,83.11,NY
1997-12-01,OH-Cleveland,90.37,OH
1997-12-01,OR-Portland,93.77,OR
1997-12-01,TX-Dallas,,TX
1997-12-01,WA-Seattle,83.15,WA
1997-12-01,Composite-10,82.31,Composite
1997-12-01,Composite-20,,Composite
1997-12-01,National-US,86.89,National
1998-01-01,AZ-Phoenix,86.64,AZ
1998-01-01,CA-Los Angeles,80.28,CA
1998-01-01,CA-San Diego,78.23,CA
1998-01-01,CA-San Francisco,76.19,CA
1998-01-01,CO-Denver,80.17,CO
1998-01-01,DC-Washington,89.5,DC
1998-01-01,FL-Miami,90.8,FL
1998-01-01,FL-Tampa,90.68,FL
1998-01-01,GA-Atlanta,87.4,GA
1998-01-01,IL-Chicago,89.69,IL
1998-01-01,MA-Boston,79.24,MA
1998-01-01,MI-Detroit,84.98,MI
1998-01-01,MN-Minneapolis,82.68,MN
1998-01-01,NC-Charlotte,92.13,NC
1998-01-01,NV-Las Vegas,92.94,NV
1998-01-01,NY-New York,83.36,NY
1998-01-01,OH-Cleveland,90.78,OH
1998-01-01,OR-Portland,93.6,OR
1998-01-01,TX-Dallas,,TX
1998-01-01,WA-Seattle,83.49,WA
1998-01-01,Composite-10,82.7,Composite
1998-01-01,Composite-20,,Composite
1998-01-01,National-US,87.2,National
1998-02-01,AZ-Phoenix,87.09,AZ
1998-02-01,CA-Los Angeles,81.14,CA
1998-02-01,CA-San Diego,79.03,CA
1998-02-01,CA-San Francisco,76.53,CA
1998-02-01,CO-Denver,80.33,CO
1998-02-01,DC-Washington,89.33,DC
1998-02-01,FL-Miami,90.88,FL
1998-02-01,FL-Tampa,90.81,FL
1998-02-01,GA-Atlanta,87.6,GA
1998-02-01,IL-Chicago,89.75,IL
1998-02-01,MA-Boston,79.48,MA
1998-02-01,MI-Detroit,85.41,MI
1998-02-01,MN-Minneapolis,83.06,MN
1998-02-01,NC-Charlotte,92.37,NC
1998-02-01,NV-Las Vegas,93.3,NV
1998-02-01,NY-New York,83.85,NY
1998-02-01,OH-Cleveland,90.76,OH
1998-02-01,OR-Portland,93.57,OR
1998-02-01,TX-Dallas,,TX
1998-02-01,WA-Seattle,84.61,WA
1998-02-01,Composite-10,83.13,Composite
1998-02-01,Composite-20,,Composite
1998-02-01,National-US,87.41,National
1998-03-01,AZ-Phoenix,87.52,AZ
1998-03-01,CA-Los Angeles,82.73,CA
1998-03-01,CA-San Diego,80.45,CA
1998-03-01,CA-San Francisco,77.48,CA
1998-03-01,CO-Denver,80.69,CO
1998-03-01,DC-Washington,89.42,DC
1998-03-01,FL-Miami,90.75,FL
1998-03-01,FL-Tampa,90.91,FL
1998-03-01,GA-Atlanta,88.2,GA
1998-03-01,IL-Chicago,89.99,IL
1998-03-01,MA-Boston,80.2,MA
1998-03-01,MI-Detroit,85.67,MI
1998-03-01,MN-Minneapolis,83.03,MN
1998-03-01,NC-Charlotte,92.86,NC
1998-03-01,NV-Las Vegas,94.48,NV
1998-03-01,NY-New York,84.28,NY
1998-03-01,OH-Cleveland,91.1,OH
1998-03-01,OR-Portland,94.07,OR
1998-03-01,TX-Dallas,,TX
1998-03-01,WA-Seattle,85.7,WA
1998-03-01,Composite-10,83.87,Composite
1998-03-01,Composite-20,,Composite
1998-03-01,National-US,87.92,National
1998-04-01,AZ-Phoenix,88.06,AZ
1998-04-01,CA-Los Angeles,83.96,CA
1998-04-01,CA-San Diego,81.88,CA
1998-04-01,CA-San Francisco,79.08,CA
1998-04-01,CO-Denver,81.48,CO
1998-04-01,DC-Washington,90.05,DC
1998-04-01,FL-Miami,91.03,FL
1998-04-01,FL-Tampa,91.21,FL
1998-04-01,GA-Atlanta,89.03,GA
1998-04-01,IL-Chicago,90.12,IL
1998-04-01,MA-Boston,81.07,MA
1998-04-01,MI-Detroit,86.38,MI
1998-04-01,MN-Minneapolis,83.75,MN
1998-04-01,NC-Charlotte,93.22,NC
1998-04-01,NV-Las Vegas,94.58,NV
1998-04-01,NY-New York,84.76,NY
1998-04-01,OH-Cleveland,91.88,OH
1998-04-01,OR-Portland,94.95,OR
1998-04-01,TX-Dallas,,TX
1998-04-01,WA-Seattle,86.92,WA
1998-04-01,Composite-10,84.69,Composite
1998-04-01,Composite-20,,Composite
1998-04-01,National-US,88.6,National
1998-05-01,AZ-Phoenix,88.6,AZ
1998-05-01,CA-Los Angeles,85.4,CA
1998-05-01,CA-San Diego,83.13,CA
1998-05-01,CA-San Francisco,80.82,CA
1998-05-01,CO-Denver,82.4,CO
1998-05-01,DC-Washington,90.78,DC
1998-05-01,FL-Miami,91.43,FL
1998-05-01,FL-Tampa,91.47,FL
1998-05-01,GA-Atlanta,89.86,GA
1998-05-01,IL-Chicago,90.88,IL
1998-05-01,MA-Boston,82.55,MA
1998-05-01,MI-Detroit,87.25,MI
1998-05-01,MN-Minneapolis,84.35,MN
1998-05-01,NC-Charlotte,93.99,NC
1998-05-01,NV-Las Vegas,94.5,NV
1998-05-01,NY-New York,85.52,NY
1998-05-01,OH-Cleveland,92.61,OH
1998-05-01,OR-Portland,95.61,OR
1998-05-01,TX-Dallas,,TX
1998-05-01,WA-Seattle,88.06,WA
1998-05-01,Composite-10,85.77,Composite
1998-05-01,Composite-20,,Composite
1998-05-01,National-US,89.41,National
1998-06-01,AZ-Phoenix,89.41,AZ
1998-06-01,CA-Los Angeles,86.97,CA
1998-06-01,CA-San Diego,84.57,CA
1998-06-01,CA-San Francisco,82.41,CA
1998-06-01,CO-Denver,83.37,CO
1998-06-01,DC-Washington,91.76,DC
1998-06-01,FL-Miami,92.12,FL
1998-06-01,FL-Tampa,91.97,FL
1998-06-01,GA-Atlanta,90.49,GA
1998-06-01,IL-Chicago,92.01,IL
1998-06-01,MA-Boston,84.12,MA
1998-06-01,MI-Detroit,88.02,MI
1998-06-01,MN-Minneapolis,85.26,MN
1998-06-01,NC-Charlotte,94.45,NC
1998-06-01,NV-Las Vegas,94.32,NV
1998-06-01,NY-New York,86.58,NY
1998-06-01,OH-Cleveland,93.63,OH
1998-06-01,OR-Portland,96.14,OR
1998-06-01,TX-Dallas,,TX
1998-06-01,WA-Seattle,89.16,WA
1998-06-01,Composite-10,87.03,Composite
1998-06-01,Composite-20,,Composite
1998-06-01,National-US,90.23,National
1998-07-01,AZ-Phoenix,90.05,AZ
1998-07-01,CA-Los Angeles,88.62,CA
1998-07-01,CA-San Diego,85.81,CA
1998-07-01,CA-San Francisco,83.52,CA
1998-07-01,CO-Denver,84.2,CO
1998-07-01,DC-Washington,92.29,DC
1998-07-01,FL-Miami,92.67,FL
1998-07-01,FL-Tampa,92.72,FL
1998-07-01,GA-Atlanta,90.76,GA
1998-07-01,IL-Chicago,92.59,IL
1998-07-01,MA-Boston,85.42,MA
1998-07-01,MI-Detroit,88.79,MI
1998-07-01,MN-Minneapolis,86.14,MN
1998-07-01,NC-Charlotte,94.78,NC
1998-07-01,NV-Las Vegas,94.58,NV
1998-07-01,NY-New York,87.7,NY
1998-07-01,OH-Cleveland,93.94,OH
1998-07-01,OR-Portland,96.44,OR
1998-07-01,TX-Dallas,,TX
1998-07-01,WA-Seattle,90.01,WA
1998-07-01,Composite-10,88.14,Composite
1998-07-01,Composite-20,,Composite
1998-07-01,National-US,90.9,National
1998-08-01,AZ-Phoenix,90.54,AZ
1998-08-01,CA-Los Angeles,89.98,CA
1998-08-01,CA-San Diego,87.05,CA
1998-08-01,CA-San Francisco,84.41,CA
1998-08-01,CO-Denver,85.05,CO
1998-08-01,DC-Washington,92.76,DC
1998-08-01,FL-Miami,92.98,FL
1998-08-01,FL-Tampa,93.0,FL
1998-08-01,GA-Atlanta,90.99,GA
1998-08-01,IL-Chicago,93.02,IL
1998-08-01,MA-Boston,86.4,MA
1998-08-01,MI-Detroit,89.39,MI
1998-08-01,MN-Minneapolis,86.88,MN
1998-08-01,NC-Charlotte,95.04,NC
1998-08-01,NV-Las Vegas,94.69,NV
1998-08-01,NY-New York,88.48,NY
1998-08-01,OH-Cleveland,94.1,OH
1998-08-01,OR-Portland,96.81,OR
1998-08-01,TX-Dallas,,TX
1998-08-01,WA-Seattle,90.41,WA
1998-08-01,Composite-10,89.01,Composite
1998-08-01,Composite-20,,Composite
1998-08-01,National-US,91.44,National
1998-09-01,AZ-Phoenix,90.86,AZ
1998-09-01,CA-Los Angeles,90.95,CA
1998-09-01,CA-San Diego,87.82,CA
1998-09-01,CA-San Francisco,85.06,CA
1998-09-01,CO-Denver,85.79,CO
1998-09-01,DC-Washington,92.79,DC
1998-09-01,FL-Miami,93.2,FL
1998-09-01,FL-Tampa,93.47,FL
1998-09-01,GA-Atlanta,91.28,GA
1998-09-01,IL-Chicago,92.8,IL
1998-09-01,MA-Boston,87.19,MA
1998-09-01,MI-Detroit,90.01,MI
1998-09-01,MN-Minneapolis,87.36,MN
1998-09-01,NC-Charlotte,95.17,NC
1998-09-01,NV-Las Vegas,95.14,NV
1998-09-01,NY-New York,89.04,NY
1998-09-01,OH-Cleveland,94.17,OH
1998-09-01,OR-Portland,97.03,OR
1998-09-01,TX-Dallas,,TX
1998-09-01,WA-Seattle,90.92,WA
1998-09-01,Composite-10,89.58,Composite
1998-09-01,Composite-20,,Composite
1998-09-01,National-US,91.79,National
1998-10-01,AZ-Phoenix,91.15,AZ
1998-10-01,CA-Los Angeles,91.38,CA
1998-10-01,CA-San Diego,88.09,CA
1998-10-01,CA-San Francisco,85.05,CA
1998-10-01,CO-Denver,86.46,CO
1998-10-01,DC-Washington,92.88,DC
1998-10-01,FL-Miami,93.25,FL
1998-10-01,FL-Tampa,93.45,FL
1998-10-01,GA-Atlanta,91.95,GA
1998-10-01,IL-Chicago,92.82,IL
1998-10-01,MA-Boston,87.32,MA
1998-10-01,MI-Detroit,90.42,MI
1998-10-01,MN-Minneapolis,88.01,MN
1998-10-01,NC-Charlotte,95.42,NC
1998-10-01,NV-Las Vegas,95.14,NV
1998-10-01,NY-New York,89.31,NY
1998-10-01,OH-Cleveland,94.34,OH
1998-10-01,OR-Portland,97.29,OR
1998-10-01,TX-Dallas,,TX
1998-10-01,WA-Seattle,91.38,WA
1998-10-01,Composite-10,89.8,Composite
1998-10-01,Composite-20,,Composite
1998-10-01,National-US,92.03,National
1998-11-01,AZ-Phoenix,91.59,AZ
1998-11-01,CA-Los Angeles,91.38,CA
1998-11-01,CA-San Diego,88.28,CA
1998-11-01,CA-San Francisco,84.66,CA
1998-11-01,CO-Denver,86.96,CO
1998-11-01,DC-Washington,92.98,DC
1998-11-01,FL-Miami,93.49,FL
1998-11-01,FL-Tampa,93.8,FL
1998-11-01,GA-Atlanta,92.55,GA
1998-11-01,IL-Chicago,92.14,IL
1998-11-01,MA-Boston,87.14,MA
1998-11-01,MI-Detroit,91.02,MI
1998-11-01,MN-Minneapolis,88.79,MN
1998-11-01,NC-Charlotte,95.39,NC
1998-11-01,NV-Las Vegas,95.46,NV
1998-11-01,NY-New York,89.41,NY
1998-11-01,OH-Cleveland,94.54,OH
1998-11-01,OR-Portland,97.41,OR
1998-11-01,TX-Dallas,,TX
1998-11-01,WA-Seattle,91.72,WA
1998-11-01,Composite-10,89.76,Composite
1998-11-01,Composite-20,,Composite
1998-11-01,National-US,92.23,National
1998-12-01,AZ-Phoenix,92.04,AZ
1998-12-01,CA-Los Angeles,91.3,CA
1998-12-01,CA-San Diego,88.33,CA
1998-12-01,CA-San Francisco,84.5,CA
1998-12-01,CO-Denver,87.25,CO
1998-12-01,DC-Washington,93.21,DC
1998-12-01,FL-Miami,93.75,FL
1998-12-01,FL-Tampa,93.96,FL
1998-12-01,GA-Atlanta,92.95,GA
1998-12-01,IL-Chicago,92.4,IL
1998-12-01,MA-Boston,87.45,MA
1998-12-01,MI-Detroit,91.61,MI
1998-12-01,MN-Minneapolis,89.32,MN
1998-12-01,NC-Charlotte,95.48,NC
1998-12-01,NV-Las Vegas,95.46,NV
1998-12-01,NY-New York,89.43,NY
1998-12-01,OH-Cleveland,94.59,OH
1998-12-01,OR-Portland,97.88,OR
1998-12-01,TX-Dallas,,TX
1998-12-01,WA-Seattle,91.55,WA
1998-12-01,Composite-10,89.82,Composite
1998-12-01,Composite-20,,Composite
1998-12-01,National-US,92.48,National
1999-01-01,AZ-Phoenix,92.41,AZ
1999-01-01,CA-Los Angeles,91.22,CA
1999-01-01,CA-San Diego,89.18,CA
1999-01-01,CA-San Francisco,85.03,CA
1999-01-01,CO-Denver,87.93,CO
1999-01-01,DC-Washington,93.47,DC
1999-01-01,FL-Miami,94.01,FL
1999-01-01,FL-Tampa,94.0,FL
1999-01-01,GA-Atlanta,93.29,GA
1999-01-01,IL-Chicago,92.42,IL
1999-01-01,MA-Boston,88.48,MA
1999-01-01,MI-Detroit,92.26,MI
1999-01-01,MN-Minneapolis,89.73,MN
1999-01-01,NC-Charlotte,95.73,NC
1999-01-01,NV-Las Vegas,95.92,NV
1999-01-01,NY-New York,89.49,NY
1999-01-01,OH-Cleveland,94.95,OH
1999-01-01,OR-Portland,98.19,OR
1999-01-01,TX-Dallas,,TX
1999-01-01,WA-Seattle,91.66,WA
1999-01-01,Composite-10,90.06,Composite
1999-01-01,Composite-20,,Composite
1999-01-01,National-US,92.75,National
1999-02-01,AZ-Phoenix,92.91,AZ
1999-02-01,CA-Los Angeles,91.46,CA
1999-02-01,CA-San Diego,90.05,CA
1999-02-01,CA-San Francisco,85.93,CA
1999-02-01,CO-Denver,88.67,CO
1999-02-01,DC-Washington,93.41,DC
1999-02-01,FL-Miami,94.21,FL
1999-02-01,FL-Tampa,94.19,FL
1999-02-01,GA-Atlanta,93.64,GA
1999-02-01,IL-Chicago,92.68,IL
1999-02-01,MA-Boston,89.26,MA
1999-02-01,MI-Detroit,92.69,MI
1999-02-01,MN-Minneapolis,89.99,MN
1999-02-01,NC-Charlotte,96.05,NC
1999-02-01,NV-Las Vegas,96.38,NV
1999-02-01,NY-New York,89.89,NY
1999-02-01,OH-Cleveland,94.93,OH
1999-02-01,OR-Portland,98.59,OR
1999-02-01,TX-Dallas,,TX
1999-02-01,WA-Seattle,91.98,WA
1999-02-01,Composite-10,90.49,Composite
1999-02-01,Composite-20,,Composite
1999-02-01,National-US,93.02,National
1999-03-01,AZ-Phoenix,93.81,AZ
1999-03-01,CA-Los Angeles,92.37,CA
1999-03-01,CA-San Diego,91.32,CA
1999-03-01,CA-San Francisco,87.51,CA
1999-03-01,CO-Denver,90.22,CO
1999-03-01,DC-Washington,93.89,DC
1999-03-01,FL-Miami,94.75,FL
1999-03-01,FL-Tampa,94.28,FL
1999-03-01,GA-Atlanta,94.34,GA
1999-03-01,IL-Chicago,92.83,IL
1999-03-01,MA-Boston,90.14,MA
1999-03-01,MI-Detroit,92.82,MI
1999-03-01,MN-Minneapolis,90.42,MN
1999-03-01,NC-Charlotte,97.19,NC
1999-03-01,NV-Las Vegas,96.33,NV
1999-03-01,NY-New York,90.56,NY
1999-03-01,OH-Cleveland,95.67,OH
1999-03-01,OR-Portland,98.2,OR
1999-03-01,TX-Dallas,,TX
1999-03-01,WA-Seattle,93.23,WA
1999-03-01,Composite-10,91.31,Composite
1999-03-01,Composite-20,,Composite
1999-03-01,National-US,93.65,National
1999-04-01,AZ-Phoenix,94.63,AZ
1999-04-01,CA-Los Angeles,93.95,CA
1999-04-01,CA-San Diego,92.27,CA
1999-04-01,CA-San Francisco,89.21,CA
1999-04-01,CO-Denver,91.31,CO
1999-04-01,DC-Washington,94.98,DC
1999-04-01,FL-Miami,95.67,FL
1999-04-01,FL-Tampa,95.19,FL
1999-04-01,GA-Atlanta,94.98,GA
1999-04-01,IL-Chicago,94.07,IL
1999-04-01,MA-Boston,91.17,MA
1999-04-01,MI-Detroit,92.95,MI
1999-04-01,MN-Minneapolis,91.53,MN
1999-04-01,NC-Charlotte,98.12,NC
1999-04-01,NV-Las Vegas,96.59,NV
1999-04-01,NY-New York,91.59,NY
1999-04-01,OH-Cleveland,96.63,OH
1999-04-01,OR-Portland,98.74,OR
1999-04-01,TX-Dallas,,TX
1999-04-01,WA-Seattle,94.66,WA
1999-04-01,Composite-10,92.55,Composite
1999-04-01,Composite-20,,Composite
1999-04-01,National-US,94.48,National
1999-05-01,AZ-Phoenix,95.14,AZ
1999-05-01,CA-Los Angeles,95.27,CA
1999-05-01,CA-San Diego,93.11,CA
1999-05-01,CA-San Francisco,90.82,CA
1999-05-01,CO-Denver,92.51,CO
1999-05-01,DC-Washington,95.81,DC
1999-05-01,FL-Miami,96.21,FL
1999-05-01,FL-Tampa,96.02,FL
1999-05-01,GA-Atlanta,95.91,GA
1999-05-01,IL-Chicago,95.37,IL
1999-05-01,MA-Boston,92.79,MA
1999-05-01,MI-Detroit,93.82,MI
1999-05-01,MN-Minneapolis,92.36,MN
1999-05-01,NC-Charlotte,98.9,NC
1999-05-01,NV-Las Vegas,97.27,NV
1999-05-01,NY-New York,92.49,NY
1999-05-01,OH-Cleveland,97.37,OH
1999-05-01,OR-Portland,99.38,OR
1999-05-01,TX-Dallas,,TX
1999-05-01,WA-Seattle,95.97,WA
1999-05-01,Composite-10,93.69,Composite
1999-05-01,Composite-20,,Composite
1999-05-01,National-US,95.4,National
1999-06-01,AZ-Phoenix,95.77,AZ
1999-06-01,CA-Los Angeles,96.62,CA
1999-06-01,CA-San Diego,94.65,CA
1999-06-01,CA-San Francisco,92.52,CA
1999-06-01,CO-Denver,93.75,CO
1999-06-01,DC-Washington,97.09,DC
1999-06-01,FL-Miami,96.18,FL
1999-06-01,FL-Tampa,96.66,FL
1999-06-01,GA-Atlanta,96.66,GA
1999-06-01,IL-Chicago,96.83,IL
1999-06-01,MA-Boston,94.29,MA
1999-06-01,MI-Detroit,94.83,MI
1999-06-01,MN-Minneapolis,93.63,MN
1999-06-01,NC-Charlotte,99.32,NC
1999-06-01,NV-Las Vegas,98.07,NV
1999-06-01,NY-New York,94.07,NY
1999-06-01,OH-Cleveland,97.86,OH
1999-06-01,OR-Portland,100.08,OR
1999-06-01,TX-Dallas,,TX
1999-06-01,WA-Seattle,97.16,WA
1999-06-01,Composite-10,95.1,Composite
1999-06-01,Composite-20,,Composite
1999-06-01,National-US,96.4,National
1999-07-01,AZ-Phoenix,96.33,AZ
1999-07-01,CA-Los Angeles,97.49,CA
1999-07-01,CA-San Diego,95.71,CA
1999-07-01,CA-San Francisco,94.2,CA
1999-07-01,CO-Denver,94.92,CO
1999-07-01,DC-Washington,98.15,DC
1999-07-01,FL-Miami,96.79,FL
1999-07-01,FL-Tampa,97.46,FL
1999-07-01,GA-Atlanta,97.32,GA
1999-07-01,IL-Chicago,97.51,IL
1999-07-01,MA-Boston,96.08,MA
1999-07-01,MI-Detroit,96.22,MI
1999-07-01,MN-Minneapolis,94.79,MN
1999-07-01,NC-Charlotte,99.55,NC
1999-07-01,NV-Las Vegas,98.58,NV
1999-07-01,NY-New York,95.47,NY
1999-07-01,OH-Cleveland,98.06,OH
1999-07-01,OR-Portland,100.35,OR
1999-07-01,TX-Dallas,,TX
1999-07-01,WA-Seattle,97.64,WA
1999-07-01,Composite-10,96.28,Composite
1999-07-01,Composite-20,,Composite
1999-07-01,National-US,97.23,National
1999-08-01,AZ-Phoenix,97.23,AZ
1999-08-01,CA-Los Angeles,98.3,CA
1999-08-01,CA-San Diego,96.88,CA
1999-08-01,CA-San Francisco,95.14,CA
1999-08-01,CO-Denver,96.14,CO
1999-08-01,DC-Washington,99.15,DC
1999-08-01,FL-Miami,97.32,FL
1999-08-01,FL-Tampa,97.79,FL
1999-08-01,GA-Atlanta,97.62,GA
1999-08-01,IL-Chicago,98.11,IL
1999-08-01,MA-Boston,97.27,MA
1999-08-01,MI-Detroit,97.02,MI
1999-08-01,MN-Minneapolis,96.22,MN
1999-08-01,NC-Charlotte,99.7,NC
1999-08-01,NV-Las Vegas,98.53,NV
1999-08-01,NY-New York,96.88,NY
1999-08-01,OH-Cleveland,98.54,OH
1999-08-01,OR-Portland,100.65,OR
1999-08-01,TX-Dallas,,TX
1999-08-01,WA-Seattle,98.11,WA
1999-08-01,Composite-10,97.31,Composite
1999-08-01,Composite-20,,Composite
1999-08-01,National-US,97.94,National
1999-09-01,AZ-Phoenix,97.91,AZ
1999-09-01,CA-Los Angeles,98.63,CA
1999-09-01,CA-San Diego,97.77,CA
1999-09-01,CA-San Francisco,96.15,CA
1999-09-01,CO-Denver,97.62,CO
1999-09-01,DC-Washington,99.58,DC
1999-09-01,FL-Miami,98.01,FL
1999-09-01,FL-Tampa,98.22,FL
1999-09-01,GA-Atlanta,98.01,GA
1999-09-01,IL-Chicago,98.31,IL
1999-09-01,MA-Boston,98.33,MA
1999-09-01,MI-Detroit,98.03,MI
1999-09-01,MN-Minneapolis,97.7,MN
1999-09-01,NC-Charlotte,99.82,NC
1999-09-01,NV-Las Vegas,99.03,NV
1999-09-01,NY-New York,97.67,NY
1999-09-01,OH-Cleveland,98.76,OH
1999-09-01,OR-Portland,100.71,OR
1999-09-01,TX-Dallas,,TX
1999-09-01,WA-Seattle,98.66,WA
1999-09-01,Composite-10,97.99,Composite
1999-09-01,Composite-20,,Composite
1999-09-01,National-US,98.44,National
1999-10-01,AZ-Phoenix,98.56,AZ
1999-10-01,CA-Los Angeles,98.99,CA
1999-10-01,CA-San Diego,98.55,CA
1999-10-01,CA-San Francisco,96.72,CA
1999-10-01,CO-Denver,98.54,CO
1999-10-01,DC-Washington,99.53,DC
1999-10-01,FL-Miami,98.05,FL
1999-10-01,FL-Tampa,98.8,FL
1999-10-01,GA-Atlanta,98.59,GA
1999-10-01,IL-Chicago,98.97,IL
1999-10-01,MA-Boston,99.13,MA
1999-10-01,MI-Detroit,98.48,MI
1999-10-01,MN-Minneapolis,98.83,MN
1999-10-01,NC-Charlotte,99.47,NC
1999-10-01,NV-Las Vegas,99.34,NV
1999-10-01,NY-New York,98.24,NY
1999-10-01,OH-Cleveland,99.22,OH
1999-10-01,OR-Portland,100.91,OR
1999-10-01,TX-Dallas,,TX
1999-10-01,WA-Seattle,99.45,WA
1999-10-01,Composite-10,98.48,Composite
1999-10-01,Composite-20,,Composite
1999-10-01,National-US,98.88,National
1999-11-01,AZ-Phoenix,99.03,AZ
1999-11-01,CA-Los Angeles,99.34,CA
1999-11-01,CA-San Diego,99.19,CA
1999-11-01,CA-San Francisco,97.87,CA
1999-11-01,CO-Denver,99.06,CO
1999-11-01,DC-Washington,99.39,DC
1999-11-01,FL-Miami,98.68,FL
1999-11-01,FL-Tampa,98.94,FL
1999-11-01,GA-Atlanta,99.12,GA
1999-11-01,IL-Chicago,99.38,IL
1999-11-01,MA-Boston,99.67,MA
1999-11-01,MI-Detroit,99.1,MI
1999-11-01,MN-Minneapolis,99.54,MN
1999-11-01,NC-Charlotte,99.3,NC
1999-11-01,NV-Las Vegas,99.78,NV
1999-11-01,NY-New York,98.59,NY
1999-11-01,OH-Cleveland,99.54,OH
1999-11-01,OR-Portland,100.34,OR
1999-11-01,TX-Dallas,,TX
1999-11-01,WA-Seattle,99.96,WA
1999-11-01,Composite-10,98.94,Composite
1999-11-01,Composite-20,,Composite
1999-11-01,National-US,99.2,National
1999-12-01,AZ-Phoenix,99.49,AZ
1999-12-01,CA-Los Angeles,99.79,CA
1999-12-01,CA-San Diego,99.47,CA
1999-12-01,CA-San Francisco,98.9,CA
1999-12-01,CO-Denver,99.42,CO
1999-12-01,DC-Washington,99.73,DC
1999-12-01,FL-Miami,99.52,FL
1999-12-01,FL-Tampa,99.92,FL
1999-12-01,GA-Atlanta,99.76,GA
1999-12-01,IL-Chicago,99.84,IL
1999-12-01,MA-Boston,100.01,MA
1999-12-01,MI-Detroit,99.64,MI
1999-12-01,MN-Minneapolis,100.0,MN
1999-12-01,NC-Charlotte,99.61,NC
1999-12-01,NV-Las Vegas,99.69,NV
1999-12-01,NY-New York,99.28,NY
1999-12-01,OH-Cleveland,99.73,OH
1999-12-01,OR-Portland,100.29,OR
1999-12-01,TX-Dallas,,TX
1999-12-01,WA-Seattle,99.94,WA
1999-12-01,Composite-10,99.51,Composite
1999-12-01,Composite-20,,Composite
1999-12-01,National-US,99.59,National
2000-01-01,AZ-Phoenix,100.0,AZ
2000-01-01,CA-Los Angeles,100.0,CA
2000-01-01,CA-San Diego,100.0,CA
2000-01-01,CA-San Francisco,100.0,CA
2000-01-01,CO-Denver,100.0,CO
2000-01-01,DC-Washington,100.0,DC
2000-01-01,FL-Miami,100.0,FL
2000-01-01,FL-Tampa,100.0,FL
2000-01-01,GA-Atlanta,100.0,GA
2000-01-01,IL-Chicago,100.0,IL
2000-01-01,MA-Boston,100.0,MA
2000-01-01,MI-Detroit,100.0,MI
2000-01-01,MN-Minneapolis,100.0,MN
2000-01-01,NC-Charlotte,100.0,NC
2000-01-01,NV-Las Vegas,100.0,NV
2000-01-01,NY-New York,100.0,NY
2000-01-01,OH-Cleveland,100.0,OH
2000-01-01,OR-Portland,100.0,OR
2000-01-01,TX-Dallas,100.0,TX
2000-01-01,WA-Seattle,100.0,WA
2000-01-01,Composite-10,100.0,Composite
2000-01-01,Composite-20,100.0,Composite
2000-01-01,National-US,100.0,National
2000-02-01,AZ-Phoenix,100.4,AZ
2000-02-01,CA-Los Angeles,100.62,CA
2000-02-01,CA-San Diego,101.07,CA
2000-02-01,CA-San Francisco,102.7,CA
2000-02-01,CO-Denver,100.73,CO
2000-02-01,DC-Washington,100.53,DC
2000-02-01,FL-Miami,100.21,FL
2000-02-01,FL-Tampa,100.51,FL
2000-02-01,GA-Atlanta,100.8,GA
2000-02-01,IL-Chicago,100.52,IL
2000-02-01,MA-Boston,100.36,MA
2000-02-01,MI-Detroit,100.4,MI
2000-02-01,MN-Minneapolis,100.2,MN
2000-02-01,NC-Charlotte,100.43,NC
2000-02-01,NV-Las Vegas,100.33,NV
2000-02-01,NY-New York,100.54,NY
2000-02-01,OH-Cleveland,99.63,OH
2000-02-01,OR-Portland,100.52,OR
2000-02-01,TX-Dallas,101.8,TX
2000-02-01,WA-Seattle,100.4,WA
2000-02-01,Composite-10,100.81,Composite
2000-02-01,Composite-20,100.7,Composite
2000-02-01,National-US,100.57,National
2000-03-01,AZ-Phoenix,101.4,AZ
2000-03-01,CA-Los Angeles,102.13,CA
2000-03-01,CA-San Diego,103.26,CA
2000-03-01,CA-San Francisco,106.56,CA
2000-03-01,CO-Denver,101.99,CO
2000-03-01,DC-Washington,101.7,DC
2000-03-01,FL-Miami,100.74,FL
2000-03-01,FL-Tampa,100.75,FL
2000-03-01,GA-Atlanta,101.1,GA
2000-03-01,IL-Chicago,101.53,IL
2000-03-01,MA-Boston,101.31,MA
2000-03-01,MI-Detroit,100.6,MI
2000-03-01,MN-Minneapolis,100.5,MN
2000-03-01,NC-Charlotte,100.92,NC
2000-03-01,NV-Las Vegas,100.9,NV
2000-03-01,NY-New York,101.27,NY
2000-03-01,OH-Cleveland,100.35,OH
2000-03-01,OR-Portland,100.91,OR
2000-03-01,TX-Dallas,102.0,TX
2000-03-01,WA-Seattle,102.2,WA
2000-03-01,Composite-10,102.24,Composite
2000-03-01,Composite-20,101.9,Composite
2000-03-01,National-US,101.47,National
2000-04-01,AZ-Phoenix,102.1,AZ
2000-04-01,CA-Los Angeles,103.7,CA
2000-04-01,CA-San Diego,105.42,CA
2000-04-01,CA-San Francisco,110.97,CA
2000-04-01,CO-Denver,103.07,CO
2000-04-01,DC-Washington,103.34,DC
2000-04-01,FL-Miami,101.83,FL
2000-04-01,FL-Tampa,102.02,FL
2000-04-01,GA-Atlanta,102.5,GA
2000-04-01,IL-Chicago,102.78,IL
2000-04-01,MA-Boston,103.27,MA
2000-04-01,MI-Detroit,101.0,MI
2000-04-01,MN-Minneapolis,102.0,MN
2000-04-01,NC-Charlotte,102.27,NC
2000-04-01,NV-Las Vegas,101.2,NV
2000-04-01,NY-New York,102.41,NY
2000-04-01,OH-Cleveland,101.42,OH
2000-04-01,OR-Portland,101.99,OR
2000-04-01,TX-Dallas,103.2,TX
2000-04-01,WA-Seattle,103.4,WA
2000-04-01,Composite-10,104.01,Composite
2000-04-01,Composite-20,103.5,Composite
2000-04-01,National-US,102.54,National
2000-05-01,AZ-Phoenix,102.9,AZ
2000-05-01,CA-Los Angeles,104.99,CA
2000-05-01,CA-San Diego,107.15,CA
2000-05-01,CA-San Francisco,115.01,CA
2000-05-01,CO-Denver,105.26,CO
2000-05-01,DC-Washington,104.91,DC
2000-05-01,FL-Miami,102.81,FL
2000-05-01,FL-Tampa,103.26,FL
2000-05-01,GA-Atlanta,103.3,GA
2000-05-01,IL-Chicago,104.38,IL
2000-05-01,MA-Boston,105.85,MA
2000-05-01,MI-Detroit,102.0,MI
2000-05-01,MN-Minneapolis,103.7,MN
2000-05-01,NC-Charlotte,102.68,NC
2000-05-01,NV-Las Vegas,101.93,NV
2000-05-01,NY-New York,104.35,NY
2000-05-01,OH-Cleveland,102.3,OH
2000-05-01,OR-Portland,102.29,OR
2000-05-01,TX-Dallas,104.1,TX
2000-05-01,WA-Seattle,104.7,WA
2000-05-01,Composite-10,105.98,Composite
2000-05-01,Composite-20,105.2,Composite
2000-05-01,National-US,103.7,National
2000-06-01,AZ-Phoenix,103.8,AZ
2000-06-01,CA-Los Angeles,106.36,CA
2000-06-01,CA-San Diego,109.64,CA
2000-06-01,CA-San Francisco,118.45,CA
2000-06-01,CO-Denver,107.32,CO
2000-06-01,DC-Washington,106.29,DC
2000-06-01,FL-Miami,103.49,FL
2000-06-01,FL-Tampa,104.35,FL
2000-06-01,GA-Atlanta,104.5,GA
2000-06-01,IL-Chicago,106.08,IL
2000-06-01,MA-Boston,108.48,MA
2000-06-01,MI-Detroit,103.1,MI
2000-06-01,MN-Minneapolis,105.4,MN
2000-06-01,NC-Charlotte,103.27,NC
2000-06-01,NV-Las Vegas,102.44,NV
2000-06-01,NY-New York,106.0,NY
2000-06-01,OH-Cleveland,102.65,OH
2000-06-01,OR-Portland,102.7,OR
2000-06-01,TX-Dallas,104.2,TX
2000-06-01,WA-Seattle,105.2,WA
2000-06-01,Composite-10,107.83,Composite
2000-06-01,Composite-20,106.7,Composite
2000-06-01,National-US,104.86,National
2000-07-01,AZ-Phoenix,104.3,AZ
2000-07-01,CA-Los Angeles,107.23,CA
2000-07-01,CA-San Diego,111.21,CA
2000-07-01,CA-San Francisco,119.48,CA
2000-07-01,CO-Denver,108.93,CO
2000-07-01,DC-Washington,107.72,DC
2000-07-01,FL-Miami,103.67,FL
2000-07-01,FL-Tampa,105.45,FL
2000-07-01,GA-Atlanta,104.8,GA
2000-07-01,IL-Chicago,107.01,IL
2000-07-01,MA-Boston,110.0,MA
2000-07-01,MI-Detroit,104.4,MI
2000-07-01,MN-Minneapolis,106.7,MN
2000-07-01,NC-Charlotte,102.85,NC
2000-07-01,NV-Las Vegas,103.14,NV
2000-07-01,NY-New York,107.52,NY
2000-07-01,OH-Cleveland,102.6,OH
2000-07-01,OR-Portland,102.98,OR
2000-07-01,TX-Dallas,104.6,TX
2000-07-01,WA-Seattle,105.8,WA
2000-07-01,Composite-10,109.02,Composite
2000-07-01,Composite-20,107.7,Composite
2000-07-01,National-US,105.72,National
2000-08-01,AZ-Phoenix,104.9,AZ
2000-08-01,CA-Los Angeles,108.18,CA
2000-08-01,CA-San Diego,112.84,CA
2000-08-01,CA-San Francisco,119.95,CA
2000-08-01,CO-Denver,110.0,CO
2000-08-01,DC-Washington,109.1,DC
2000-08-01,FL-Miami,104.37,FL
2000-08-01,FL-Tampa,105.79,FL
2000-08-01,GA-Atlanta,105.0,GA
2000-08-01,IL-Chicago,107.39,IL
2000-08-01,MA-Boston,111.38,MA
2000-08-01,MI-Detroit,104.7,MI
2000-08-01,MN-Minneapolis,108.0,MN
2000-08-01,NC-Charlotte,103.02,NC
2000-08-01,NV-Las Vegas,103.73,NV
2000-08-01,NY-New York,108.9,NY
2000-08-01,OH-Cleveland,102.92,OH
2000-08-01,OR-Portland,103.3,OR
2000-08-01,TX-Dallas,105.0,TX
2000-08-01,WA-Seattle,105.8,WA
2000-08-01,Composite-10,110.07,Composite
2000-08-01,Composite-20,108.6,Composite
2000-08-01,National-US,106.52,National
2000-09-01,AZ-Phoenix,105.3,AZ
2000-09-01,CA-Los Angeles,108.94,CA
2000-09-01,CA-San Diego,113.66,CA
2000-09-01,CA-San Francisco,120.94,CA
2000-09-01,CO-Denver,111.35,CO
2000-09-01,DC-Washington,110.18,DC
2000-09-01,FL-Miami,105.23,FL
2000-09-01,FL-Tampa,106.14,FL
2000-09-01,GA-Atlanta,105.0,GA
2000-09-01,IL-Chicago,107.3,IL
2000-09-01,MA-Boston,112.67,MA
2000-09-01,MI-Detroit,105.3,MI
2000-09-01,MN-Minneapolis,109.3,MN
2000-09-01,NC-Charlotte,102.88,NC
2000-09-01,NV-Las Vegas,104.51,NV
2000-09-01,NY-New York,109.76,NY
2000-09-01,OH-Cleveland,103.05,OH
2000-09-01,OR-Portland,103.31,OR
2000-09-01,TX-Dallas,105.7,TX
2000-09-01,WA-Seattle,106.1,WA
2000-09-01,Composite-10,110.9,Composite
2000-09-01,Composite-20,109.3,Composite
2000-09-01,National-US,107.14,National
2000-10-01,AZ-Phoenix,105.6,AZ
2000-10-01,CA-Los Angeles,109.56,CA
2000-10-01,CA-San Diego,114.22,CA
2000-10-01,CA-San Francisco,123.08,CA
2000-10-01,CO-Denver,112.33,CO
2000-10-01,DC-Washington,110.5,DC
2000-10-01,FL-Miami,106.25,FL
2000-10-01,FL-Tampa,106.65,FL
2000-10-01,GA-Atlanta,105.5,GA
2000-10-01,IL-Chicago,107.29,IL
2000-10-01,MA-Boston,114.11,MA
2000-10-01,MI-Detroit,105.5,MI
2000-10-01,MN-Minneapolis,110.5,MN
2000-10-01,NC-Charlotte,102.88,NC
2000-10-01,NV-Las Vegas,105.16,NV
2000-10-01,NY-New York,110.51,NY
2000-10-01,OH-Cleveland,103.59,OH
2000-10-01,OR-Portland,103.33,OR
2000-10-01,TX-Dallas,105.6,TX
2000-10-01,WA-Seattle,106.0,WA
2000-10-01,Composite-10,111.75,Composite
2000-10-01,Composite-20,110.0,Composite
2000-10-01,National-US,107.73,National
2000-11-01,AZ-Phoenix,105.9,AZ
2000-11-01,CA-Los Angeles,110.12,CA
2000-11-01,CA-San Diego,115.49,CA
2000-11-01,CA-San Francisco,125.66,CA
2000-11-01,CO-Denver,113.35,CO
2000-11-01,DC-Washington,110.99,DC
2000-11-01,FL-Miami,107.56,FL
2000-11-01,FL-Tampa,108.18,FL
2000-11-01,GA-Atlanta,106.0,GA
2000-11-01,IL-Chicago,107.43,IL
2000-11-01,MA-Boston,115.36,MA
2000-11-01,MI-Detroit,106.5,MI
2000-11-01,MN-Minneapolis,111.9,MN
2000-11-01,NC-Charlotte,102.95,NC
2000-11-01,NV-Las Vegas,105.34,NV
2000-11-01,NY-New York,110.89,NY
2000-11-01,OH-Cleveland,103.45,OH
2000-11-01,OR-Portland,103.21,OR
2000-11-01,TX-Dallas,106.1,TX
2000-11-01,WA-Seattle,106.3,WA
2000-11-01,Composite-10,112.6,Composite
2000-11-01,Composite-20,110.8,Composite
2000-11-01,National-US,108.29,National
2000-12-01,AZ-Phoenix,105.8,AZ
2000-12-01,CA-Los Angeles,110.12,CA
2000-12-01,CA-San Diego,116.32,CA
2000-12-01,CA-San Francisco,128.58,CA
2000-12-01,CO-Denver,114.24,CO
2000-12-01,DC-Washington,111.96,DC
2000-12-01,FL-Miami,108.89,FL
2000-12-01,FL-Tampa,110.09,FL
2000-12-01,GA-Atlanta,106.3,GA
2000-12-01,IL-Chicago,107.86,IL
2000-12-01,MA-Boston,116.56,MA
2000-12-01,MI-Detroit,106.9,MI
2000-12-01,MN-Minneapolis,112.2,MN
2000-12-01,NC-Charlotte,102.41,NC
2000-12-01,NV-Las Vegas,105.36,NV
2000-12-01,NY-New York,111.87,NY
2000-12-01,OH-Cleveland,103.92,OH
2000-12-01,OR-Portland,103.84,OR
2000-12-01,TX-Dallas,106.2,TX
2000-12-01,WA-Seattle,106.7,WA
2000-12-01,Composite-10,113.56,Composite
2000-12-01,Composite-20,111.5,Composite
2000-12-01,National-US,108.79,National
2001-01-01,AZ-Phoenix,105.9,AZ
2001-01-01,CA-Los Angeles,110.88,CA
2001-01-01,CA-San Diego,117.54,CA
2001-01-01,CA-San Francisco,131.16,CA
2001-01-01,CO-Denver,114.75,CO
2001-01-01,DC-Washington,112.73,DC
2001-01-01,FL-Miami,110.28,FL
2001-01-01,FL-Tampa,110.82,FL
2001-01-01,GA-Atlanta,106.6,GA
2001-01-01,IL-Chicago,108.35,IL
2001-01-01,MA-Boston,117.67,MA
2001-01-01,MI-Detroit,107.1,MI
2001-01-01,MN-Minneapolis,113.1,MN
2001-01-01,NC-Charlotte,102.86,NC
2001-01-01,NV-Las Vegas,105.23,NV
2001-01-01,NY-New York,112.66,NY
2001-01-01,OH-Cleveland,103.94,OH
2001-01-01,OR-Portland,103.92,OR
2001-01-01,TX-Dallas,106.4,TX
2001-01-01,WA-Seattle,106.7,WA
2001-01-01,Composite-10,114.58,Composite
2001-01-01,Composite-20,112.3,Composite
2001-01-01,National-US,109.22,National
2001-02-01,AZ-Phoenix,106.2,AZ
2001-02-01,CA-Los Angeles,111.32,CA
2001-02-01,CA-San Diego,118.46,CA
2001-02-01,CA-San Francisco,133.27,CA
2001-02-01,CO-Denver,115.79,CO
2001-02-01,DC-Washington,113.99,DC
2001-02-01,FL-Miami,110.76,FL
2001-02-01,FL-Tampa,111.41,FL
2001-02-01,GA-Atlanta,106.9,GA
2001-02-01,IL-Chicago,108.63,IL
2001-02-01,MA-Boston,118.51,MA
2001-02-01,MI-Detroit,106.9,MI
2001-02-01,MN-Minneapolis,113.5,MN
2001-02-01,NC-Charlotte,103.15,NC
2001-02-01,NV-Las Vegas,105.39,NV
2001-02-01,NY-New York,113.51,NY
2001-02-01,OH-Cleveland,103.93,OH
2001-02-01,OR-Portland,104.01,OR
2001-02-01,TX-Dallas,107.0,TX
2001-02-01,WA-Seattle,106.7,WA
2001-02-01,Composite-10,115.45,Composite
2001-02-01,Composite-20,113.0,Composite
2001-02-01,National-US,109.64,National
2001-03-01,AZ-Phoenix,107.0,AZ
2001-03-01,CA-Los Angeles,112.98,CA
2001-03-01,CA-San Diego,121.19,CA
2001-03-01,CA-San Francisco,134.1,CA
2001-03-01,CO-Denver,116.33,CO
2001-03-01,DC-Washington,115.4,DC
2001-03-01,FL-Miami,111.94,FL
2001-03-01,FL-Tampa,111.61,FL
2001-03-01,GA-Atlanta,107.2,GA
2001-03-01,IL-Chicago,109.38,IL
2001-03-01,MA-Boston,119.94,MA
2001-03-01,MI-Detroit,107.2,MI
2001-03-01,MN-Minneapolis,115.1,MN
2001-03-01,NC-Charlotte,103.7,NC
2001-03-01,NV-Las Vegas,106.21,NV
2001-03-01,NY-New York,114.48,NY
2001-03-01,OH-Cleveland,104.07,OH
2001-03-01,OR-Portland,104.32,OR
2001-03-01,TX-Dallas,108.3,TX
2001-03-01,WA-Seattle,107.4,WA
2001-03-01,Composite-10,116.69,Composite
2001-03-01,Composite-20,114.1,Composite
2001-03-01,National-US,110.4,National
2001-04-01,AZ-Phoenix,107.8,AZ
2001-04-01,CA-Los Angeles,114.12,CA
2001-04-01,CA-San Diego,122.93,CA
2001-04-01,CA-San Francisco,134.38,CA
2001-04-01,CO-Denver,117.95,CO
2001-04-01,DC-Washington,117.9,DC
2001-04-01,FL-Miami,113.32,FL
2001-04-01,FL-Tampa,113.14,FL
2001-04-01,GA-Atlanta,108.0,GA
2001-04-01,IL-Chicago,110.63,IL
2001-04-01,MA-Boston,121.54,MA
2001-04-01,MI-Detroit,107.6,MI
2001-04-01,MN-Minneapolis,116.0,MN
2001-04-01,NC-Charlotte,103.81,NC
2001-04-01,NV-Las Vegas,107.4,NV
2001-04-01,NY-New York,115.6,NY
2001-04-01,OH-Cleveland,104.37,OH
2001-04-01,OR-Portland,105.14,OR
2001-04-01,TX-Dallas,109.7,TX
2001-04-01,WA-Seattle,108.9,WA
2001-04-01,Composite-10,117.94,Composite
2001-04-01,Composite-20,115.2,Composite
2001-04-01,National-US,111.25,National
2001-05-01,AZ-Phoenix,108.6,AZ
2001-05-01,CA-Los Angeles,115.31,CA
2001-05-01,CA-San Diego,124.3,CA
2001-05-01,CA-San Francisco,134.09,CA
2001-05-01,CO-Denver,119.2,CO
2001-05-01,DC-Washington,119.3,DC
2001-05-01,FL-Miami,114.84,FL
2001-05-01,FL-Tampa,113.62,FL
2001-05-01,GA-Atlanta,108.7,GA
2001-05-01,IL-Chicago,112.12,IL
2001-05-01,MA-Boston,123.11,MA
2001-05-01,MI-Detroit,108.3,MI
2001-05-01,MN-Minneapolis,117.5,MN
2001-05-01,NC-Charlotte,104.58,NC
2001-05-01,NV-Las Vegas,108.56,NV
2001-05-01,NY-New York,116.38,NY
2001-05-01,OH-Cleveland,105.37,OH
2001-05-01,OR-Portland,106.11,OR
2001-05-01,TX-Dallas,110.4,TX
2001-05-01,WA-Seattle,109.7,WA
2001-05-01,Composite-10,118.94,Composite
2001-05-01,Composite-20,116.2,Composite
2001-05-01,National-US,112.2,National
2001-06-01,AZ-Phoenix,109.1,AZ
2001-06-01,CA-Los Angeles,116.47,CA
2001-06-01,CA-San Diego,125.28,CA
2001-06-01,CA-San Francisco,132.64,CA
2001-06-01,CO-Denver,120.45,CO
2001-06-01,DC-Washington,120.93,DC
2001-06-01,FL-Miami,115.97,FL
2001-06-01,FL-Tampa,115.32,FL
2001-06-01,GA-Atlanta,109.7,GA
2001-06-01,IL-Chicago,113.79,IL
2001-06-01,MA-Boston,125.12,MA
2001-06-01,MI-Detroit,109.0,MI
2001-06-01,MN-Minneapolis,119.5,MN
2001-06-01,NC-Charlotte,104.94,NC
2001-06-01,NV-Las Vegas,109.76,NV
2001-06-01,NY-New York,117.9,NY
2001-06-01,OH-Cleveland,106.31,OH
2001-06-01,OR-Portland,107.13,OR
2001-06-01,TX-Dallas,111.2,TX
2001-06-01,WA-Seattle,110.5,WA
2001-06-01,Composite-10,120.03,Composite
2001-06-01,Composite-20,117.2,Composite
2001-06-01,National-US,113.27,National
2001-07-01,AZ-Phoenix,109.8,AZ
2001-07-01,CA-Los Angeles,117.36,CA
2001-07-01,CA-San Diego,126.34,CA
2001-07-01,CA-San Francisco,130.95,CA
2001-07-01,CO-Denver,121.12,CO
2001-07-01,DC-Washington,122.31,DC
2001-07-01,FL-Miami,117.08,FL
2001-07-01,FL-Tampa,116.57,FL
2001-07-01,GA-Atlanta,110.2,GA
2001-07-01,IL-Chicago,115.2,IL
2001-07-01,MA-Boston,126.76,MA
2001-07-01,MI-Detroit,110.0,MI
2001-07-01,MN-Minneapolis,121.6,MN
2001-07-01,NC-Charlotte,105.49,NC
2001-07-01,NV-Las Vegas,110.93,NV
2001-07-01,NY-New York,119.66,NY
2001-07-01,OH-Cleveland,107.2,OH
2001-07-01,OR-Portland,108.03,OR
2001-07-01,TX-Dallas,111.1,TX
2001-07-01,WA-Seattle,110.8,WA
2001-07-01,Composite-10,121.01,Composite
2001-07-01,Composite-20,118.2,Composite
2001-07-01,National-US,114.23,National
2001-08-01,AZ-Phoenix,110.3,AZ
2001-08-01,CA-Los Angeles,118.67,CA
2001-08-01,CA-San Diego,127.19,CA
2001-08-01,CA-San Francisco,129.15,CA
2001-08-01,CO-Denver,121.78,CO
2001-08-01,DC-Washington,123.61,DC
2001-08-01,FL-Miami,118.3,FL
2001-08-01,FL-Tampa,118.27,FL
2001-08-01,GA-Atlanta,110.7,GA
2001-08-01,IL-Chicago,116.19,IL
2001-08-01,MA-Boston,128.26,MA
2001-08-01,MI-Detroit,110.9,MI
2001-08-01,MN-Minneapolis,122.8,MN
2001-08-01,NC-Charlotte,105.18,NC
2001-08-01,NV-Las Vegas,111.74,NV
2001-08-01,NY-New York,121.41,NY
2001-08-01,OH-Cleveland,107.82,OH
2001-08-01,OR-Portland,108.83,OR
2001-08-01,TX-Dallas,111.3,TX
2001-08-01,WA-Seattle,111.2,WA
2001-08-01,Composite-10,121.99,Composite
2001-08-01,Composite-20,119.0,Composite
2001-08-01,National-US,114.99,National
2001-09-01,AZ-Phoenix,110.7,AZ
2001-09-01,CA-Los Angeles,119.51,CA
2001-09-01,CA-San Diego,128.19,CA
2001-09-01,CA-San Francisco,128.6,CA
2001-09-01,CO-Denver,122.41,CO
2001-09-01,DC-Washington,124.5,DC
2001-09-01,FL-Miami,119.67,FL
2001-09-01,FL-Tampa,118.38,FL
2001-09-01,GA-Atlanta,111.0,GA
2001-09-01,IL-Chicago,116.69,IL
2001-09-01,MA-Boston,129.62,MA
2001-09-01,MI-Detroit,111.5,MI
2001-09-01,MN-Minneapolis,124.2,MN
2001-09-01,NC-Charlotte,105.16,NC
2001-09-01,NV-Las Vegas,112.54,NV
2001-09-01,NY-New York,122.91,NY
2001-09-01,OH-Cleveland,107.92,OH
2001-09-01,OR-Portland,109.0,OR
2001-09-01,TX-Dallas,111.2,TX
2001-09-01,WA-Seattle,111.7,WA
2001-09-01,Composite-10,122.89,Composite
2001-09-01,Composite-20,119.8,Composite
2001-09-01,National-US,115.47,National
2001-10-01,AZ-Phoenix,111.2,AZ
2001-10-01,CA-Los Angeles,120.16,CA
2001-10-01,CA-San Diego,129.14,CA
2001-10-01,CA-San Francisco,128.01,CA
2001-10-01,CO-Denver,122.36,CO
2001-10-01,DC-Washington,124.87,DC
2001-10-01,FL-Miami,121.32,FL
2001-10-01,FL-Tampa,119.05,FL
2001-10-01,GA-Atlanta,111.2,GA
2001-10-01,IL-Chicago,116.82,IL
2001-10-01,MA-Boston,130.51,MA
2001-10-01,MI-Detroit,111.6,MI
2001-10-01,MN-Minneapolis,125.2,MN
2001-10-01,NC-Charlotte,104.59,NC
2001-10-01,NV-Las Vegas,112.73,NV
2001-10-01,NY-New York,123.86,NY
2001-10-01,OH-Cleveland,107.48,OH
2001-10-01,OR-Portland,108.93,OR
2001-10-01,TX-Dallas,111.4,TX
2001-10-01,WA-Seattle,111.9,WA
2001-10-01,Composite-10,123.46,Composite
2001-10-01,Composite-20,120.3,Composite
2001-10-01,National-US,115.68,National
2001-11-01,AZ-Phoenix,111.3,AZ
2001-11-01,CA-Los Angeles,120.48,CA
2001-11-01,CA-San Diego,129.71,CA
2001-11-01,CA-San Francisco,126.99,CA
2001-11-01,CO-Denver,121.93,CO
2001-11-01,DC-Washington,124.93,DC
2001-11-01,FL-Miami,122.89,FL
2001-11-01,FL-Tampa,119.59,FL
2001-11-01,GA-Atlanta,111.1,GA
2001-11-01,IL-Chicago,116.77,IL
2001-11-01,MA-Boston,130.94,MA
2001-11-01,MI-Detroit,111.4,MI
2001-11-01,MN-Minneapolis,126.2,MN
2001-11-01,NC-Charlotte,104.33,NC
2001-11-01,NV-Las Vegas,113.3,NV
2001-11-01,NY-New York,124.74,NY
2001-11-01,OH-Cleveland,106.63,OH
2001-11-01,OR-Portland,108.4,OR
2001-11-01,TX-Dallas,111.3,TX
2001-11-01,WA-Seattle,111.9,WA
2001-11-01,Composite-10,123.78,Composite
2001-11-01,Composite-20,120.5,Composite
2001-11-01,National-US,115.84,National
2001-12-01,AZ-Phoenix,111.5,AZ
2001-12-01,CA-Los Angeles,120.65,CA
2001-12-01,CA-San Diego,129.31,CA
2001-12-01,CA-San Francisco,125.47,CA
2001-12-01,CO-Denver,121.32,CO
2001-12-01,DC-Washington,125.65,DC
2001-12-01,FL-Miami,124.02,FL
2001-12-01,FL-Tampa,120.21,FL
2001-12-01,GA-Atlanta,111.0,GA
2001-12-01,IL-Chicago,116.88,IL
2001-12-01,MA-Boston,130.06,MA
2001-12-01,MI-Detroit,111.5,MI
2001-12-01,MN-Minneapolis,126.5,MN
2001-12-01,NC-Charlotte,104.05,NC
2001-12-01,NV-Las Vegas,113.32,NV
2001-12-01,NY-New York,124.72,NY
2001-12-01,OH-Cleveland,106.1,OH
2001-12-01,OR-Portland,108.12,OR
2001-12-01,TX-Dallas,111.6,TX
2001-12-01,WA-Seattle,111.5,WA
2001-12-01,Composite-10,123.64,Composite
2001-12-01,Composite-20,120.4,Composite
2001-12-01,National-US,116.06,National
2002-01-01,AZ-Phoenix,111.6,AZ
2002-01-01,CA-Los Angeles,121.45,CA
2002-01-01,CA-San Diego,128.79,CA
2002-01-01,CA-San Francisco,125.13,CA
2002-01-01,CO-Denver,121.3,CO
2002-01-01,DC-Washington,125.99,DC
2002-01-01,FL-Miami,124.52,FL
2002-01-01,FL-Tampa,120.33,FL
2002-01-01,GA-Atlanta,111.1,GA
2002-01-01,IL-Chicago,116.96,IL
2002-01-01,MA-Boston,129.93,MA
2002-01-01,MI-Detroit,111.3,MI
2002-01-01,MN-Minneapolis,126.1,MN
2002-01-01,NC-Charlotte,104.12,NC
2002-01-01,NV-Las Vegas,113.7,NV
2002-01-01,NY-New York,125.19,NY
2002-01-01,OH-Cleveland,106.21,OH
2002-01-01,OR-Portland,108.13,OR
2002-01-01,TX-Dallas,111.7,TX
2002-01-01,WA-Seattle,111.7,WA
2002-01-01,Composite-10,123.93,Composite
2002-01-01,Composite-20,120.6,Composite
2002-01-01,National-US,116.44,National
2002-02-01,AZ-Phoenix,112.0,AZ
2002-02-01,CA-Los Angeles,122.26,CA
2002-02-01,CA-San Diego,129.82,CA
2002-02-01,CA-San Francisco,126.06,CA
2002-02-01,CO-Denver,121.21,CO
2002-02-01,DC-Washington,127.19,DC
2002-02-01,FL-Miami,125.06,FL
2002-02-01,FL-Tampa,120.4,FL
2002-02-01,GA-Atlanta,111.6,GA
2002-02-01,IL-Chicago,117.29,IL
2002-02-01,MA-Boston,129.63,MA
2002-02-01,MI-Detroit,111.5,MI
2002-02-01,MN-Minneapolis,125.9,MN
2002-02-01,NC-Charlotte,104.48,NC
2002-02-01,NV-Las Vegas,113.96,NV
2002-02-01,NY-New York,125.4,NY
2002-02-01,OH-Cleveland,106.45,OH
2002-02-01,OR-Portland,108.53,OR
2002-02-01,TX-Dallas,111.4,TX
2002-02-01,WA-Seattle,112.0,WA
2002-02-01,Composite-10,124.45,Composite
2002-02-01,Composite-20,121.0,Composite
2002-02-01,National-US,116.92,National
2002-03-01,AZ-Phoenix,112.6,AZ
2002-03-01,CA-Los Angeles,124.12,CA
2002-03-01,CA-San Diego,131.76,CA
2002-03-01,CA-San Francisco,128.79,CA
2002-03-01,CO-Denver,122.05,CO
2002-03-01,DC-Washington,128.47,DC
2002-03-01,FL-Miami,126.35,FL
2002-03-01,FL-Tampa,122.07,FL
2002-03-01,GA-Atlanta,112.0,GA
2002-03-01,IL-Chicago,117.66,IL
2002-03-01,MA-Boston,131.21,MA
2002-03-01,MI-Detroit,111.5,MI
2002-03-01,MN-Minneapolis,126.7,MN
2002-03-01,NC-Charlotte,105.17,NC
2002-03-01,NV-Las Vegas,114.32,NV
2002-03-01,NY-New York,126.5,NY
2002-03-01,OH-Cleveland,106.94,OH
2002-03-01,OR-Portland,110.18,OR
2002-03-01,TX-Dallas,112.3,TX
2002-03-01,WA-Seattle,112.7,WA
2002-03-01,Composite-10,125.92,Composite
2002-03-01,Composite-20,122.3,Composite
2002-03-01,National-US,117.93,National
2002-04-01,AZ-Phoenix,113.3,AZ
2002-04-01,CA-Los Angeles,126.23,CA
2002-04-01,CA-San Diego,135.04,CA
2002-04-01,CA-San Francisco,132.62,CA
2002-04-01,CO-Denver,122.7,CO
2002-04-01,DC-Washington,130.78,DC
2002-04-01,FL-Miami,127.84,FL
2002-04-01,FL-Tampa,123.35,FL
2002-04-01,GA-Atlanta,112.3,GA
2002-04-01,IL-Chicago,118.97,IL
2002-04-01,MA-Boston,133.34,MA
2002-04-01,MI-Detroit,111.5,MI
2002-04-01,MN-Minneapolis,127.5,MN
2002-04-01,NC-Charlotte,105.98,NC
2002-04-01,NV-Las Vegas,114.72,NV
2002-04-01,NY-New York,127.93,NY
2002-04-01,OH-Cleveland,107.82,OH
2002-04-01,OR-Portland,110.65,OR
2002-04-01,TX-Dallas,113.1,TX
2002-04-01,WA-Seattle,113.4,WA
2002-04-01,Composite-10,127.95,Composite
2002-04-01,Composite-20,123.9,Composite
2002-04-01,National-US,119.21,National
2002-05-01,AZ-Phoenix,114.0,AZ
2002-05-01,CA-Los Angeles,128.73,CA
2002-05-01,CA-San Diego,138.14,CA
2002-05-01,CA-San Francisco,136.07,CA
2002-05-01,CO-Denver,123.95,CO
2002-05-01,DC-Washington,133.4,DC
2002-05-01,FL-Miami,129.83,FL
2002-05-01,FL-Tampa,124.76,FL
2002-05-01,GA-Atlanta,113.0,GA
2002-05-01,IL-Chicago,120.38,IL
2002-05-01,MA-Boston,136.76,MA
2002-05-01,MI-Detroit,112.2,MI
2002-05-01,MN-Minneapolis,129.3,MN
2002-05-01,NC-Charlotte,106.38,NC
2002-05-01,NV-Las Vegas,115.63,NV
2002-05-01,NY-New York,129.89,NY
2002-05-01,OH-Cleveland,108.69,OH
2002-05-01,OR-Portland,111.61,OR
2002-05-01,TX-Dallas,113.8,TX
2002-05-01,WA-Seattle,114.1,WA
2002-05-01,Composite-10,130.33,Composite
2002-05-01,Composite-20,125.8,Composite
2002-05-01,National-US,120.79,National
2002-06-01,AZ-Phoenix,114.8,AZ
2002-06-01,CA-Los Angeles,131.59,CA
2002-06-01,CA-San Diego,141.41,CA
2002-06-01,CA-San Francisco,139.35,CA
2002-06-01,CO-Denver,124.75,CO
2002-06-01,DC-Washington,135.67,DC
2002-06-01,FL-Miami,131.59,FL
2002-06-01,FL-Tampa,125.7,FL
2002-06-01,GA-Atlanta,113.7,GA
2002-06-01,IL-Chicago,121.56,IL
2002-06-01,MA-Boston,139.56,MA
2002-06-01,MI-Detroit,113.3,MI
2002-06-01,MN-Minneapolis,131.0,MN
2002-06-01,NC-Charlotte,106.86,NC
2002-06-01,NV-Las Vegas,116.7,NV
2002-06-01,NY-New York,132.2,NY
2002-06-01,OH-Cleveland,109.79,OH
2002-06-01,OR-Portland,111.87,OR
2002-06-01,TX-Dallas,113.9,TX
2002-06-01,WA-Seattle,114.8,WA
2002-06-01,Composite-10,132.76,Composite
2002-06-01,Composite-20,127.8,Composite
2002-06-01,National-US,122.33,National
2002-07-01,AZ-Phoenix,115.4,AZ
2002-07-01,CA-Los Angeles,133.97,CA
2002-07-01,CA-San Diego,144.15,CA
2002-07-01,CA-San Francisco,141.02,CA
2002-07-01,CO-Denver,125.46,CO
2002-07-01,DC-Washington,138.48,DC
2002-07-01,FL-Miami,133.39,FL
2002-07-01,FL-Tampa,127.18,FL
2002-07-01,GA-Atlanta,114.3,GA
2002-07-01,IL-Chicago,122.77,IL
2002-07-01,MA-Boston,141.77,MA
2002-07-01,MI-Detroit,114.4,MI
2002-07-01,MN-Minneapolis,132.7,MN
2002-07-01,NC-Charlotte,106.9,NC
2002-07-01,NV-Las Vegas,117.61,NV
2002-07-01,NY-New York,135.18,NY
2002-07-01,OH-Cleveland,110.25,OH
2002-07-01,OR-Portland,113.06,OR
2002-07-01,TX-Dallas,113.9,TX
2002-07-01,WA-Seattle,115.2,WA
2002-07-01,Composite-10,135.04,Composite
2002-07-01,Composite-20,129.6,Composite
2002-07-01,National-US,123.69,National
2002-08-01,AZ-Phoenix,115.9,AZ
2002-08-01,CA-Los Angeles,136.59,CA
2002-08-01,CA-San Diego,147.25,CA
2002-08-01,CA-San Francisco,141.93,CA
2002-08-01,CO-Denver,125.55,CO
2002-08-01,DC-Washington,140.68,DC
2002-08-01,FL-Miami,134.91,FL
2002-08-01,FL-Tampa,128.18,FL
2002-08-01,GA-Atlanta,114.6,GA
2002-08-01,IL-Chicago,123.49,IL
2002-08-01,MA-Boston,143.66,MA
2002-08-01,MI-Detroit,115.0,MI
2002-08-01,MN-Minneapolis,134.1,MN
2002-08-01,NC-Charlotte,107.37,NC
2002-08-01,NV-Las Vegas,118.34,NV
2002-08-01,NY-New York,137.74,NY
2002-08-01,OH-Cleveland,110.44,OH
2002-08-01,OR-Portland,112.94,OR
2002-08-01,TX-Dallas,114.4,TX
2002-08-01,WA-Seattle,115.4,WA
2002-08-01,Composite-10,137.04,Composite
2002-08-01,Composite-20,131.2,Composite
2002-08-01,National-US,124.73,National
2002-09-01,AZ-Phoenix,116.1,AZ
2002-09-01,CA-Los Angeles,138.62,CA
2002-09-01,CA-San Diego,149.54,CA
2002-09-01,CA-San Francisco,142.29,CA
2002-09-01,CO-Denver,125.66,CO
2002-09-01,DC-Washington,142.39,DC
2002-09-01,FL-Miami,136.76,FL
2002-09-01,FL-Tampa,128.9,FL
2002-09-01,GA-Atlanta,114.7,GA
2002-09-01,IL-Chicago,124.07,IL
2002-09-01,MA-Boston,145.85,MA
2002-09-01,MI-Detroit,115.4,MI
2002-09-01,MN-Minneapolis,135.1,MN
2002-09-01,NC-Charlotte,107.57,NC
2002-09-01,NV-Las Vegas,118.91,NV
2002-09-01,NY-New York,139.69,NY
2002-09-01,OH-Cleveland,110.2,OH
2002-09-01,OR-Portland,113.03,OR
2002-09-01,TX-Dallas,114.5,TX
2002-09-01,WA-Seattle,115.6,WA
2002-09-01,Composite-10,138.62,Composite
2002-09-01,Composite-20,132.4,Composite
2002-09-01,National-US,125.49,National
2002-10-01,AZ-Phoenix,116.4,AZ
2002-10-01,CA-Los Angeles,140.76,CA
2002-10-01,CA-San Diego,151.87,CA
2002-10-01,CA-San Francisco,142.74,CA
2002-10-01,CO-Denver,125.69,CO
2002-10-01,DC-Washington,143.3,DC
2002-10-01,FL-Miami,138.62,FL
2002-10-01,FL-Tampa,129.48,FL
2002-10-01,GA-Atlanta,114.8,GA
2002-10-01,IL-Chicago,124.66,IL
2002-10-01,MA-Boston,147.43,MA
2002-10-01,MI-Detroit,115.5,MI
2002-10-01,MN-Minneapolis,136.5,MN
2002-10-01,NC-Charlotte,107.45,NC
2002-10-01,NV-Las Vegas,119.98,NV
2002-10-01,NY-New York,141.58,NY
2002-10-01,OH-Cleveland,110.16,OH
2002-10-01,OR-Portland,112.86,OR
2002-10-01,TX-Dallas,114.1,TX
2002-10-01,WA-Seattle,115.8,WA
2002-10-01,Composite-10,140.12,Composite
2002-10-01,Composite-20,133.5,Composite
2002-10-01,National-US,126.14,National
2002-11-01,AZ-Phoenix,116.5,AZ
2002-11-01,CA-Los Angeles,142.07,CA
2002-11-01,CA-San Diego,153.58,CA
2002-11-01,CA-San Francisco,143.06,CA
2002-11-01,CO-Denver,125.84,CO
2002-11-01,DC-Washington,143.77,DC
2002-11-01,FL-Miami,140.09,FL
2002-11-01,FL-Tampa,130.43,FL
2002-11-01,GA-Atlanta,114.9,GA
2002-11-01,IL-Chicago,125.38,IL
2002-11-01,MA-Boston,148.33,MA
2002-11-01,MI-Detroit,116.1,MI
2002-11-01,MN-Minneapolis,137.2,MN
2002-11-01,NC-Charlotte,107.23,NC
2002-11-01,NV-Las Vegas,120.93,NV
2002-11-01,NY-New York,143.29,NY
2002-11-01,OH-Cleveland,109.65,OH
2002-11-01,OR-Portland,113.09,OR
2002-11-01,TX-Dallas,113.8,TX
2002-11-01,WA-Seattle,115.8,WA
2002-11-01,Composite-10,141.26,Composite
2002-11-01,Composite-20,134.4,Composite
2002-11-01,National-US,126.64,National
2002-12-01,AZ-Phoenix,116.7,AZ
2002-12-01,CA-Los Angeles,143.26,CA
2002-12-01,CA-San Diego,154.43,CA
2002-12-01,CA-San Francisco,142.4,CA
2002-12-01,CO-Denver,125.41,CO
2002-12-01,DC-Washington,144.96,DC
2002-12-01,FL-Miami,141.98,FL
2002-12-01,FL-Tampa,132.18,FL
2002-12-01,GA-Atlanta,114.9,GA
2002-12-01,IL-Chicago,126.27,IL
2002-12-01,MA-Boston,147.28,MA
2002-12-01,MI-Detroit,115.9,MI
2002-12-01,MN-Minneapolis,138.5,MN
2002-12-01,NC-Charlotte,107.18,NC
2002-12-01,NV-Las Vegas,121.73,NV
2002-12-01,NY-New York,145.2,NY
2002-12-01,OH-Cleveland,109.98,OH
2002-12-01,OR-Portland,113.51,OR
2002-12-01,TX-Dallas,113.8,TX
2002-12-01,WA-Seattle,116.1,WA
2002-12-01,Composite-10,142.18,Composite
2002-12-01,Composite-20,135.1,Composite
2002-12-01,National-US,127.15,National
2003-01-01,AZ-Phoenix,117.1,AZ
2003-01-01,CA-Los Angeles,144.27,CA
2003-01-01,CA-San Diego,155.4,CA
2003-01-01,CA-San Francisco,141.9,CA
2003-01-01,CO-Denver,124.81,CO
2003-01-01,DC-Washington,145.19,DC
2003-01-01,FL-Miami,143.78,FL
2003-01-01,FL-Tampa,133.22,FL
2003-01-01,GA-Atlanta,115.1,GA
2003-01-01,IL-Chicago,126.77,IL
2003-01-01,MA-Boston,146.79,MA
2003-01-01,MI-Detroit,115.5,MI
2003-01-01,MN-Minneapolis,138.5,MN
2003-01-01,NC-Charlotte,107.68,NC
2003-01-01,NV-Las Vegas,121.94,NV
2003-01-01,NY-New York,146.55,NY
2003-01-01,OH-Cleveland,110.15,OH
2003-01-01,OR-Portland,113.69,OR
2003-01-01,TX-Dallas,113.8,TX
2003-01-01,WA-Seattle,115.8,WA
2003-01-01,Composite-10,142.86,Composite
2003-01-01,Composite-20,135.6,Composite
2003-01-01,National-US,127.65,National
2003-02-01,AZ-Phoenix,117.7,AZ
2003-02-01,CA-Los Angeles,145.3,CA
2003-02-01,CA-San Diego,156.17,CA
2003-02-01,CA-San Francisco,142.19,CA
2003-02-01,CO-Denver,124.33,CO
2003-02-01,DC-Washington,146.01,DC
2003-02-01,FL-Miami,145.46,FL
2003-02-01,FL-Tampa,134.29,FL
2003-02-01,GA-Atlanta,115.2,GA
2003-02-01,IL-Chicago,127.48,IL
2003-02-01,MA-Boston,147.18,MA
2003-02-01,MI-Detroit,114.6,MI
2003-02-01,MN-Minneapolis,138.8,MN
2003-02-01,NC-Charlotte,107.85,NC
2003-02-01,NV-Las Vegas,122.46,NV
2003-02-01,NY-New York,147.3,NY
2003-02-01,OH-Cleveland,110.58,OH
2003-02-01,OR-Portland,114.18,OR
2003-02-01,TX-Dallas,113.3,TX
2003-02-01,WA-Seattle,116.2,WA
2003-02-01,Composite-10,143.59,Composite
2003-02-01,Composite-20,136.1,Composite
2003-02-01,National-US,128.33,National
2003-03-01,AZ-Phoenix,118.7,AZ
2003-03-01,CA-Los Angeles,147.23,CA
2003-03-01,CA-San Diego,157.75,CA
2003-03-01,CA-San Francisco,143.0,CA
2003-03-01,CO-Denver,124.87,CO
2003-03-01,DC-Washington,146.75,DC
2003-03-01,FL-Miami,147.09,FL
2003-03-01,FL-Tampa,134.56,FL
2003-03-01,GA-Atlanta,115.8,GA
2003-03-01,IL-Chicago,128.26,IL
2003-03-01,MA-Boston,148.99,MA
2003-03-01,MI-Detroit,115.3,MI
2003-03-01,MN-Minneapolis,138.9,MN
2003-03-01,NC-Charlotte,107.8,NC
2003-03-01,NV-Las Vegas,122.94,NV
2003-03-01,NY-New York,148.38,NY
2003-03-01,OH-Cleveland,110.82,OH
2003-03-01,OR-Portland,114.84,OR
2003-03-01,TX-Dallas,112.9,TX
2003-03-01,WA-Seattle,117.0,WA
2003-03-01,Composite-10,144.84,Composite
2003-03-01,Composite-20,137.2,Composite
2003-03-01,National-US,129.31,National
2003-04-01,AZ-Phoenix,119.3,AZ
2003-04-01,CA-Los Angeles,149.65,CA
2003-04-01,CA-San Diego,160.23,CA
2003-04-01,CA-San Francisco,144.69,CA
2003-04-01,CO-Denver,125.17,CO
2003-04-01,DC-Washington,148.92,DC
2003-04-01,FL-Miami,148.36,FL
2003-04-01,FL-Tampa,136.16,FL
2003-04-01,GA-Atlanta,116.0,GA
2003-04-01,IL-Chicago,129.05,IL
2003-04-01,MA-Boston,150.42,MA
2003-04-01,MI-Detroit,116.3,MI
2003-04-01,MN-Minneapolis,139.7,MN
2003-04-01,NC-Charlotte,107.69,NC
2003-04-01,NV-Las Vegas,124.46,NV
2003-04-01,NY-New York,149.53,NY
2003-04-01,OH-Cleveland,111.88,OH
2003-04-01,OR-Portland,115.86,OR
2003-04-01,TX-Dallas,113.2,TX
2003-04-01,WA-Seattle,118.2,WA
2003-04-01,Composite-10,146.45,Composite
2003-04-01,Composite-20,138.5,Composite
2003-04-01,National-US,130.49,National
2003-05-01,AZ-Phoenix,120.0,AZ
2003-05-01,CA-Los Angeles,152.27,CA
2003-05-01,CA-San Diego,162.55,CA
2003-05-01,CA-San Francisco,145.53,CA
2003-05-01,CO-Denver,125.67,CO
2003-05-01,DC-Washington,151.53,DC
2003-05-01,FL-Miami,149.75,FL
2003-05-01,FL-Tampa,137.85,FL
2003-05-01,GA-Atlanta,116.8,GA
2003-05-01,IL-Chicago,130.52,IL
2003-05-01,MA-Boston,152.15,MA
2003-05-01,MI-Detroit,117.4,MI
2003-05-01,MN-Minneapolis,141.2,MN
2003-05-01,NC-Charlotte,107.86,NC
2003-05-01,NV-Las Vegas,125.68,NV
2003-05-01,NY-New York,150.88,NY
2003-05-01,OH-Cleveland,113.04,OH
2003-05-01,OR-Portland,116.94,OR
2003-05-01,TX-Dallas,113.9,TX
2003-05-01,WA-Seattle,119.2,WA
2003-05-01,Composite-10,148.17,Composite
2003-05-01,Composite-20,140.0,Composite
2003-05-01,National-US,131.84,National
2003-06-01,AZ-Phoenix,120.7,AZ
2003-06-01,CA-Los Angeles,154.98,CA
2003-06-01,CA-San Diego,165.26,CA
2003-06-01,CA-San Francisco,146.53,CA
2003-06-01,CO-Denver,125.61,CO
2003-06-01,DC-Washington,154.0,DC
2003-06-01,FL-Miami,150.67,FL
2003-06-01,FL-Tampa,138.7,FL
2003-06-01,GA-Atlanta,117.3,GA
2003-06-01,IL-Chicago,131.43,IL
2003-06-01,MA-Boston,153.3,MA
2003-06-01,MI-Detroit,117.7,MI
2003-06-01,MN-Minneapolis,142.4,MN
2003-06-01,NC-Charlotte,108.75,NC
2003-06-01,NV-Las Vegas,127.38,NV
2003-06-01,NY-New York,151.86,NY
2003-06-01,OH-Cleveland,114.03,OH
2003-06-01,OR-Portland,118.28,OR
2003-06-01,TX-Dallas,114.9,TX
2003-06-01,WA-Seattle,120.1,WA
2003-06-01,Composite-10,149.7,Composite
2003-06-01,Composite-20,141.3,Composite
2003-06-01,National-US,133.23,National
2003-07-01,AZ-Phoenix,121.7,AZ
2003-07-01,CA-Los Angeles,158.34,CA
2003-07-01,CA-San Diego,167.98,CA
2003-07-01,CA-San Francisco,147.75,CA
2003-07-01,CO-Denver,126.07,CO
2003-07-01,DC-Washington,156.47,DC
2003-07-01,FL-Miami,152.65,FL
2003-07-01,FL-Tampa,139.61,FL
2003-07-01,GA-Atlanta,117.7,GA
2003-07-01,IL-Chicago,132.5,IL
2003-07-01,MA-Boston,154.21,MA
2003-07-01,MI-Detroit,118.1,MI
2003-07-01,MN-Minneapolis,144.3,MN
2003-07-01,NC-Charlotte,109.03,NC
2003-07-01,NV-Las Vegas,129.3,NV
2003-07-01,NY-New York,153.5,NY
2003-07-01,OH-Cleveland,114.71,OH
2003-07-01,OR-Portland,119.21,OR
2003-07-01,TX-Dallas,115.2,TX
2003-07-01,WA-Seattle,120.8,WA
2003-07-01,Composite-10,151.65,Composite
2003-07-01,Composite-20,142.9,Composite
2003-07-01,National-US,134.65,National
2003-08-01,AZ-Phoenix,122.8,AZ
2003-08-01,CA-Los Angeles,161.89,CA
2003-08-01,CA-San Diego,171.27,CA
2003-08-01,CA-San Francisco,148.72,CA
2003-08-01,CO-Denver,126.72,CO
2003-08-01,DC-Washington,158.7,DC
2003-08-01,FL-Miami,155.07,FL
2003-08-01,FL-Tampa,140.14,FL
2003-08-01,GA-Atlanta,118.1,GA
2003-08-01,IL-Chicago,133.01,IL
2003-08-01,MA-Boston,154.97,MA
2003-08-01,MI-Detroit,118.3,MI
2003-08-01,MN-Minneapolis,145.7,MN
2003-08-01,NC-Charlotte,109.46,NC
2003-08-01,NV-Las Vegas,131.85,NV
2003-08-01,NY-New York,155.14,NY
2003-08-01,OH-Cleveland,115.55,OH
2003-08-01,OR-Portland,119.95,OR
2003-08-01,TX-Dallas,115.3,TX
2003-08-01,WA-Seattle,121.8,WA
2003-08-01,Composite-10,153.61,Composite
2003-08-01,Composite-20,144.5,Composite
2003-08-01,National-US,135.97,National
2003-09-01,AZ-Phoenix,123.8,AZ
2003-09-01,CA-Los Angeles,165.29,CA
2003-09-01,CA-San Diego,175.03,CA
2003-09-01,CA-San Francisco,150.25,CA
2003-09-01,CO-Denver,126.94,CO
2003-09-01,DC-Washington,161.01,DC
2003-09-01,FL-Miami,157.28,FL
2003-09-01,FL-Tampa,142.36,FL
2003-09-01,GA-Atlanta,118.5,GA
2003-09-01,IL-Chicago,133.94,IL
2003-09-01,MA-Boston,156.38,MA
2003-09-01,MI-Detroit,118.8,MI
2003-09-01,MN-Minneapolis,147.4,MN
2003-09-01,NC-Charlotte,109.24,NC
2003-09-01,NV-Las Vegas,134.16,NV
2003-09-01,NY-New York,157.1,NY
2003-09-01,OH-Cleveland,116.08,OH
2003-09-01,OR-Portland,120.49,OR
2003-09-01,TX-Dallas,115.2,TX
2003-09-01,WA-Seattle,122.4,WA
2003-09-01,Composite-10,155.77,Composite
2003-09-01,Composite-20,146.2,Composite
2003-09-01,National-US,137.08,National
2003-10-01,AZ-Phoenix,124.7,AZ
2003-10-01,CA-Los Angeles,168.4,CA
2003-10-01,CA-San Diego,178.7,CA
2003-10-01,CA-San Francisco,151.75,CA
2003-10-01,CO-Denver,127.05,CO
2003-10-01,DC-Washington,162.65,DC
2003-10-01,FL-Miami,159.59,FL
2003-10-01,FL-Tampa,143.73,FL
2003-10-01,GA-Atlanta,118.4,GA
2003-10-01,IL-Chicago,134.87,IL
2003-10-01,MA-Boston,157.63,MA
2003-10-01,MI-Detroit,119.5,MI
2003-10-01,MN-Minneapolis,148.4,MN
2003-10-01,NC-Charlotte,110.18,NC
2003-10-01,NV-Las Vegas,136.77,NV
2003-10-01,NY-New York,158.73,NY
2003-10-01,OH-Cleveland,116.46,OH
2003-10-01,OR-Portland,121.03,OR
2003-10-01,TX-Dallas,114.8,TX
2003-10-01,WA-Seattle,123.4,WA
2003-10-01,Composite-10,157.71,Composite
2003-10-01,Composite-20,147.8,Composite
2003-10-01,National-US,137.98,National
2003-11-01,AZ-Phoenix,125.5,AZ
2003-11-01,CA-Los Angeles,171.11,CA
2003-11-01,CA-San Diego,181.79,CA
2003-11-01,CA-San Francisco,153.36,CA
2003-11-01,CO-Denver,127.08,CO
2003-11-01,DC-Washington,164.14,DC
2003-11-01,FL-Miami,161.11,FL
2003-11-01,FL-Tampa,145.27,FL
2003-11-01,GA-Atlanta,118.4,GA
2003-11-01,IL-Chicago,135.91,IL
2003-11-01,MA-Boston,158.63,MA
2003-11-01,MI-Detroit,119.8,MI
2003-11-01,MN-Minneapolis,149.3,MN
2003-11-01,NC-Charlotte,110.53,NC
2003-11-01,NV-Las Vegas,139.16,NV
2003-11-01,NY-New York,160.59,NY
2003-11-01,OH-Cleveland,116.12,OH
2003-11-01,OR-Portland,121.66,OR
2003-11-01,TX-Dallas,114.5,TX
2003-11-01,WA-Seattle,123.5,WA
2003-11-01,Composite-10,159.55,Composite
2003-11-01,Composite-20,149.2,Composite
2003-11-01,National-US,138.77,National
2003-12-01,AZ-Phoenix,126.3,AZ
2003-12-01,CA-Los Angeles,173.98,CA
2003-12-01,CA-San Diego,184.11,CA
2003-12-01,CA-San Francisco,154.62,CA
2003-12-01,CO-Denver,126.98,CO
2003-12-01,DC-Washington,165.79,DC
2003-12-01,FL-Miami,162.93,FL
2003-12-01,FL-Tampa,145.61,FL
2003-12-01,GA-Atlanta,118.3,GA
2003-12-01,IL-Chicago,137.09,IL
2003-12-01,MA-Boston,158.58,MA
2003-12-01,MI-Detroit,119.8,MI
2003-12-01,MN-Minneapolis,149.4,MN
2003-12-01,NC-Charlotte,110.65,NC
2003-12-01,NV-Las Vegas,142.69,NV
2003-12-01,NY-New York,162.31,NY
2003-12-01,OH-Cleveland,116.14,OH
2003-12-01,OR-Portland,122.1,OR
2003-12-01,TX-Dallas,114.0,TX
2003-12-01,WA-Seattle,124.3,WA
2003-12-01,Composite-10,161.27,Composite
2003-12-01,Composite-20,150.4,Composite
2003-12-01,National-US,139.63,National
2004-01-01,AZ-Phoenix,126.6,AZ
2004-01-01,CA-Los Angeles,177.01,CA
2004-01-01,CA-San Diego,186.33,CA
2004-01-01,CA-San Francisco,155.93,CA
2004-01-01,CO-Denver,127.2,CO
2004-01-01,DC-Washington,167.79,DC
2004-01-01,FL-Miami,164.82,FL
2004-01-01,FL-Tampa,147.9,FL
2004-01-01,GA-Atlanta,118.6,GA
2004-01-01,IL-Chicago,137.65,IL
2004-01-01,MA-Boston,158.54,MA
2004-01-01,MI-Detroit,119.5,MI
2004-01-01,MN-Minneapolis,149.7,MN
2004-01-01,NC-Charlotte,109.75,NC
2004-01-01,NV-Las Vegas,145.95,NV
2004-01-01,NY-New York,163.63,NY
2004-01-01,OH-Cleveland,115.62,OH
2004-01-01,OR-Portland,122.06,OR
2004-01-01,TX-Dallas,114.0,TX
2004-01-01,WA-Seattle,124.4,WA
2004-01-01,Composite-10,162.9,Composite
2004-01-01,Composite-20,151.6,Composite
2004-01-01,National-US,140.71,National
2004-02-01,AZ-Phoenix,127.2,AZ
2004-02-01,CA-Los Angeles,180.49,CA
2004-02-01,CA-San Diego,189.89,CA
2004-02-01,CA-San Francisco,158.11,CA
2004-02-01,CO-Denver,127.21,CO
2004-02-01,DC-Washington,169.51,DC
2004-02-01,FL-Miami,166.65,FL
2004-02-01,FL-Tampa,149.04,FL
2004-02-01,GA-Atlanta,118.6,GA
2004-02-01,IL-Chicago,138.1,IL
2004-02-01,MA-Boston,159.19,MA
2004-02-01,MI-Detroit,119.3,MI
2004-02-01,MN-Minneapolis,149.9,MN
2004-02-01,NC-Charlotte,109.63,NC
2004-02-01,NV-Las Vegas,149.93,NV
2004-02-01,NY-New York,164.92,NY
2004-02-01,OH-Cleveland,115.47,OH
2004-02-01,OR-Portland,122.41,OR
2004-02-01,TX-Dallas,113.8,TX
2004-02-01,WA-Seattle,125.2,WA
2004-02-01,Composite-10,164.82,Composite
2004-02-01,Composite-20,153.1,Composite
2004-02-01,National-US,142.04,National
2004-03-01,AZ-Phoenix,128.5,AZ
2004-03-01,CA-Los Angeles,186.55,CA
2004-03-01,CA-San Diego,196.4,CA
2004-03-01,CA-San Francisco,160.9,CA
2004-03-01,CO-Denver,127.73,CO
2004-03-01,DC-Washington,172.3,DC
2004-03-01,FL-Miami,170.0,FL
2004-03-01,FL-Tampa,151.56,FL
2004-03-01,GA-Atlanta,119.0,GA
2004-03-01,IL-Chicago,138.08,IL
2004-03-01,MA-Boston,161.1,MA
2004-03-01,MI-Detroit,119.9,MI
2004-03-01,MN-Minneapolis,150.7,MN
2004-03-01,NC-Charlotte,110.42,NC
2004-03-01,NV-Las Vegas,157.87,NV
2004-03-01,NY-New York,166.61,NY
2004-03-01,OH-Cleveland,115.59,OH
2004-03-01,OR-Portland,122.75,OR
2004-03-01,TX-Dallas,113.2,TX
2004-03-01,WA-Seattle,126.3,WA
2004-03-01,Composite-10,167.91,Composite
2004-03-01,Composite-20,155.4,Composite
2004-03-01,National-US,144.09,National
2004-04-01,AZ-Phoenix,130.1,AZ
2004-04-01,CA-Los Angeles,193.22,CA
2004-04-01,CA-San Diego,203.64,CA
2004-04-01,CA-San Francisco,164.65,CA
2004-04-01,CO-Denver,128.34,CO
2004-04-01,DC-Washington,176.62,DC
2004-04-01,FL-Miami,172.61,FL
2004-04-01,FL-Tampa,152.53,FL
2004-04-01,GA-Atlanta,120.1,GA
2004-04-01,IL-Chicago,139.26,IL
2004-04-01,MA-Boston,164.29,MA
2004-04-01,MI-Detroit,120.4,MI
2004-04-01,MN-Minneapolis,152.2,MN
2004-04-01,NC-Charlotte,111.66,NC
2004-04-01,NV-Las Vegas,166.32,NV
2004-04-01,NY-New York,168.3,NY
2004-04-01,OH-Cleveland,117.05,OH
2004-04-01,OR-Portland,124.97,OR
2004-04-01,TX-Dallas,114.2,TX
2004-04-01,WA-Seattle,128.2,WA
2004-04-01,Composite-10,171.58,Composite
2004-04-01,Composite-20,158.4,Composite
2004-04-01,National-US,146.18,National
2004-05-01,AZ-Phoenix,131.9,AZ
2004-05-01,CA-Los Angeles,199.58,CA
2004-05-01,CA-San Diego,210.94,CA
2004-05-01,CA-San Francisco,167.76,CA
2004-05-01,CO-Denver,129.12,CO
2004-05-01,DC-Washington,182.19,DC
2004-05-01,FL-Miami,176.4,FL
2004-05-01,FL-Tampa,154.96,FL
2004-05-01,GA-Atlanta,120.8,GA
2004-05-01,IL-Chicago,141.28,IL
2004-05-01,MA-Boston,166.59,MA
2004-05-01,MI-Detroit,121.3,MI
2004-05-01,MN-Minneapolis,153.7,MN
2004-05-01,NC-Charlotte,112.58,NC
2004-05-01,NV-Las Vegas,174.98,NV
2004-05-01,NY-New York,170.52,NY
2004-05-01,OH-Cleveland,117.9,OH
2004-05-01,OR-Portland,126.56,OR
2004-05-01,TX-Dallas,115.3,TX
2004-05-01,WA-Seattle,130.1,WA
2004-05-01,Composite-10,175.43,Composite
2004-05-01,Composite-20,161.6,Composite
2004-05-01,National-US,148.33,National
2004-06-01,AZ-Phoenix,134.0,AZ
2004-06-01,CA-Los Angeles,206.38,CA
2004-06-01,CA-San Diego,218.18,CA
2004-06-01,CA-San Francisco,171.51,CA
2004-06-01,CO-Denver,130.45,CO
2004-06-01,DC-Washington,188.02,DC
2004-06-01,FL-Miami,179.64,FL
2004-06-01,FL-Tampa,157.77,FL
2004-06-01,GA-Atlanta,121.4,GA
2004-06-01,IL-Chicago,142.57,IL
2004-06-01,MA-Boston,168.57,MA
2004-06-01,MI-Detroit,121.6,MI
2004-06-01,MN-Minneapolis,155.9,MN
2004-06-01,NC-Charlotte,113.46,NC
2004-06-01,NV-Las Vegas,185.55,NV
2004-06-01,NY-New York,172.9,NY
2004-06-01,OH-Cleveland,118.63,OH
2004-06-01,OR-Portland,128.19,OR
2004-06-01,TX-Dallas,116.4,TX
2004-06-01,WA-Seattle,131.9,WA
2004-06-01,Composite-10,179.45,Composite
2004-06-01,Composite-20,164.8,Composite
2004-06-01,National-US,150.52,National
2004-07-01,AZ-Phoenix,136.4,AZ
2004-07-01,CA-Los Angeles,211.08,CA
2004-07-01,CA-San Diego,224.22,CA
2004-07-01,CA-San Francisco,173.85,CA
2004-07-01,CO-Denver,131.1,CO
2004-07-01,DC-Washington,192.08,DC
2004-07-01,FL-Miami,183.12,FL
2004-07-01,FL-Tampa,160.22,FL
2004-07-01,GA-Atlanta,122.2,GA
2004-07-01,IL-Chicago,143.96,IL
2004-07-01,MA-Boston,169.69,MA
2004-07-01,MI-Detroit,122.0,MI
2004-07-01,MN-Minneapolis,157.1,MN
2004-07-01,NC-Charlotte,113.82,NC
2004-07-01,NV-Las Vegas,195.03,NV
2004-07-01,NY-New York,175.74,NY
2004-07-01,OH-Cleveland,119.02,OH
2004-07-01,OR-Portland,129.53,OR
2004-07-01,TX-Dallas,116.9,TX
2004-07-01,WA-Seattle,133.2,WA
2004-07-01,Composite-10,182.69,Composite
2004-07-01,Composite-20,167.4,Composite
2004-07-01,National-US,152.34,National
2004-08-01,AZ-Phoenix,138.6,AZ
2004-08-01,CA-Los Angeles,213.49,CA
2004-08-01,CA-San Diego,227.67,CA
2004-08-01,CA-San Francisco,175.89,CA
2004-08-01,CO-Denver,131.83,CO
2004-08-01,DC-Washington,195.39,DC
2004-08-01,FL-Miami,186.78,FL
2004-08-01,FL-Tampa,163.09,FL
2004-08-01,GA-Atlanta,122.8,GA
2004-08-01,IL-Chicago,144.76,IL
2004-08-01,MA-Boston,170.9,MA
2004-08-01,MI-Detroit,122.2,MI
2004-08-01,MN-Minneapolis,158.6,MN
2004-08-01,NC-Charlotte,113.54,NC
2004-08-01,NV-Las Vegas,201.71,NV
2004-08-01,NY-New York,177.93,NY
2004-08-01,OH-Cleveland,119.46,OH
2004-08-01,OR-Portland,130.89,OR
2004-08-01,TX-Dallas,117.1,TX
2004-08-01,WA-Seattle,134.2,WA
2004-08-01,Composite-10,184.95,Composite
2004-08-01,Composite-20,169.3,Composite
2004-08-01,National-US,153.81,National
2004-09-01,AZ-Phoenix,141.6,AZ
2004-09-01,CA-Los Angeles,215.08,CA
2004-09-01,CA-San Diego,230.64,CA
2004-09-01,CA-San Francisco,178.15,CA
2004-09-01,CO-Denver,131.87,CO
2004-09-01,DC-Washington,198.24,DC
2004-09-01,FL-Miami,190.68,FL
2004-09-01,FL-Tampa,165.89,FL
2004-09-01,GA-Atlanta,123.3,GA
2004-09-01,IL-Chicago,146.04,IL
2004-09-01,MA-Boston,172.18,MA
2004-09-01,MI-Detroit,122.7,MI
2004-09-01,MN-Minneapolis,159.3,MN
2004-09-01,NC-Charlotte,113.4,NC
2004-09-01,NV-Las Vegas,205.49,NV
2004-09-01,NY-New York,179.79,NY
2004-09-01,OH-Cleveland,119.75,OH
2004-09-01,OR-Portland,132.47,OR
2004-09-01,TX-Dallas,116.9,TX
2004-09-01,WA-Seattle,135.2,WA
2004-09-01,Composite-10,186.91,Composite
2004-09-01,Composite-20,170.9,Composite
2004-09-01,National-US,155.11,National
2004-10-01,AZ-Phoenix,145.0,AZ
2004-10-01,CA-Los Angeles,215.74,CA
2004-10-01,CA-San Diego,232.28,CA
2004-10-01,CA-San Francisco,180.75,CA
2004-10-01,CO-Denver,132.18,CO
2004-10-01,DC-Washington,200.79,DC
2004-10-01,FL-Miami,194.29,FL
2004-10-01,FL-Tampa,168.7,FL
2004-10-01,GA-Atlanta,123.2,GA
2004-10-01,IL-Chicago,146.89,IL
2004-10-01,MA-Boston,173.97,MA
2004-10-01,MI-Detroit,123.0,MI
2004-10-01,MN-Minneapolis,160.1,MN
2004-10-01,NC-Charlotte,113.34,NC
2004-10-01,NV-Las Vegas,207.07,NV
2004-10-01,NY-New York,181.9,NY
2004-10-01,OH-Cleveland,119.55,OH
2004-10-01,OR-Portland,133.67,OR
2004-10-01,TX-Dallas,116.7,TX
2004-10-01,WA-Seattle,136.0,WA
2004-10-01,Composite-10,188.65,Composite
2004-10-01,Composite-20,172.4,Composite
2004-10-01,National-US,156.3,National
2004-11-01,AZ-Phoenix,148.5,AZ
2004-11-01,CA-Los Angeles,216.58,CA
2004-11-01,CA-San Diego,232.63,CA
2004-11-01,CA-San Francisco,183.15,CA
2004-11-01,CO-Denver,132.16,CO
2004-11-01,DC-Washington,203.31,DC
2004-11-01,FL-Miami,197.64,FL
2004-11-01,FL-Tampa,171.33,FL
2004-11-01,GA-Atlanta,123.2,GA
2004-11-01,IL-Chicago,147.86,IL
2004-11-01,MA-Boston,174.04,MA
2004-11-01,MI-Detroit,123.2,MI
2004-11-01,MN-Minneapolis,160.5,MN
2004-11-01,NC-Charlotte,113.75,NC
2004-11-01,NV-Las Vegas,207.48,NV
2004-11-01,NY-New York,183.69,NY
2004-11-01,OH-Cleveland,119.41,OH
2004-11-01,OR-Portland,134.55,OR
2004-11-01,TX-Dallas,116.4,TX
2004-11-01,WA-Seattle,137.3,WA
2004-11-01,Composite-10,190.08,Composite
2004-11-01,Composite-20,173.6,Composite
2004-11-01,National-US,157.5,National
2004-12-01,AZ-Phoenix,152.3,AZ
2004-12-01,CA-Los Angeles,217.34,CA
2004-12-01,CA-San Diego,233.08,CA
2004-12-01,CA-San Francisco,185.72,CA
2004-12-01,CO-Denver,132.4,CO
2004-12-01,DC-Washington,206.06,DC
2004-12-01,FL-Miami,201.37,FL
2004-12-01,FL-Tampa,174.06,FL
2004-12-01,GA-Atlanta,123.5,GA
2004-12-01,IL-Chicago,148.85,IL
2004-12-01,MA-Boston,173.42,MA
2004-12-01,MI-Detroit,123.2,MI
2004-12-01,MN-Minneapolis,160.4,MN
2004-12-01,NC-Charlotte,114.15,NC
2004-12-01,NV-Las Vegas,207.62,NV
2004-12-01,NY-New York,185.16,NY
2004-12-01,OH-Cleveland,119.58,OH
2004-12-01,OR-Portland,134.96,OR
2004-12-01,TX-Dallas,116.5,TX
2004-12-01,WA-Seattle,138.6,WA
2004-12-01,Composite-10,191.42,Composite
2004-12-01,Composite-20,174.8,Composite
2004-12-01,National-US,158.67,National
2005-01-01,AZ-Phoenix,155.4,AZ
2005-01-01,CA-Los Angeles,219.41,CA
2005-01-01,CA-San Diego,233.78,CA
2005-01-01,CA-San Francisco,189.35,CA
2005-01-01,CO-Denver,132.34,CO
2005-01-01,DC-Washington,208.63,DC
2005-01-01,FL-Miami,205.42,FL
2005-01-01,FL-Tampa,177.04,FL
2005-01-01,GA-Atlanta,123.8,GA
2005-01-01,IL-Chicago,149.69,IL
2005-01-01,MA-Boston,173.43,MA
2005-01-01,MI-Detroit,123.0,MI
2005-01-01,MN-Minneapolis,161.0,MN
2005-01-01,NC-Charlotte,114.26,NC
2005-01-01,NV-Las Vegas,207.35,NV
2005-01-01,NY-New York,187.19,NY
2005-01-01,OH-Cleveland,120.1,OH
2005-01-01,OR-Portland,135.46,OR
2005-01-01,TX-Dallas,116.3,TX
2005-01-01,WA-Seattle,140.1,WA
2005-01-01,Composite-10,193.35,Composite
2005-01-01,Composite-20,176.4,Composite
2005-01-01,National-US,160.13,National
2005-02-01,AZ-Phoenix,160.0,AZ
2005-02-01,CA-Los Angeles,222.29,CA
2005-02-01,CA-San Diego,235.64,CA
2005-02-01,CA-San Francisco,193.5,CA
2005-02-01,CO-Denver,132.63,CO
2005-02-01,DC-Washington,212.24,DC
2005-02-01,FL-Miami,209.67,FL
2005-02-01,FL-Tampa,180.06,FL
2005-02-01,GA-Atlanta,124.2,GA
2005-02-01,IL-Chicago,151.02,IL
2005-02-01,MA-Boston,174.76,MA
2005-02-01,MI-Detroit,123.1,MI
2005-02-01,MN-Minneapolis,161.0,MN
2005-02-01,NC-Charlotte,114.32,NC
2005-02-01,NV-Las Vegas,209.31,NV
2005-02-01,NY-New York,189.29,NY
2005-02-01,OH-Cleveland,120.11,OH
2005-02-01,OR-Portland,136.35,OR
2005-02-01,TX-Dallas,116.4,TX
2005-02-01,WA-Seattle,141.3,WA
2005-02-01,Composite-10,195.87,Composite
2005-02-01,Composite-20,178.5,Composite
2005-02-01,National-US,161.93,National
2005-03-01,AZ-Phoenix,165.9,AZ
2005-03-01,CA-Los Angeles,226.75,CA
2005-03-01,CA-San Diego,236.56,CA
2005-03-01,CA-San Francisco,198.3,CA
2005-03-01,CO-Denver,132.73,CO
2005-03-01,DC-Washington,217.86,DC
2005-03-01,FL-Miami,215.44,FL
2005-03-01,FL-Tampa,183.74,FL
2005-03-01,GA-Atlanta,124.7,GA
2005-03-01,IL-Chicago,151.85,IL
2005-03-01,MA-Boston,176.92,MA
2005-03-01,MI-Detroit,123.4,MI
2005-03-01,MN-Minneapolis,161.1,MN
2005-03-01,NC-Charlotte,114.31,NC
2005-03-01,NV-Las Vegas,210.98,NV
2005-03-01,NY-New York,192.17,NY
2005-03-01,OH-Cleveland,119.72,OH
2005-03-01,OR-Portland,138.3,OR
2005-03-01,TX-Dallas,117.3,TX
2005-03-01,WA-Seattle,143.7,WA
2005-03-01,Composite-10,199.21,Composite
2005-03-01,Composite-20,181.3,Composite
2005-03-01,National-US,164.58,National
2005-04-01,AZ-Phoenix,173.0,AZ
2005-04-01,CA-Los Angeles,231.59,CA
2005-04-01,CA-San Diego,239.58,CA
2005-04-01,CA-San Francisco,201.86,CA
2005-04-01,CO-Denver,133.85,CO
2005-04-01,DC-Washington,224.09,DC
2005-04-01,FL-Miami,221.42,FL
2005-04-01,FL-Tampa,187.22,FL
2005-04-01,GA-Atlanta,125.9,GA
2005-04-01,IL-Chicago,153.28,IL
2005-04-01,MA-Boston,179.04,MA
2005-04-01,MI-Detroit,124.3,MI
2005-04-01,MN-Minneapolis,162.0,MN
2005-04-01,NC-Charlotte,114.91,NC
2005-04-01,NV-Las Vegas,214.52,NV
2005-04-01,NY-New York,194.1,NY
2005-04-01,OH-Cleveland,120.65,OH
2005-04-01,OR-Portland,141.14,OR
2005-04-01,TX-Dallas,118.3,TX
2005-04-01,WA-Seattle,146.2,WA
2005-04-01,Composite-10,202.51,Composite
2005-04-01,Composite-20,184.2,Composite
2005-04-01,National-US,167.0,National
2005-05-01,AZ-Phoenix,180.1,AZ
2005-05-01,CA-Los Angeles,236.68,CA
2005-05-01,CA-San Diego,242.0,CA
2005-05-01,CA-San Francisco,205.52,CA
2005-05-01,CO-Denver,134.82,CO
2005-05-01,DC-Washington,229.87,DC
2005-05-01,FL-Miami,227.1,FL
2005-05-01,FL-Tampa,191.36,FL
2005-05-01,GA-Atlanta,127.1,GA
2005-05-01,IL-Chicago,154.72,IL
2005-05-01,MA-Boston,181.17,MA
2005-05-01,MI-Detroit,125.3,MI
2005-05-01,MN-Minneapolis,163.4,MN
2005-05-01,NC-Charlotte,116.09,NC
2005-05-01,NV-Las Vegas,217.28,NV
2005-05-01,NY-New York,195.96,NY
2005-05-01,OH-Cleveland,121.87,OH
2005-05-01,OR-Portland,144.36,OR
2005-05-01,TX-Dallas,119.4,TX
2005-05-01,WA-Seattle,148.9,WA
2005-05-01,Composite-10,205.76,Composite
2005-05-01,Composite-20,187.2,Composite
2005-05-01,National-US,169.54,National
2005-06-01,AZ-Phoenix,188.9,AZ
2005-06-01,CA-Los Angeles,241.7,CA
2005-06-01,CA-San Diego,245.35,CA
2005-06-01,CA-San Francisco,208.92,CA
2005-06-01,CO-Denver,135.71,CO
2005-06-01,DC-Washington,235.38,DC
2005-06-01,FL-Miami,233.42,FL
2005-06-01,FL-Tampa,196.6,FL
2005-06-01,GA-Atlanta,128.5,GA
2005-06-01,IL-Chicago,156.16,IL
2005-06-01,MA-Boston,181.33,MA
2005-06-01,MI-Detroit,125.4,MI
2005-06-01,MN-Minneapolis,165.0,MN
2005-06-01,NC-Charlotte,117.97,NC
2005-06-01,NV-Las Vegas,219.87,NV
2005-06-01,NY-New York,197.77,NY
2005-06-01,OH-Cleveland,122.43,OH
2005-06-01,OR-Portland,148.37,OR
2005-06-01,TX-Dallas,120.0,TX
2005-06-01,WA-Seattle,151.7,WA
2005-06-01,Composite-10,208.86,Composite
2005-06-01,Composite-20,190.1,Composite
2005-06-01,National-US,172.01,National
2005-07-01,AZ-Phoenix,197.1,AZ
2005-07-01,CA-Los Angeles,246.37,CA
2005-07-01,CA-San Diego,247.33,CA
2005-07-01,CA-San Francisco,211.56,CA
2005-07-01,CO-Denver,136.47,CO
2005-07-01,DC-Washington,239.5,DC
2005-07-01,FL-Miami,238.98,FL
2005-07-01,FL-Tampa,201.65,FL
2005-07-01,GA-Atlanta,129.0,GA
2005-07-01,IL-Chicago,157.38,IL
2005-07-01,MA-Boston,181.9,MA
2005-07-01,MI-Detroit,125.7,MI
2005-07-01,MN-Minneapolis,166.0,MN
2005-07-01,NC-Charlotte,119.02,NC
2005-07-01,NV-Las Vegas,221.93,NV
2005-07-01,NY-New York,199.86,NY
2005-07-01,OH-Cleveland,122.78,OH
2005-07-01,OR-Portland,151.82,OR
2005-07-01,TX-Dallas,120.8,TX
2005-07-01,WA-Seattle,154.1,WA
2005-07-01,Composite-10,211.65,Composite
2005-07-01,Composite-20,192.6,Composite
2005-07-01,National-US,174.1,National
2005-08-01,AZ-Phoenix,204.9,AZ
2005-08-01,CA-Los Angeles,251.1,CA
2005-08-01,CA-San Diego,248.45,CA
2005-08-01,CA-San Francisco,212.86,CA
2005-08-01,CO-Denver,137.19,CO
2005-08-01,DC-Washington,242.06,DC
2005-08-01,FL-Miami,245.24,FL
2005-08-01,FL-Tampa,207.21,FL
2005-08-01,GA-Atlanta,129.5,GA
2005-08-01,IL-Chicago,157.81,IL
2005-08-01,MA-Boston,181.67,MA
2005-08-01,MI-Detroit,125.6,MI
2005-08-01,MN-Minneapolis,167.1,MN
2005-08-01,NC-Charlotte,119.83,NC
2005-08-01,NV-Las Vegas,224.51,NV
2005-08-01,NY-New York,202.33,NY
2005-08-01,OH-Cleveland,123.16,OH
2005-08-01,OR-Portland,155.04,OR
2005-08-01,TX-Dallas,121.1,TX
2005-08-01,WA-Seattle,156.6,WA
2005-08-01,Composite-10,214.13,Composite
2005-08-01,Composite-20,194.9,Composite
2005-08-01,National-US,175.92,National
2005-09-01,AZ-Phoenix,211.4,AZ
2005-09-01,CA-Los Angeles,255.85,CA
2005-09-01,CA-San Diego,249.03,CA
2005-09-01,CA-San Francisco,214.73,CA
2005-09-01,CO-Denver,137.6,CO
2005-09-01,DC-Washington,244.11,DC
2005-09-01,FL-Miami,251.21,FL
2005-09-01,FL-Tampa,213.19,FL
2005-09-01,GA-Atlanta,129.4,GA
2005-09-01,IL-Chicago,159.32,IL
2005-09-01,MA-Boston,182.45,MA
2005-09-01,MI-Detroit,126.0,MI
2005-09-01,MN-Minneapolis,168.4,MN
2005-09-01,NC-Charlotte,119.6,NC
2005-09-01,NV-Las Vegas,226.59,NV
2005-09-01,NY-New York,204.83,NY
2005-09-01,OH-Cleveland,123.17,OH
2005-09-01,OR-Portland,158.22,OR
2005-09-01,TX-Dallas,121.6,TX
2005-09-01,WA-Seattle,158.9,WA
2005-09-01,Composite-10,216.77,Composite
2005-09-01,Composite-20,197.3,Composite
2005-09-01,National-US,177.61,National
2005-10-01,AZ-Phoenix,215.9,AZ
2005-10-01,CA-Los Angeles,260.16,CA
2005-10-01,CA-San Diego,249.79,CA
2005-10-01,CA-San Francisco,215.55,CA
2005-10-01,CO-Denver,137.69,CO
2005-10-01,DC-Washington,245.44,DC
2005-10-01,FL-Miami,256.99,FL
2005-10-01,FL-Tampa,219.16,FL
2005-10-01,GA-Atlanta,129.6,GA
2005-10-01,IL-Chicago,160.47,IL
2005-10-01,MA-Boston,182.07,MA
2005-10-01,MI-Detroit,126.2,MI
2005-10-01,MN-Minneapolis,169.4,MN
2005-10-01,NC-Charlotte,120.29,NC
2005-10-01,NV-Las Vegas,227.81,NV
2005-10-01,NY-New York,207.64,NY
2005-10-01,OH-Cleveland,123.13,OH
2005-10-01,OR-Portland,160.44,OR
2005-10-01,TX-Dallas,121.6,TX
2005-10-01,WA-Seattle,161.0,WA
2005-10-01,Composite-10,219.07,Composite
2005-10-01,Composite-20,199.4,Composite
2005-10-01,National-US,178.76,National
2005-11-01,AZ-Phoenix,219.1,AZ
2005-11-01,CA-Los Angeles,262.56,CA
2005-11-01,CA-San Diego,250.34,CA
2005-11-01,CA-San Francisco,215.7,CA
2005-11-01,CO-Denver,137.53,CO
2005-11-01,DC-Washington,246.7,DC
2005-11-01,FL-Miami,261.0,FL
2005-11-01,FL-Tampa,223.85,FL
2005-11-01,GA-Atlanta,129.8,GA
2005-11-01,IL-Chicago,162.44,IL
2005-11-01,MA-Boston,181.69,MA
2005-11-01,MI-Detroit,126.6,MI
2005-11-01,MN-Minneapolis,170.3,MN
2005-11-01,NC-Charlotte,120.26,NC
2005-11-01,NV-Las Vegas,228.77,NV
2005-11-01,NY-New York,210.3,NY
2005-11-01,OH-Cleveland,122.72,OH
2005-11-01,OR-Portland,162.49,OR
2005-11-01,TX-Dallas,122.1,TX
2005-11-01,WA-Seattle,162.7,WA
2005-11-01,Composite-10,220.81,Composite
2005-11-01,Composite-20,200.9,Composite
2005-11-01,National-US,179.68,National
2005-12-01,AZ-Phoenix,220.7,AZ
2005-12-01,CA-Los Angeles,264.77,CA
2005-12-01,CA-San Diego,248.55,CA
2005-12-01,CA-San Francisco,215.11,CA
2005-12-01,CO-Denver,137.5,CO
2005-12-01,DC-Washington,247.37,DC
2005-12-01,FL-Miami,264.83,FL
2005-12-01,FL-Tampa,226.75,FL
2005-12-01,GA-Atlanta,130.2,GA
2005-12-01,IL-Chicago,163.16,IL
2005-12-01,MA-Boston,179.44,MA
2005-12-01,MI-Detroit,127.0,MI
2005-12-01,MN-Minneapolis,170.3,MN
2005-12-01,NC-Charlotte,120.82,NC
2005-12-01,NV-Las Vegas,229.42,NV
2005-12-01,NY-New York,212.68,NY
2005-12-01,OH-Cleveland,122.71,OH
2005-12-01,OR-Portland,164.0,OR
2005-12-01,TX-Dallas,122.2,TX
2005-12-01,WA-Seattle,164.2,WA
2005-12-01,Composite-10,221.91,Composite
2005-12-01,Composite-20,201.9,Composite
2005-12-01,National-US,180.11,National
2006-01-01,AZ-Phoenix,221.8,AZ
2006-01-01,CA-Los Angeles,265.92,CA
2006-01-01,CA-San Diego,247.46,CA
2006-01-01,CA-San Francisco,214.78,CA
2006-01-01,CO-Denver,137.42,CO
2006-01-01,DC-Washington,247.7,DC
2006-01-01,FL-Miami,268.25,FL
2006-01-01,FL-Tampa,228.98,FL
2006-01-01,GA-Atlanta,130.5,GA
2006-01-01,IL-Chicago,163.98,IL
2006-01-01,MA-Boston,178.17,MA
2006-01-01,MI-Detroit,126.6,MI
2006-01-01,MN-Minneapolis,169.5,MN
2006-01-01,NC-Charlotte,119.96,NC
2006-01-01,NV-Las Vegas,230.48,NV
2006-01-01,NY-New York,213.5,NY
2006-01-01,OH-Cleveland,122.12,OH
2006-01-01,OR-Portland,165.33,OR
2006-01-01,TX-Dallas,121.9,TX
2006-01-01,WA-Seattle,165.4,WA
2006-01-01,Composite-10,222.46,Composite
2006-01-01,Composite-20,202.4,Composite
2006-01-01,National-US,180.83,National
2006-02-01,AZ-Phoenix,222.6,AZ
2006-02-01,CA-Los Angeles,267.75,CA
2006-02-01,CA-San Diego,247.89,CA
2006-02-01,CA-San Francisco,215.5,CA
2006-02-01,CO-Denver,137.12,CO
2006-02-01,DC-Washington,248.39,DC
2006-02-01,FL-Miami,271.68,FL
2006-02-01,FL-Tampa,230.91,FL
2006-02-01,GA-Atlanta,130.6,GA
2006-02-01,IL-Chicago,164.67,IL
2006-02-01,MA-Boston,176.28,MA
2006-02-01,MI-Detroit,126.3,MI
2006-02-01,MN-Minneapolis,169.3,MN
2006-02-01,NC-Charlotte,120.51,NC
2006-02-01,NV-Las Vegas,231.94,NV
2006-02-01,NY-New York,214.47,NY
2006-02-01,OH-Cleveland,121.04,OH
2006-02-01,OR-Portland,167.03,OR
2006-02-01,TX-Dallas,121.3,TX
2006-02-01,WA-Seattle,167.0,WA
2006-02-01,Composite-10,223.38,Composite
2006-02-01,Composite-20,203.1,Composite
2006-02-01,National-US,181.5,National
2006-03-01,AZ-Phoenix,223.5,AZ
2006-03-01,CA-Los Angeles,268.23,CA
2006-03-01,CA-San Diego,248.09,CA
2006-03-01,CA-San Francisco,216.04,CA
2006-03-01,CO-Denver,136.93,CO
2006-03-01,DC-Washington,248.86,DC
2006-03-01,FL-Miami,274.02,FL
2006-03-01,FL-Tampa,233.57,FL
2006-03-01,GA-Atlanta,130.6,GA
2006-03-01,IL-Chicago,164.89,IL
2006-03-01,MA-Boston,177.12,MA
2006-03-01,MI-Detroit,126.1,MI
2006-03-01,MN-Minneapolis,168.7,MN
2006-03-01,NC-Charlotte,121.41,NC
2006-03-01,NV-Las Vegas,232.38,NV
2006-03-01,NY-New York,214.33,NY
2006-03-01,OH-Cleveland,120.58,OH
2006-03-01,OR-Portland,169.87,OR
2006-03-01,TX-Dallas,121.5,TX
2006-03-01,WA-Seattle,169.4,WA
2006-03-01,Composite-10,223.75,Composite
2006-03-01,Composite-20,203.6,Composite
2006-03-01,National-US,182.75,National
2006-04-01,AZ-Phoenix,225.1,AZ
2006-04-01,CA-Los Angeles,270.44,CA
2006-04-01,CA-San Diego,249.35,CA
2006-04-01,CA-San Francisco,217.52,CA
2006-04-01,CO-Denver,137.28,CO
2006-04-01,DC-Washington,250.17,DC
2006-04-01,FL-Miami,276.37,FL
2006-04-01,FL-Tampa,235.85,FL
2006-04-01,GA-Atlanta,131.5,GA
2006-04-01,IL-Chicago,165.58,IL
2006-04-01,MA-Boston,177.62,MA
2006-04-01,MI-Detroit,124.3,MI
2006-04-01,MN-Minneapolis,169.6,MN
2006-04-01,NC-Charlotte,123.38,NC
2006-04-01,NV-Las Vegas,233.78,NV
2006-04-01,NY-New York,214.97,NY
2006-04-01,OH-Cleveland,120.85,OH
2006-04-01,OR-Portland,172.59,OR
2006-04-01,TX-Dallas,122.4,TX
2006-04-01,WA-Seattle,172.2,WA
2006-04-01,Composite-10,224.99,Composite
2006-04-01,Composite-20,204.8,Composite
2006-04-01,National-US,183.65,National
2006-05-01,AZ-Phoenix,226.5,AZ
2006-05-01,CA-Los Angeles,272.12,CA
2006-05-01,CA-San Diego,249.14,CA
2006-05-01,CA-San Francisco,218.37,CA
2006-05-01,CO-Denver,138.31,CO
2006-05-01,DC-Washington,251.07,DC
2006-05-01,FL-Miami,278.68,FL
2006-05-01,FL-Tampa,237.92,FL
2006-05-01,GA-Atlanta,132.7,GA
2006-05-01,IL-Chicago,166.61,IL
2006-05-01,MA-Boston,178.61,MA
2006-05-01,MI-Detroit,123.7,MI
2006-05-01,MN-Minneapolis,170.3,MN
2006-05-01,NC-Charlotte,124.7,NC
2006-05-01,NV-Las Vegas,234.39,NV
2006-05-01,NY-New York,215.57,NY
2006-05-01,OH-Cleveland,121.8,OH
2006-05-01,OR-Portland,175.2,OR
2006-05-01,TX-Dallas,123.2,TX
2006-05-01,WA-Seattle,174.8,WA
2006-05-01,Composite-10,225.99,Composite
2006-05-01,Composite-20,205.8,Composite
2006-05-01,National-US,184.39,National
2006-06-01,AZ-Phoenix,227.4,AZ
2006-06-01,CA-Los Angeles,273.22,CA
2006-06-01,CA-San Diego,249.6,CA
2006-06-01,CA-San Francisco,218.12,CA
2006-06-01,CO-Denver,139.46,CO
2006-06-01,DC-Washington,250.99,DC
2006-06-01,FL-Miami,278.22,FL
2006-06-01,FL-Tampa,237.68,FL
2006-06-01,GA-Atlanta,134.0,GA
2006-06-01,IL-Chicago,167.1,IL
2006-06-01,MA-Boston,177.9,MA
2006-06-01,MI-Detroit,123.1,MI
2006-06-01,MN-Minneapolis,170.9,MN
2006-06-01,NC-Charlotte,126.48,NC
2006-06-01,NV-Las Vegas,233.75,NV
2006-06-01,NY-New York,215.83,NY
2006-06-01,OH-Cleveland,122.93,OH
2006-06-01,OR-Portland,177.72,OR
2006-06-01,TX-Dallas,124.5,TX
2006-06-01,WA-Seattle,177.8,WA
2006-06-01,Composite-10,226.29,Composite
2006-06-01,Composite-20,206.3,Composite
2006-06-01,National-US,184.56,National
2006-07-01,AZ-Phoenix,227.3,AZ
2006-07-01,CA-Los Angeles,273.85,CA
2006-07-01,CA-San Diego,249.05,CA
2006-07-01,CA-San Francisco,217.63,CA
2006-07-01,CO-Denver,140.26,CO
2006-07-01,DC-Washington,249.92,DC
2006-07-01,FL-Miami,278.33,FL
2006-07-01,FL-Tampa,238.09,FL
2006-07-01,GA-Atlanta,134.9,GA
2006-07-01,IL-Chicago,167.57,IL
2006-07-01,MA-Boston,177.79,MA
2006-07-01,MI-Detroit,123.2,MI
2006-07-01,MN-Minneapolis,170.7,MN
2006-07-01,NC-Charlotte,127.96,NC
2006-07-01,NV-Las Vegas,234.29,NV
2006-07-01,NY-New York,215.25,NY
2006-07-01,OH-Cleveland,123.49,OH
2006-07-01,OR-Portland,179.66,OR
2006-07-01,TX-Dallas,125.3,TX
2006-07-01,WA-Seattle,179.9,WA
2006-07-01,Composite-10,226.17,Composite
2006-07-01,Composite-20,206.5,Composite
2006-07-01,National-US,184.62,National
2006-08-01,AZ-Phoenix,227.0,AZ
2006-08-01,CA-Los Angeles,273.8,CA
2006-08-01,CA-San Diego,247.3,CA
2006-08-01,CA-San Francisco,217.22,CA
2006-08-01,CO-Denver,140.28,CO
2006-08-01,DC-Washington,247.94,DC
2006-08-01,FL-Miami,276.8,FL
2006-08-01,FL-Tampa,236.82,FL
2006-08-01,GA-Atlanta,135.2,GA
2006-08-01,IL-Chicago,167.99,IL
2006-08-01,MA-Boston,177.28,MA
2006-08-01,MI-Detroit,123.0,MI
2006-08-01,MN-Minneapolis,170.9,MN
2006-08-01,NC-Charlotte,128.72,NC
2006-08-01,NV-Las Vegas,234.78,NV
2006-08-01,NY-New York,214.34,NY
2006-08-01,OH-Cleveland,123.39,OH
2006-08-01,OR-Portland,181.02,OR
2006-08-01,TX-Dallas,125.7,TX
2006-08-01,WA-Seattle,181.8,WA
2006-08-01,Composite-10,225.54,Composite
2006-08-01,Composite-20,206.1,Composite
2006-08-01,National-US,184.42,National
2006-09-01,AZ-Phoenix,225.2,AZ
2006-09-01,CA-Los Angeles,273.94,CA
2006-09-01,CA-San Diego,246.6,CA
2006-09-01,CA-San Francisco,216.37,CA
2006-09-01,CO-Denver,139.65,CO
2006-09-01,DC-Washington,244.78,DC
2006-09-01,FL-Miami,277.23,FL
2006-09-01,FL-Tampa,236.42,FL
2006-09-01,GA-Atlanta,135.1,GA
2006-09-01,IL-Chicago,168.6,IL
2006-09-01,MA-Boston,176.34,MA
2006-09-01,MI-Detroit,122.5,MI
2006-09-01,MN-Minneapolis,171.1,MN
2006-09-01,NC-Charlotte,129.04,NC
2006-09-01,NV-Las Vegas,234.71,NV
2006-09-01,NY-New York,214.09,NY
2006-09-01,OH-Cleveland,122.27,OH
2006-09-01,OR-Portland,181.71,OR
2006-09-01,TX-Dallas,125.1,TX
2006-09-01,WA-Seattle,183.0,WA
2006-09-01,Composite-10,225.1,Composite
2006-09-01,Composite-20,205.8,Composite
2006-09-01,National-US,184.21,National
2006-10-01,AZ-Phoenix,224.5,AZ
2006-10-01,CA-Los Angeles,273.66,CA
2006-10-01,CA-San Diego,244.03,CA
2006-10-01,CA-San Francisco,215.42,CA
2006-10-01,CO-Denver,138.62,CO
2006-10-01,DC-Washington,243.73,DC
2006-10-01,FL-Miami,278.91,FL
2006-10-01,FL-Tampa,234.02,FL
2006-10-01,GA-Atlanta,134.7,GA
2006-10-01,IL-Chicago,168.59,IL
2006-10-01,MA-Boston,175.72,MA
2006-10-01,MI-Detroit,121.7,MI
2006-10-01,MN-Minneapolis,170.6,MN
2006-10-01,NC-Charlotte,128.51,NC
2006-10-01,NV-Las Vegas,233.8,NV
2006-10-01,NY-New York,214.29,NY
2006-10-01,OH-Cleveland,121.43,OH
2006-10-01,OR-Portland,181.62,OR
2006-10-01,TX-Dallas,124.5,TX
2006-10-01,WA-Seattle,183.7,WA
2006-10-01,Composite-10,224.74,Composite
2006-10-01,Composite-20,205.4,Composite
2006-10-01,National-US,184.07,National
2006-11-01,AZ-Phoenix,223.1,AZ
2006-11-01,CA-Los Angeles,273.05,CA
2006-11-01,CA-San Diego,242.11,CA
2006-11-01,CA-San Francisco,213.84,CA
2006-11-01,CO-Denver,137.65,CO
2006-11-01,DC-Washington,242.28,DC
2006-11-01,FL-Miami,280.3,FL
2006-11-01,FL-Tampa,232.86,FL
2006-11-01,GA-Atlanta,134.1,GA
2006-11-01,IL-Chicago,168.18,IL
2006-11-01,MA-Boston,172.59,MA
2006-11-01,MI-Detroit,120.9,MI
2006-11-01,MN-Minneapolis,169.8,MN
2006-11-01,NC-Charlotte,128.94,NC
2006-11-01,NV-Las Vegas,232.56,NV
2006-11-01,NY-New York,214.24,NY
2006-11-01,OH-Cleveland,120.3,OH
2006-11-01,OR-Portland,181.34,OR
2006-11-01,TX-Dallas,123.8,TX
2006-11-01,WA-Seattle,183.8,WA
2006-11-01,Composite-10,223.94,Composite
2006-11-01,Composite-20,204.6,Composite
2006-11-01,National-US,183.64,National
2006-12-01,AZ-Phoenix,221.5,AZ
2006-12-01,CA-Los Angeles,270.03,CA
2006-12-01,CA-San Diego,238.08,CA
2006-12-01,CA-San Francisco,212.13,CA
2006-12-01,CO-Denver,137.11,CO
2006-12-01,DC-Washington,240.45,DC
2006-12-01,FL-Miami,280.87,FL
2006-12-01,FL-Tampa,230.91,FL
2006-12-01,GA-Atlanta,134.0,GA
2006-12-01,IL-Chicago,167.65,IL
2006-12-01,MA-Boston,170.31,MA
2006-12-01,MI-Detroit,119.5,MI
2006-12-01,MN-Minneapolis,168.8,MN
2006-12-01,NC-Charlotte,128.88,NC
2006-12-01,NV-Las Vegas,231.57,NV
2006-12-01,NY-New York,213.79,NY
2006-12-01,OH-Cleveland,119.59,OH
2006-12-01,OR-Portland,180.27,OR
2006-12-01,TX-Dallas,123.6,TX
2006-12-01,WA-Seattle,183.9,WA
2006-12-01,Composite-10,222.39,Composite
2006-12-01,Composite-20,203.3,Composite
2006-12-01,National-US,183.24,National
2007-01-01,AZ-Phoenix,220.2,AZ
2007-01-01,CA-Los Angeles,268.68,CA
2007-01-01,CA-San Diego,237.15,CA
2007-01-01,CA-San Francisco,211.78,CA
2007-01-01,CO-Denver,135.86,CO
2007-01-01,DC-Washington,238.85,DC
2007-01-01,FL-Miami,279.42,FL
2007-01-01,FL-Tampa,228.86,FL
2007-01-01,GA-Atlanta,133.4,GA
2007-01-01,IL-Chicago,167.52,IL
2007-01-01,MA-Boston,168.29,MA
2007-01-01,MI-Detroit,117.9,MI
2007-01-01,MN-Minneapolis,167.9,MN
2007-01-01,NC-Charlotte,129.43,NC
2007-01-01,NV-Las Vegas,230.52,NV
2007-01-01,NY-New York,212.78,NY
2007-01-01,OH-Cleveland,118.61,OH
2007-01-01,OR-Portland,179.79,OR
2007-01-01,TX-Dallas,122.6,TX
2007-01-01,WA-Seattle,183.9,WA
2007-01-01,Composite-10,221.31,Composite
2007-01-01,Composite-20,202.3,Composite
2007-01-01,National-US,182.73,National
2007-02-01,AZ-Phoenix,218.0,AZ
2007-02-01,CA-Los Angeles,266.63,CA
2007-02-01,CA-San Diego,235.53,CA
2007-02-01,CA-San Francisco,210.78,CA
2007-02-01,CO-Denver,134.86,CO
2007-02-01,DC-Washington,237.98,DC
2007-02-01,FL-Miami,279.43,FL
2007-02-01,FL-Tampa,228.46,FL
2007-02-01,GA-Atlanta,133.3,GA
2007-02-01,IL-Chicago,167.49,IL
2007-02-01,MA-Boston,168.04,MA
2007-02-01,MI-Detroit,116.8,MI
2007-02-01,MN-Minneapolis,166.8,MN
2007-02-01,NC-Charlotte,129.31,NC
2007-02-01,NV-Las Vegas,229.64,NV
2007-02-01,NY-New York,212.52,NY
2007-02-01,OH-Cleveland,117.62,OH
2007-02-01,OR-Portland,179.9,OR
2007-02-01,TX-Dallas,122.7,TX
2007-02-01,WA-Seattle,184.8,WA
2007-02-01,Composite-10,220.46,Composite
2007-02-01,Composite-20,201.5,Composite
2007-02-01,National-US,182.48,National
2007-03-01,AZ-Phoenix,216.8,AZ
2007-03-01,CA-Los Angeles,264.58,CA
2007-03-01,CA-San Diego,233.27,CA
2007-03-01,CA-San Francisco,211.09,CA
2007-03-01,CO-Denver,134.2,CO
2007-03-01,DC-Washington,237.14,DC
2007-03-01,FL-Miami,276.89,FL
2007-03-01,FL-Tampa,226.58,FL
2007-03-01,GA-Atlanta,133.2,GA
2007-03-01,IL-Chicago,167.04,IL
2007-03-01,MA-Boston,168.52,MA
2007-03-01,MI-Detroit,116.4,MI
2007-03-01,MN-Minneapolis,165.5,MN
2007-03-01,NC-Charlotte,130.44,NC
2007-03-01,NV-Las Vegas,228.55,NV
2007-03-01,NY-New York,212.4,NY
2007-03-01,OH-Cleveland,117.6,OH
2007-03-01,OR-Portland,181.72,OR
2007-03-01,TX-Dallas,123.1,TX
2007-03-01,WA-Seattle,186.4,WA
2007-03-01,Composite-10,219.67,Composite
2007-03-01,Composite-20,201.0,Composite
2007-03-01,National-US,182.21,National
2007-04-01,AZ-Phoenix,215.0,AZ
2007-04-01,CA-Los Angeles,263.37,CA
2007-04-01,CA-San Diego,232.66,CA
2007-04-01,CA-San Francisco,211.47,CA
2007-04-01,CO-Denver,134.86,CO
2007-04-01,DC-Washington,236.17,DC
2007-04-01,FL-Miami,273.53,FL
2007-04-01,FL-Tampa,224.13,FL
2007-04-01,GA-Atlanta,134.2,GA
2007-04-01,IL-Chicago,165.87,IL
2007-04-01,MA-Boston,169.61,MA
2007-04-01,MI-Detroit,114.3,MI
2007-04-01,MN-Minneapolis,164.7,MN
2007-04-01,NC-Charlotte,131.98,NC
2007-04-01,NV-Las Vegas,226.65,NV
2007-04-01,NY-New York,211.62,NY
2007-04-01,OH-Cleveland,117.57,OH
2007-04-01,OR-Portland,183.55,OR
2007-04-01,TX-Dallas,124.7,TX
2007-04-01,WA-Seattle,188.8,WA
2007-04-01,Composite-10,218.94,Composite
2007-04-01,Composite-20,200.5,Composite
2007-04-01,National-US,182.15,National
2007-05-01,AZ-Phoenix,213.9,AZ
2007-05-01,CA-Los Angeles,263.19,CA
2007-05-01,CA-San Diego,231.78,CA
2007-05-01,CA-San Francisco,210.89,CA
2007-05-01,CO-Denver,136.32,CO
2007-05-01,DC-Washington,235.41,DC
2007-05-01,FL-Miami,269.52,FL
2007-05-01,FL-Tampa,221.96,FL
2007-05-01,GA-Atlanta,135.0,GA
2007-05-01,IL-Chicago,165.68,IL
2007-05-01,MA-Boston,170.96,MA
2007-05-01,MI-Detroit,112.1,MI
2007-05-01,MN-Minneapolis,164.4,MN
2007-05-01,NC-Charlotte,133.42,NC
2007-05-01,NV-Las Vegas,224.79,NV
2007-05-01,NY-New York,210.51,NY
2007-05-01,OH-Cleveland,118.37,OH
2007-05-01,OR-Portland,185.21,OR
2007-05-01,TX-Dallas,125.4,TX
2007-05-01,WA-Seattle,190.6,WA
2007-05-01,Composite-10,218.34,Composite
2007-05-01,Composite-20,200.1,Composite
2007-05-01,National-US,181.9,National
2007-06-01,AZ-Phoenix,212.5,AZ
2007-06-01,CA-Los Angeles,262.12,CA
2007-06-01,CA-San Diego,231.36,CA
2007-06-01,CA-San Francisco,209.48,CA
2007-06-01,CO-Denver,138.09,CO
2007-06-01,DC-Washington,234.02,DC
2007-06-01,FL-Miami,264.89,FL
2007-06-01,FL-Tampa,219.28,FL
2007-06-01,GA-Atlanta,136.1,GA
2007-06-01,IL-Chicago,165.94,IL
2007-06-01,MA-Boston,171.29,MA
2007-06-01,MI-Detroit,110.7,MI
2007-06-01,MN-Minneapolis,164.2,MN
2007-06-01,NC-Charlotte,135.05,NC
2007-06-01,NV-Las Vegas,221.86,NV
2007-06-01,NY-New York,209.49,NY
2007-06-01,OH-Cleveland,118.35,OH
2007-06-01,OR-Portland,185.76,OR
2007-06-01,TX-Dallas,126.4,TX
2007-06-01,WA-Seattle,191.9,WA
2007-06-01,Composite-10,217.37,Composite
2007-06-01,Composite-20,199.4,Composite
2007-06-01,National-US,181.56,National
2007-07-02,AZ-Phoenix,210.7,AZ
2007-07-02,CA-Los Angeles,260.84,CA
2007-07-02,CA-San Diego,229.66,CA
2007-07-02,CA-San Francisco,208.64,CA
2007-07-02,CO-Denver,139.24,CO
2007-07-02,DC-Washington,232.17,DC
2007-07-02,FL-Miami,260.39,FL
2007-07-02,FL-Tampa,217.14,FL
2007-07-02,GA-Atlanta,136.4,GA
2007-07-02,IL-Chicago,166.13,IL
2007-07-02,MA-Boston,171.77,MA
2007-07-02,MI-Detroit,111.8,MI
2007-07-02,MN-Minneapolis,164.9,MN
2007-07-02,NC-Charlotte,135.6,NC
2007-07-02,NV-Las Vegas,219.91,NV
2007-07-02,NY-New York,208.37,NY
2007-07-02,OH-Cleveland,118.68,OH
2007-07-02,OR-Portland,186.51,OR
2007-07-02,TX-Dallas,126.3,TX
2007-07-02,WA-Seattle,192.3,WA
2007-07-02,Composite-10,216.3,Composite
2007-07-02,Composite-20,198.7,Composite
2007-07-02,National-US,181.01,National
2007-08-01,AZ-Phoenix,208.8,AZ
2007-08-01,CA-Los Angeles,258.07,CA
2007-08-01,CA-San Diego,226.73,CA
2007-08-01,CA-San Francisco,208.15,CA
2007-08-01,CO-Denver,139.72,CO
2007-08-01,DC-Washington,230.21,DC
2007-08-01,FL-Miami,255.29,FL
2007-08-01,FL-Tampa,212.92,FL
2007-08-01,GA-Atlanta,136.4,GA
2007-08-01,IL-Chicago,165.77,IL
2007-08-01,MA-Boston,170.84,MA
2007-08-01,MI-Detroit,111.5,MI
2007-08-01,MN-Minneapolis,164.6,MN
2007-08-01,NC-Charlotte,135.88,NC
2007-08-01,NV-Las Vegas,216.83,NV
2007-08-01,NY-New York,207.18,NY
2007-08-01,OH-Cleveland,118.36,OH
2007-08-01,OR-Portland,186.0,OR
2007-08-01,TX-Dallas,126.3,TX
2007-08-01,WA-Seattle,192.1,WA
2007-08-01,Composite-10,214.63,Composite
2007-08-01,Composite-20,197.3,Composite
2007-08-01,National-US,180.25,National
2007-09-01,AZ-Phoenix,205.2,AZ
2007-09-01,CA-Los Angeles,254.79,CA
2007-09-01,CA-San Diego,222.82,CA
2007-09-01,CA-San Francisco,206.46,CA
2007-09-01,CO-Denver,138.44,CO
2007-09-01,DC-Washington,229.25,DC
2007-09-01,FL-Miami,249.61,FL
2007-09-01,FL-Tampa,210.14,FL
2007-09-01,GA-Atlanta,135.5,GA
2007-09-01,IL-Chicago,164.42,IL
2007-09-01,MA-Boston,170.73,MA
2007-09-01,MI-Detroit,110.8,MI
2007-09-01,MN-Minneapolis,164.2,MN
2007-09-01,NC-Charlotte,135.13,NC
2007-09-01,NV-Las Vegas,213.47,NV
2007-09-01,NY-New York,206.39,NY
2007-09-01,OH-Cleveland,117.35,OH
2007-09-01,OR-Portland,185.67,OR
2007-09-01,TX-Dallas,125.4,TX
2007-09-01,WA-Seattle,191.6,WA
2007-09-01,Composite-10,212.73,Composite
2007-09-01,Composite-20,195.6,Composite
2007-09-01,National-US,179.14,National
2007-10-01,AZ-Phoenix,200.7,AZ
2007-10-01,CA-Los Angeles,249.5,CA
2007-10-01,CA-San Diego,217.02,CA
2007-10-01,CA-San Francisco,202.03,CA
2007-10-01,CO-Denver,136.09,CO
2007-10-01,DC-Washington,227.56,DC
2007-10-01,FL-Miami,244.35,FL
2007-10-01,FL-Tampa,206.38,FL
2007-10-01,GA-Atlanta,133.8,GA
2007-10-01,IL-Chicago,163.12,IL
2007-10-01,MA-Boston,169.33,MA
2007-10-01,MI-Detroit,108.1,MI
2007-10-01,MN-Minneapolis,162.1,MN
2007-10-01,NC-Charlotte,133.98,NC
2007-10-01,NV-Las Vegas,208.68,NV
2007-10-01,NY-New York,205.54,NY
2007-10-01,OH-Cleveland,115.91,OH
2007-10-01,OR-Portland,185.1,OR
2007-10-01,TX-Dallas,124.4,TX
2007-10-01,WA-Seattle,189.8,WA
2007-10-01,Composite-10,209.76,Composite
2007-10-01,Composite-20,192.9,Composite
2007-10-01,National-US,177.55,National
2007-11-01,AZ-Phoenix,194.4,AZ
2007-11-01,CA-Los Angeles,240.43,CA
2007-11-01,CA-San Diego,209.6,CA
2007-11-01,CA-San Francisco,195.49,CA
2007-11-01,CO-Denver,133.36,CO
2007-11-01,DC-Washington,223.85,DC
2007-11-01,FL-Miami,237.99,FL
2007-11-01,FL-Tampa,203.45,FL
2007-11-01,GA-Atlanta,131.3,GA
2007-11-01,IL-Chicago,161.61,IL
2007-11-01,MA-Boston,167.39,MA
2007-11-01,MI-Detroit,105.2,MI
2007-11-01,MN-Minneapolis,159.0,MN
2007-11-01,NC-Charlotte,132.68,NC
2007-11-01,NV-Las Vegas,201.95,NV
2007-11-01,NY-New York,204.38,NY
2007-11-01,OH-Cleveland,113.27,OH
2007-11-01,OR-Portland,183.65,OR
2007-11-01,TX-Dallas,122.3,TX
2007-11-01,WA-Seattle,187.1,WA
2007-11-01,Composite-10,205.26,Composite
2007-11-01,Composite-20,188.9,Composite
2007-11-01,National-US,175.19,National
2007-12-01,AZ-Phoenix,187.6,AZ
2007-12-01,CA-Los Angeles,233.03,CA
2007-12-01,CA-San Diego,202.45,CA
2007-12-01,CA-San Francisco,189.23,CA
2007-12-01,CO-Denver,130.98,CO
2007-12-01,DC-Washington,218.35,DC
2007-12-01,FL-Miami,231.71,FL
2007-12-01,FL-Tampa,200.13,FL
2007-12-01,GA-Atlanta,129.6,GA
2007-12-01,IL-Chicago,160.03,IL
2007-12-01,MA-Boston,164.58,MA
2007-12-01,MI-Detroit,103.3,MI
2007-12-01,MN-Minneapolis,155.7,MN
2007-12-01,NC-Charlotte,131.9,NC
2007-12-01,NV-Las Vegas,196.05,NV
2007-12-01,NY-New York,202.09,NY
2007-12-01,OH-Cleveland,112.04,OH
2007-12-01,OR-Portland,182.47,OR
2007-12-01,TX-Dallas,120.7,TX
2007-12-01,WA-Seattle,184.8,WA
2007-12-01,Composite-10,200.67,Composite
2007-12-01,Composite-20,184.9,Composite
2007-12-01,National-US,173.37,National
2008-01-01,AZ-Phoenix,180.0,AZ
2008-01-01,CA-Los Angeles,224.41,CA
2008-01-01,CA-San Diego,197.45,CA
2008-01-01,CA-San Francisco,183.81,CA
2008-01-01,CO-Denver,128.95,CO
2008-01-01,DC-Washington,213.2,DC
2008-01-01,FL-Miami,225.4,FL
2008-01-01,FL-Tampa,194.64,FL
2008-01-01,GA-Atlanta,127.7,GA
2008-01-01,IL-Chicago,156.42,IL
2008-01-01,MA-Boston,162.59,MA
2008-01-01,MI-Detroit,100.1,MI
2008-01-01,MN-Minneapolis,151.0,MN
2008-01-01,NC-Charlotte,131.7,NC
2008-01-01,NV-Las Vegas,186.05,NV
2008-01-01,NY-New York,200.44,NY
2008-01-01,OH-Cleveland,108.49,OH
2008-01-01,OR-Portland,178.81,OR
2008-01-01,TX-Dallas,118.4,TX
2008-01-01,WA-Seattle,181.6,WA
2008-01-01,Composite-10,196.07,Composite
2008-01-01,Composite-20,180.6,Composite
2008-01-01,National-US,171.1,National
2008-02-01,AZ-Phoenix,172.7,AZ
2008-02-01,CA-Los Angeles,214.83,CA
2008-02-01,CA-San Diego,190.34,CA
2008-02-01,CA-San Francisco,174.54,CA
2008-02-01,CO-Denver,127.46,CO
2008-02-01,DC-Washington,207.95,DC
2008-02-01,FL-Miami,218.74,FL
2008-02-01,FL-Tampa,188.59,FL
2008-02-01,GA-Atlanta,125.9,GA
2008-02-01,IL-Chicago,153.29,IL
2008-02-01,MA-Boston,160.31,MA
2008-02-01,MI-Detroit,97.61,MI
2008-02-01,MN-Minneapolis,145.9,MN
2008-02-01,NC-Charlotte,131.22,NC
2008-02-01,NV-Las Vegas,177.18,NV
2008-02-01,NY-New York,198.31,NY
2008-02-01,OH-Cleveland,106.82,OH
2008-02-01,OR-Portland,176.24,OR
2008-02-01,TX-Dallas,117.7,TX
2008-02-01,WA-Seattle,179.8,WA
2008-02-01,Composite-10,190.6,Composite
2008-02-01,Composite-20,175.9,Composite
2008-02-01,National-US,169.22,National
2008-03-01,AZ-Phoenix,166.9,AZ
2008-03-01,CA-Los Angeles,207.11,CA
2008-03-01,CA-San Diego,185.42,CA
2008-03-01,CA-San Francisco,168.38,CA
2008-03-01,CO-Denver,127.4,CO
2008-03-01,DC-Washington,203.39,DC
2008-03-01,FL-Miami,208.88,FL
2008-03-01,FL-Tampa,182.26,FL
2008-03-01,GA-Atlanta,124.4,GA
2008-03-01,IL-Chicago,150.33,IL
2008-03-01,MA-Boston,158.52,MA
2008-03-01,MI-Detroit,95.57,MI
2008-03-01,MN-Minneapolis,142.2,MN
2008-03-01,NC-Charlotte,131.52,NC
2008-03-01,NV-Las Vegas,169.31,NV
2008-03-01,NY-New York,196.52,NY
2008-03-01,OH-Cleveland,106.42,OH
2008-03-01,OR-Portland,174.39,OR
2008-03-01,TX-Dallas,119.0,TX
2008-03-01,WA-Seattle,178.2,WA
2008-03-01,Composite-10,186.12,Composite
2008-03-01,Composite-20,172.2,Composite
2008-03-01,National-US,167.93,National
2008-04-01,AZ-Phoenix,161.3,AZ
2008-04-01,CA-Los Angeles,202.45,CA
2008-04-01,CA-San Diego,180.56,CA
2008-04-01,CA-San Francisco,164.63,CA
2008-04-01,CO-Denver,128.49,CO
2008-04-01,DC-Washington,201.32,DC
2008-04-01,FL-Miami,200.42,FL
2008-04-01,FL-Tampa,178.5,FL
2008-04-01,GA-Atlanta,123.6,GA
2008-04-01,IL-Chicago,150.43,IL
2008-04-01,MA-Boston,158.68,MA
2008-04-01,MI-Detroit,93.76,MI
2008-04-01,MN-Minneapolis,139.4,MN
2008-04-01,NC-Charlotte,131.81,NC
2008-04-01,NV-Las Vegas,165.71,NV
2008-04-01,NY-New York,194.72,NY
2008-04-01,OH-Cleveland,109.55,OH
2008-04-01,OR-Portland,174.87,OR
2008-04-01,TX-Dallas,120.4,TX
2008-04-01,WA-Seattle,179.5,WA
2008-04-01,Composite-10,183.35,Composite
2008-04-01,Composite-20,169.9,Composite
2008-04-01,National-US,167.35,National
2008-05-01,AZ-Phoenix,157.3,AZ
2008-05-01,CA-Los Angeles,198.54,CA
2008-05-01,CA-San Diego,178.03,CA
2008-05-01,CA-San Francisco,162.7,CA
2008-05-01,CO-Denver,129.73,CO
2008-05-01,DC-Washington,199.27,DC
2008-05-01,FL-Miami,193.19,FL
2008-05-01,FL-Tampa,177.14,FL
2008-05-01,GA-Atlanta,124.2,GA
2008-05-01,IL-Chicago,149.94,IL
2008-05-01,MA-Boston,160.34,MA
2008-05-01,MI-Detroit,92.76,MI
2008-05-01,MN-Minneapolis,140.2,MN
2008-05-01,NC-Charlotte,133.16,NC
2008-05-01,NV-Las Vegas,161.1,NV
2008-05-01,NY-New York,194.23,NY
2008-05-01,OH-Cleveland,108.88,OH
2008-05-01,OR-Portland,175.53,OR
2008-05-01,TX-Dallas,121.6,TX
2008-05-01,WA-Seattle,178.6,WA
2008-05-01,Composite-10,181.56,Composite
2008-05-01,Composite-20,168.6,Composite
2008-05-01,National-US,167.05,National
2008-06-01,AZ-Phoenix,153.1,AZ
2008-06-01,CA-Los Angeles,195.7,CA
2008-06-01,CA-San Diego,175.37,CA
2008-06-01,CA-San Francisco,159.83,CA
2008-06-01,CO-Denver,131.66,CO
2008-06-01,DC-Washington,197.6,DC
2008-06-01,FL-Miami,189.87,FL
2008-06-01,FL-Tampa,175.11,FL
2008-06-01,GA-Atlanta,124.6,GA
2008-06-01,IL-Chicago,150.11,IL
2008-06-01,MA-Boston,162.29,MA
2008-06-01,MI-Detroit,92.68,MI
2008-06-01,MN-Minneapolis,141.5,MN
2008-06-01,NC-Charlotte,133.45,NC
2008-06-01,NV-Las Vegas,158.8,NV
2008-06-01,NY-New York,194.74,NY
2008-06-01,OH-Cleveland,109.68,OH
2008-06-01,OR-Portland,175.03,OR
2008-06-01,TX-Dallas,122.4,TX
2008-06-01,WA-Seattle,178.2,WA
2008-06-01,Composite-10,180.52,Composite
2008-06-01,Composite-20,167.7,Composite
2008-06-01,National-US,166.56,National
2008-07-01,AZ-Phoenix,149.0,AZ
2008-07-01,CA-Los Angeles,192.55,CA
2008-07-01,CA-San Diego,172.2,CA
2008-07-01,CA-San Francisco,156.88,CA
2008-07-01,CO-Denver,132.67,CO
2008-07-01,DC-Washington,195.44,DC
2008-07-01,FL-Miami,186.84,FL
2008-07-01,FL-Tampa,175.07,FL
2008-07-01,GA-Atlanta,124.7,GA
2008-07-01,IL-Chicago,149.55,IL
2008-07-01,MA-Boston,162.56,MA
2008-07-01,MI-Detroit,93.21,MI
2008-07-01,MN-Minneapolis,143.4,MN
2008-07-01,NC-Charlotte,133.2,NC
2008-07-01,NV-Las Vegas,154.64,NV
2008-07-01,NY-New York,193.7,NY
2008-07-01,OH-Cleveland,109.37,OH
2008-07-01,OR-Portland,174.21,OR
2008-07-01,TX-Dallas,123.2,TX
2008-07-01,WA-Seattle,176.5,WA
2008-07-01,Composite-10,178.67,Composite
2008-07-01,Composite-20,166.3,Composite
2008-07-01,National-US,165.74,National
2008-08-01,AZ-Phoenix,144.8,AZ
2008-08-01,CA-Los Angeles,189.18,CA
2008-08-01,CA-San Diego,168.23,CA
2008-08-01,CA-San Francisco,151.42,CA
2008-08-01,CO-Denver,132.63,CO
2008-08-01,DC-Washington,194.14,DC
2008-08-01,FL-Miami,183.48,FL
2008-08-01,FL-Tampa,174.3,FL
2008-08-01,GA-Atlanta,124.3,GA
2008-08-01,IL-Chicago,149.46,IL
2008-08-01,MA-Boston,162.73,MA
2008-08-01,MI-Detroit,92.44,MI
2008-08-01,MN-Minneapolis,142.1,MN
2008-08-01,NC-Charlotte,132.1,NC
2008-08-01,NV-Las Vegas,150.93,NV
2008-08-01,NY-New York,193.48,NY
2008-08-01,OH-Cleveland,110.54,OH
2008-08-01,OR-Portland,171.93,OR
2008-08-01,TX-Dallas,123.0,TX
2008-08-01,WA-Seattle,175.2,WA
2008-08-01,Composite-10,176.71,Composite
2008-08-01,Composite-20,164.6,Composite
2008-08-01,National-US,164.31,National
2008-09-01,AZ-Phoenix,139.7,AZ
2008-09-01,CA-Los Angeles,184.54,CA
2008-09-01,CA-San Diego,164.12,CA
2008-09-01,CA-San Francisco,145.53,CA
2008-09-01,CO-Denver,130.95,CO
2008-09-01,DC-Washington,190.0,DC
2008-09-01,FL-Miami,178.72,FL
2008-09-01,FL-Tampa,171.24,FL
2008-09-01,GA-Atlanta,122.7,GA
2008-09-01,IL-Chicago,147.83,IL
2008-09-01,MA-Boston,160.98,MA
2008-09-01,MI-Detroit,90.17,MI
2008-09-01,MN-Minneapolis,140.7,MN
2008-09-01,NC-Charlotte,130.4,NC
2008-09-01,NV-Las Vegas,146.86,NV
2008-09-01,NY-New York,191.66,NY
2008-09-01,OH-Cleveland,109.87,OH
2008-09-01,OR-Portland,169.67,OR
2008-09-01,TX-Dallas,122.0,TX
2008-09-01,WA-Seattle,172.8,WA
2008-09-01,Composite-10,173.35,Composite
2008-09-01,Composite-20,161.6,Composite
2008-09-01,National-US,161.94,National
2008-10-01,AZ-Phoenix,135.1,AZ
2008-10-01,CA-Los Angeles,179.82,CA
2008-10-01,CA-San Diego,159.12,CA
2008-10-01,CA-San Francisco,139.44,CA
2008-10-01,CO-Denver,129.04,CO
2008-10-01,DC-Washington,184.83,DC
2008-10-01,FL-Miami,173.42,FL
2008-10-01,FL-Tampa,165.44,FL
2008-10-01,GA-Atlanta,119.7,GA
2008-10-01,IL-Chicago,145.48,IL
2008-10-01,MA-Boston,159.17,MA
2008-10-01,MI-Detroit,86.1,MI
2008-10-01,MN-Minneapolis,135.9,MN
2008-10-01,NC-Charlotte,128.02,NC
2008-10-01,NV-Las Vegas,142.74,NV
2008-10-01,NY-New York,189.66,NY
2008-10-01,OH-Cleveland,108.76,OH
2008-10-01,OR-Portland,166.44,OR
2008-10-01,TX-Dallas,120.5,TX
2008-10-01,WA-Seattle,170.4,WA
2008-10-01,Composite-10,169.67,Composite
2008-10-01,Composite-20,158.0,Composite
2008-10-01,National-US,159.19,National
2008-11-01,AZ-Phoenix,130.5,AZ
2008-11-01,CA-Los Angeles,175.85,CA
2008-11-01,CA-San Diego,155.47,CA
2008-11-01,CA-San Francisco,135.28,CA
2008-11-01,CO-Denver,127.66,CO
2008-11-01,DC-Washington,180.27,DC
2008-11-01,FL-Miami,169.62,FL
2008-11-01,FL-Tampa,160.86,FL
2008-11-01,GA-Atlanta,116.4,GA
2008-11-01,IL-Chicago,141.39,IL
2008-11-01,MA-Boston,155.03,MA
2008-11-01,MI-Detroit,83.42,MI
2008-11-01,MN-Minneapolis,132.9,MN
2008-11-01,NC-Charlotte,125.61,NC
2008-11-01,NV-Las Vegas,138.04,NV
2008-11-01,NY-New York,186.52,NY
2008-11-01,OH-Cleveland,107.43,OH
2008-11-01,OR-Portland,162.62,OR
2008-11-01,TX-Dallas,118.2,TX
2008-11-01,WA-Seattle,166.2,WA
2008-11-01,Composite-10,165.95,Composite
2008-11-01,Composite-20,154.5,Composite
2008-11-01,National-US,156.1,National
2008-12-01,AZ-Phoenix,123.9,AZ
2008-12-01,CA-Los Angeles,171.4,CA
2008-12-01,CA-San Diego,152.16,CA
2008-12-01,CA-San Francisco,130.12,CA
2008-12-01,CO-Denver,125.74,CO
2008-12-01,DC-Washington,175.56,DC
2008-12-01,FL-Miami,165.01,FL
2008-12-01,FL-Tampa,156.02,FL
2008-12-01,GA-Atlanta,113.0,GA
2008-12-01,IL-Chicago,137.16,IL
2008-12-01,MA-Boston,153.05,MA
2008-12-01,MI-Detroit,80.89,MI
2008-12-01,MN-Minneapolis,126.2,MN
2008-12-01,NC-Charlotte,122.37,NC
2008-12-01,NV-Las Vegas,131.4,NV
2008-12-01,NY-New York,183.45,NY
2008-12-01,OH-Cleveland,105.21,OH
2008-12-01,OR-Portland,158.5,OR
2008-12-01,TX-Dallas,115.4,TX
2008-12-01,WA-Seattle,160.1,WA
2008-12-01,Composite-10,162.09,Composite
2008-12-01,Composite-20,150.5,Composite
2008-12-01,National-US,152.57,National
2009-01-01,AZ-Phoenix,117.1,AZ
2009-01-01,CA-Los Angeles,166.55,CA
2009-01-01,CA-San Diego,148.26,CA
2009-01-01,CA-San Francisco,124.4,CA
2009-01-01,CO-Denver,122.33,CO
2009-01-01,DC-Washington,171.98,DC
2009-01-01,FL-Miami,158.97,FL
2009-01-01,FL-Tampa,149.26,FL
2009-01-01,GA-Atlanta,109.4,GA
2009-01-01,IL-Chicago,130.85,IL
2009-01-01,MA-Boston,150.73,MA
2009-01-01,MI-Detroit,77.47,MI
2009-01-01,MN-Minneapolis,120.4,MN
2009-01-01,NC-Charlotte,121.0,NC
2009-01-01,NV-Las Vegas,125.68,NV
2009-01-01,NY-New York,180.93,NY
2009-01-01,OH-Cleveland,102.89,OH
2009-01-01,OR-Portland,153.8,OR
2009-01-01,TX-Dallas,112.6,TX
2009-01-01,WA-Seattle,154.3,WA
2009-01-01,Composite-10,157.96,Composite
2009-01-01,Composite-20,146.3,Composite
2009-01-01,National-US,149.39,National
2009-02-01,AZ-Phoenix,111.9,AZ
2009-02-01,CA-Los Angeles,163.17,CA
2009-02-01,CA-San Diego,146.83,CA
2009-02-01,CA-San Francisco,120.35,CA
2009-02-01,CO-Denver,120.21,CO
2009-02-01,DC-Washington,168.05,DC
2009-02-01,FL-Miami,154.23,FL
2009-02-01,FL-Tampa,145.33,FL
2009-02-01,GA-Atlanta,106.6,GA
2009-02-01,IL-Chicago,126.38,IL
2009-02-01,MA-Boston,148.77,MA
2009-02-01,MI-Detroit,74.51,MI
2009-02-01,MN-Minneapolis,116.4,MN
2009-02-01,NC-Charlotte,119.04,NC
2009-02-01,NV-Las Vegas,121.11,NV
2009-02-01,NY-New York,177.84,NY
2009-02-01,OH-Cleveland,97.76,OH
2009-02-01,OR-Portland,150.88,OR
2009-02-01,TX-Dallas,112.2,TX
2009-02-01,WA-Seattle,152.1,WA
2009-02-01,Composite-10,154.61,Composite
2009-02-01,Composite-20,143.1,Composite
2009-02-01,National-US,147.65,National
2009-03-01,AZ-Phoenix,106.9,AZ
2009-03-01,CA-Los Angeles,160.89,CA
2009-03-01,CA-San Diego,144.58,CA
2009-03-01,CA-San Francisco,117.71,CA
2009-03-01,CO-Denver,120.37,CO
2009-03-01,DC-Washington,165.94,DC
2009-03-01,FL-Miami,148.75,FL
2009-03-01,FL-Tampa,141.48,FL
2009-03-01,GA-Atlanta,105.0,GA
2009-03-01,IL-Chicago,122.5,IL
2009-03-01,MA-Boston,145.83,MA
2009-03-01,MI-Detroit,70.94,MI
2009-03-01,MN-Minneapolis,109.5,MN
2009-03-01,NC-Charlotte,119.39,NC
2009-03-01,NV-Las Vegas,116.53,NV
2009-03-01,NY-New York,173.6,NY
2009-03-01,OH-Cleveland,96.86,OH
2009-03-01,OR-Portland,147.68,OR
2009-03-01,TX-Dallas,112.3,TX
2009-03-01,WA-Seattle,149.0,WA
2009-03-01,Composite-10,151.48,Composite
2009-03-01,Composite-20,140.0,Composite
2009-03-01,National-US,146.54,National
2009-04-01,AZ-Phoenix,104.4,AZ
2009-04-01,CA-Los Angeles,159.37,CA
2009-04-01,CA-San Diego,144.43,CA
2009-04-01,CA-San Francisco,118.46,CA
2009-04-01,CO-Denver,122.15,CO
2009-04-01,DC-Washington,167.3,DC
2009-04-01,FL-Miami,145.78,FL
2009-04-01,FL-Tampa,140.41,FL
2009-04-01,GA-Atlanta,105.4,GA
2009-04-01,IL-Chicago,122.37,IL
2009-04-01,MA-Boston,146.45,MA
2009-04-01,MI-Detroit,69.92,MI
2009-04-01,MN-Minneapolis,108.6,MN
2009-04-01,NC-Charlotte,118.69,NC
2009-04-01,NV-Las Vegas,112.4,NV
2009-04-01,NY-New York,170.69,NY
2009-04-01,OH-Cleveland,98.07,OH
2009-04-01,OR-Portland,146.85,OR
2009-04-01,TX-Dallas,114.3,TX
2009-04-01,WA-Seattle,149.3,WA
2009-04-01,Composite-10,150.44,Composite
2009-04-01,Composite-20,139.2,Composite
2009-04-01,National-US,146.97,National
2009-05-01,AZ-Phoenix,103.5,AZ
2009-05-01,CA-Los Angeles,159.18,CA
2009-05-01,CA-San Diego,145.06,CA
2009-05-01,CA-San Francisco,120.16,CA
2009-05-01,CO-Denver,123.78,CO
2009-05-01,DC-Washington,169.49,DC
2009-05-01,FL-Miami,144.59,FL
2009-05-01,FL-Tampa,140.35,FL
2009-05-01,GA-Atlanta,105.9,GA
2009-05-01,IL-Chicago,123.73,IL
2009-05-01,MA-Boston,148.77,MA
2009-05-01,MI-Detroit,70.05,MI
2009-05-01,MN-Minneapolis,109.8,MN
2009-05-01,NC-Charlotte,119.8,NC
2009-05-01,NV-Las Vegas,109.5,NV
2009-05-01,NY-New York,171.17,NY
2009-05-01,OH-Cleveland,102.11,OH
2009-05-01,OR-Portland,146.97,OR
2009-05-01,TX-Dallas,116.5,TX
2009-05-01,WA-Seattle,148.9,WA
2009-05-01,Composite-10,151.19,Composite
2009-05-01,Composite-20,139.9,Composite
2009-05-01,National-US,148.2,National
2009-06-01,AZ-Phoenix,104.7,AZ
2009-06-01,CA-Los Angeles,160.9,CA
2009-06-01,CA-San Diego,147.31,CA
2009-06-01,CA-San Francisco,124.7,CA
2009-06-01,CO-Denver,126.92,CO
2009-06-01,DC-Washington,173.21,DC
2009-06-01,FL-Miami,145.38,FL
2009-06-01,FL-Tampa,140.9,FL
2009-06-01,GA-Atlanta,107.6,GA
2009-06-01,IL-Chicago,124.99,IL
2009-06-01,MA-Boston,152.71,MA
2009-06-01,MI-Detroit,69.49,MI
2009-06-01,MN-Minneapolis,113.7,MN
2009-06-01,NC-Charlotte,120.54,NC
2009-06-01,NV-Las Vegas,107.31,NV
2009-06-01,NY-New York,172.34,NY
2009-06-01,OH-Cleveland,106.38,OH
2009-06-01,OR-Portland,148.47,OR
2009-06-01,TX-Dallas,119.7,TX
2009-06-01,WA-Seattle,149.5,WA
2009-06-01,Composite-10,153.35,Composite
2009-06-01,Composite-20,141.9,Composite
2009-06-01,National-US,149.83,National
2009-07-01,AZ-Phoenix,106.6,AZ
2009-07-01,CA-Los Angeles,163.97,CA
2009-07-01,CA-San Diego,150.99,CA
2009-07-01,CA-San Francisco,128.86,CA
2009-07-01,CO-Denver,128.79,CO
2009-07-01,DC-Washington,176.45,DC
2009-07-01,FL-Miami,147.27,FL
2009-07-01,FL-Tampa,142.84,FL
2009-07-01,GA-Atlanta,110.0,GA
2009-07-01,IL-Chicago,128.32,IL
2009-07-01,MA-Boston,154.53,MA
2009-07-01,MI-Detroit,70.24,MI
2009-07-01,MN-Minneapolis,119.3,MN
2009-07-01,NC-Charlotte,121.23,NC
2009-07-01,NV-Las Vegas,106.08,NV
2009-07-01,NY-New York,173.91,NY
2009-07-01,OH-Cleveland,107.93,OH
2009-07-01,OR-Portland,150.06,OR
2009-07-01,TX-Dallas,121.2,TX
2009-07-01,WA-Seattle,149.4,WA
2009-07-01,Composite-10,155.95,Composite
2009-07-01,Composite-20,144.3,Composite
2009-07-01,National-US,150.78,National
2009-08-01,AZ-Phoenix,108.4,AZ
2009-08-01,CA-Los Angeles,166.62,CA
2009-08-01,CA-San Diego,153.34,CA
2009-08-01,CA-San Francisco,132.47,CA
2009-08-01,CO-Denver,130.07,CO
2009-08-01,DC-Washington,179.57,DC
2009-08-01,FL-Miami,148.91,FL
2009-08-01,FL-Tampa,143.43,FL
2009-08-01,GA-Atlanta,111.2,GA
2009-08-01,IL-Chicago,130.55,IL
2009-08-01,MA-Boston,155.94,MA
2009-08-01,MI-Detroit,71.59,MI
2009-08-01,MN-Minneapolis,122.9,MN
2009-08-01,NC-Charlotte,120.72,NC
2009-08-01,NV-Las Vegas,105.78,NV
2009-08-01,NY-New York,175.13,NY
2009-08-01,OH-Cleveland,107.42,OH
2009-08-01,OR-Portland,150.46,OR
2009-08-01,TX-Dallas,121.5,TX
2009-08-01,WA-Seattle,149.5,WA
2009-08-01,Composite-10,158.07,Composite
2009-08-01,Composite-20,146.1,Composite
2009-08-01,National-US,150.7,National
2009-09-01,AZ-Phoenix,109.2,AZ
2009-09-01,CA-Los Angeles,168.03,CA
2009-09-01,CA-San Diego,154.76,CA
2009-09-01,CA-San Francisco,134.16,CA
2009-09-01,CO-Denver,129.44,CO
2009-09-01,DC-Washington,180.71,DC
2009-09-01,FL-Miami,149.69,FL
2009-09-01,FL-Tampa,142.57,FL
2009-09-01,GA-Atlanta,111.2,GA
2009-09-01,IL-Chicago,132.13,IL
2009-09-01,MA-Boston,155.62,MA
2009-09-01,MI-Detroit,72.81,MI
2009-09-01,MN-Minneapolis,125.2,MN
2009-09-01,NC-Charlotte,119.84,NC
2009-09-01,NV-Las Vegas,104.82,NV
2009-09-01,NY-New York,174.81,NY
2009-09-01,OH-Cleveland,105.75,OH
2009-09-01,OR-Portland,149.72,OR
2009-09-01,TX-Dallas,120.6,TX
2009-09-01,WA-Seattle,148.9,WA
2009-09-01,Composite-10,158.77,Composite
2009-09-01,Composite-20,146.6,Composite
2009-09-01,National-US,149.65,National
2009-10-01,AZ-Phoenix,110.7,AZ
2009-10-01,CA-Los Angeles,168.43,CA
2009-10-01,CA-San Diego,155.37,CA
2009-10-01,CA-San Francisco,135.81,CA
2009-10-01,CO-Denver,128.9,CO
2009-10-01,DC-Washington,180.08,DC
2009-10-01,FL-Miami,149.09,FL
2009-10-01,FL-Tampa,140.27,FL
2009-10-01,GA-Atlanta,110.1,GA
2009-10-01,IL-Chicago,130.75,IL
2009-10-01,MA-Boston,154.71,MA
2009-10-01,MI-Detroit,72.88,MI
2009-10-01,MN-Minneapolis,124.8,MN
2009-10-01,NC-Charlotte,119.05,NC
2009-10-01,NV-Las Vegas,104.71,NV
2009-10-01,NY-New York,174.42,NY
2009-10-01,OH-Cleveland,104.97,OH
2009-10-01,OR-Portland,149.88,OR
2009-10-01,TX-Dallas,119.9,TX
2009-10-01,WA-Seattle,149.2,WA
2009-10-01,Composite-10,158.68,Composite
2009-10-01,Composite-20,146.4,Composite
2009-10-01,National-US,148.61,National
2009-11-01,AZ-Phoenix,111.9,AZ
2009-11-01,CA-Los Angeles,169.72,CA
2009-11-01,CA-San Diego,156.06,CA
2009-11-01,CA-San Francisco,136.63,CA
2009-11-01,CO-Denver,128.29,CO
2009-11-01,DC-Washington,179.17,DC
2009-11-01,FL-Miami,149.08,FL
2009-11-01,FL-Tampa,139.66,FL
2009-11-01,GA-Atlanta,109.2,GA
2009-11-01,IL-Chicago,129.36,IL
2009-11-01,MA-Boston,153.98,MA
2009-11-01,MI-Detroit,72.41,MI
2009-11-01,MN-Minneapolis,124.3,MN
2009-11-01,NC-Charlotte,118.66,NC
2009-11-01,NV-Las Vegas,104.22,NV
2009-11-01,NY-New York,172.65,NY
2009-11-01,OH-Cleveland,104.75,OH
2009-11-01,OR-Portland,150.38,OR
2009-11-01,TX-Dallas,119.9,TX
2009-11-01,WA-Seattle,148.5,WA
2009-11-01,Composite-10,158.33,Composite
2009-11-01,Composite-20,146.1,Composite
2009-11-01,National-US,147.97,National
2009-12-01,AZ-Phoenix,112.4,AZ
2009-12-01,CA-Los Angeles,171.38,CA
2009-12-01,CA-San Diego,156.29,CA
2009-12-01,CA-San Francisco,136.4,CA
2009-12-01,CO-Denver,127.2,CO
2009-12-01,DC-Washington,178.8,DC
2009-12-01,FL-Miami,148.66,FL
2009-12-01,FL-Tampa,138.85,FL
2009-12-01,GA-Atlanta,108.6,GA
2009-12-01,IL-Chicago,127.26,IL
2009-12-01,MA-Boston,153.78,MA
2009-12-01,MI-Detroit,72.56,MI
2009-12-01,MN-Minneapolis,123.6,MN
2009-12-01,NC-Charlotte,117.79,NC
2009-12-01,NV-Las Vegas,104.38,NV
2009-12-01,NY-New York,171.85,NY
2009-12-01,OH-Cleveland,103.86,OH
2009-12-01,OR-Portland,149.95,OR
2009-12-01,TX-Dallas,118.8,TX
2009-12-01,WA-Seattle,147.5,WA
2009-12-01,Composite-10,158.16,Composite
2009-12-01,Composite-20,145.8,Composite
2009-12-01,National-US,146.7,National
2010-01-01,AZ-Phoenix,111.7,AZ
2010-01-01,CA-Los Angeles,172.97,CA
2010-01-01,CA-San Diego,156.95,CA
2010-01-01,CA-San Francisco,135.63,CA
2010-01-01,CO-Denver,125.59,CO
2010-01-01,DC-Washington,177.4,DC
2010-01-01,FL-Miami,148.32,FL
2010-01-01,FL-Tampa,138.18,FL
2010-01-01,GA-Atlanta,107.0,GA
2010-01-01,IL-Chicago,125.11,IL
2010-01-01,MA-Boston,153.01,MA
2010-01-01,MI-Detroit,71.84,MI
2010-01-01,MN-Minneapolis,122.5,MN
2010-01-01,NC-Charlotte,117.16,NC
2010-01-01,NV-Las Vegas,103.82,NV
2010-01-01,NY-New York,171.39,NY
2010-01-01,OH-Cleveland,103.29,OH
2010-01-01,OR-Portland,147.29,OR
2010-01-01,TX-Dallas,117.2,TX
2010-01-01,WA-Seattle,145.0,WA
2010-01-01,Composite-10,157.87,Composite
2010-01-01,Composite-20,145.3,Composite
2010-01-01,National-US,145.0,National
2010-02-01,AZ-Phoenix,110.1,AZ
2010-02-01,CA-Los Angeles,171.81,CA
2010-02-01,CA-San Diego,157.92,CA
2010-02-01,CA-San Francisco,134.67,CA
2010-02-01,CO-Denver,124.54,CO
2010-02-01,DC-Washington,176.57,DC
2010-02-01,FL-Miami,147.52,FL
2010-02-01,FL-Tampa,136.54,FL
2010-02-01,GA-Atlanta,105.6,GA
2010-02-01,IL-Chicago,122.57,IL
2010-02-01,MA-Boston,151.42,MA
2010-02-01,MI-Detroit,70.55,MI
2010-02-01,MN-Minneapolis,119.8,MN
2010-02-01,NC-Charlotte,115.98,NC
2010-02-01,NV-Las Vegas,103.4,NV
2010-02-01,NY-New York,170.56,NY
2010-02-01,OH-Cleveland,101.53,OH
2010-02-01,OR-Portland,143.69,OR
2010-02-01,TX-Dallas,115.2,TX
2010-02-01,WA-Seattle,143.5,WA
2010-02-01,Composite-10,156.85,Composite
2010-02-01,Composite-20,144.0,Composite
2010-02-01,National-US,143.06,National
2010-03-01,AZ-Phoenix,109.5,AZ
2010-03-01,CA-Los Angeles,170.61,CA
2010-03-01,CA-San Diego,160.22,CA
2010-03-01,CA-San Francisco,136.74,CA
2010-03-01,CO-Denver,125.31,CO
2010-03-01,DC-Washington,175.41,DC
2010-03-01,FL-Miami,146.15,FL
2010-03-01,FL-Tampa,136.46,FL
2010-03-01,GA-Atlanta,103.7,GA
2010-03-01,IL-Chicago,119.71,IL
2010-03-01,MA-Boston,151.39,MA
2010-03-01,MI-Detroit,67.68,MI
2010-03-01,MN-Minneapolis,117.2,MN
2010-03-01,NC-Charlotte,114.77,NC
2010-03-01,NV-Las Vegas,102.58,NV
2010-03-01,NY-New York,169.26,NY
2010-03-01,OH-Cleveland,103.32,OH
2010-03-01,OR-Portland,143.61,OR
2010-03-01,TX-Dallas,115.8,TX
2010-03-01,WA-Seattle,143.7,WA
2010-03-01,Composite-10,156.21,Composite
2010-03-01,Composite-20,143.3,Composite
2010-03-01,National-US,143.6,National
2010-04-01,AZ-Phoenix,110.0,AZ
2010-04-01,CA-Los Angeles,171.78,CA
2010-04-01,CA-San Diego,161.39,CA
2010-04-01,CA-San Francisco,139.77,CA
2010-04-01,CO-Denver,127.5,CO
2010-04-01,DC-Washington,179.51,DC
2010-04-01,FL-Miami,145.04,FL
2010-04-01,FL-Tampa,137.09,FL
2010-04-01,GA-Atlanta,105.6,GA
2010-04-01,IL-Chicago,120.43,IL
2010-04-01,MA-Boston,153.56,MA
2010-04-01,MI-Detroit,67.81,MI
2010-04-01,MN-Minneapolis,119.3,MN
2010-04-01,NC-Charlotte,116.05,NC
2010-04-01,NV-Las Vegas,102.82,NV
2010-04-01,NY-New York,168.89,NY
2010-04-01,OH-Cleveland,104.77,OH
2010-04-01,OR-Portland,146.25,OR
2010-04-01,TX-Dallas,118.1,TX
2010-04-01,WA-Seattle,145.1,WA
2010-04-01,Composite-10,157.35,Composite
2010-04-01,Composite-20,144.5,Composite
2010-04-01,National-US,145.39,National
2010-05-01,AZ-Phoenix,111.0,AZ
2010-05-01,CA-Los Angeles,174.67,CA
2010-05-01,CA-San Diego,163.11,CA
2010-05-01,CA-San Francisco,142.16,CA
2010-05-01,CO-Denver,128.24,CO
2010-05-01,DC-Washington,182.58,DC
2010-05-01,FL-Miami,146.33,FL
2010-05-01,FL-Tampa,138.29,FL
2010-05-01,GA-Atlanta,107.8,GA
2010-05-01,IL-Chicago,121.9,IL
2010-05-01,MA-Boston,155.95,MA
2010-05-01,MI-Detroit,68.34,MI
2010-05-01,MN-Minneapolis,122.7,MN
2010-05-01,NC-Charlotte,116.39,NC
2010-05-01,NV-Las Vegas,102.35,NV
2010-05-01,NY-New York,170.47,NY
2010-05-01,OH-Cleveland,105.85,OH
2010-05-01,OR-Portland,147.98,OR
2010-05-01,TX-Dallas,119.9,TX
2010-05-01,WA-Seattle,146.8,WA
2010-05-01,Composite-10,159.41,Composite
2010-05-01,Composite-20,146.4,Composite
2010-05-01,National-US,147.03,National
2010-06-01,AZ-Phoenix,110.9,AZ
2010-06-01,CA-Los Angeles,175.66,CA
2010-06-01,CA-San Diego,163.82,CA
2010-06-01,CA-San Francisco,142.55,CA
2010-06-01,CO-Denver,129.2,CO
2010-06-01,DC-Washington,185.74,DC
2010-06-01,FL-Miami,146.92,FL
2010-06-01,FL-Tampa,138.58,FL
2010-06-01,GA-Atlanta,109.7,GA
2010-06-01,IL-Chicago,124.9,IL
2010-06-01,MA-Boston,157.83,MA
2010-06-01,MI-Detroit,70.04,MI
2010-06-01,MN-Minneapolis,125.9,MN
2010-06-01,NC-Charlotte,117.24,NC
2010-06-01,NV-Las Vegas,101.77,NV
2010-06-01,NY-New York,172.85,NY
2010-06-01,OH-Cleveland,107.26,OH
2010-06-01,OR-Portland,148.73,OR
2010-06-01,TX-Dallas,121.0,TX
2010-06-01,WA-Seattle,146.8,WA
2010-06-01,Composite-10,161.06,Composite
2010-06-01,Composite-20,147.9,Composite
2010-06-01,National-US,147.69,National
2010-07-01,AZ-Phoenix,110.3,AZ
2010-07-01,CA-Los Angeles,176.27,CA
2010-07-01,CA-San Diego,165.02,CA
2010-07-01,CA-San Francisco,143.23,CA
2010-07-01,CO-Denver,128.72,CO
2010-07-01,DC-Washington,187.15,DC
2010-07-01,FL-Miami,147.88,FL
2010-07-01,FL-Tampa,138.24,FL
2010-07-01,GA-Atlanta,110.0,GA
2010-07-01,IL-Chicago,126.17,IL
2010-07-01,MA-Boston,158.83,MA
2010-07-01,MI-Detroit,71.17,MI
2010-07-01,MN-Minneapolis,126.7,MN
2010-07-01,NC-Charlotte,117.03,NC
2010-07-01,NV-Las Vegas,100.91,NV
2010-07-01,NY-New York,175.02,NY
2010-07-01,OH-Cleveland,107.31,OH
2010-07-01,OR-Portland,148.33,OR
2010-07-01,TX-Dallas,120.7,TX
2010-07-01,WA-Seattle,147.0,WA
2010-07-01,Composite-10,162.24,Composite
2010-07-01,Composite-20,148.8,Composite
2010-07-01,National-US,147.54,National
2010-08-01,AZ-Phoenix,108.8,AZ
2010-08-01,CA-Los Angeles,175.55,CA
2010-08-01,CA-San Diego,163.99,CA
2010-08-01,CA-San Francisco,142.83,CA
2010-08-01,CO-Denver,128.57,CO
2010-08-01,DC-Washington,187.05,DC
2010-08-01,FL-Miami,147.47,FL
2010-08-01,FL-Tampa,137.53,FL
2010-08-01,GA-Atlanta,108.9,GA
2010-08-01,IL-Chicago,126.7,IL
2010-08-01,MA-Boston,158.35,MA
2010-08-01,MI-Detroit,71.5,MI
2010-08-01,MN-Minneapolis,126.3,MN
2010-08-01,NC-Charlotte,116.57,NC
2010-08-01,NV-Las Vegas,101.03,NV
2010-08-01,NY-New York,175.18,NY
2010-08-01,OH-Cleveland,107.0,OH
2010-08-01,OR-Portland,147.02,OR
2010-08-01,TX-Dallas,119.3,TX
2010-08-01,WA-Seattle,145.9,WA
2010-08-01,Composite-10,162.01,Composite
2010-08-01,Composite-20,148.4,Composite
2010-08-01,National-US,146.4,National
2010-09-01,AZ-Phoenix,107.1,AZ
2010-09-01,CA-Los Angeles,175.36,CA
2010-09-01,CA-San Diego,162.43,CA
2010-09-01,CA-San Francisco,141.54,CA
2010-09-01,CO-Denver,127.33,CO
2010-09-01,DC-Washington,186.25,DC
2010-09-01,FL-Miami,145.64,FL
2010-09-01,FL-Tampa,136.5,FL
2010-09-01,GA-Atlanta,106.3,GA
2010-09-01,IL-Chicago,124.76,IL
2010-09-01,MA-Boston,156.27,MA
2010-09-01,MI-Detroit,70.59,MI
2010-09-01,MN-Minneapolis,123.7,MN
2010-09-01,NC-Charlotte,115.4,NC
2010-09-01,NV-Las Vegas,101.18,NV
2010-09-01,NY-New York,174.43,NY
2010-09-01,OH-Cleveland,103.78,OH
2010-09-01,OR-Portland,144.3,OR
2010-09-01,TX-Dallas,117.4,TX
2010-09-01,WA-Seattle,145.0,WA
2010-09-01,Composite-10,161.0,Composite
2010-09-01,Composite-20,147.2,Composite
2010-09-01,National-US,144.58,National
2010-10-01,AZ-Phoenix,105.9,AZ
2010-10-01,CA-Los Angeles,174.05,CA
2010-10-01,CA-San Diego,159.99,CA
2010-10-01,CA-San Francisco,138.84,CA
2010-10-01,CO-Denver,126.58,CO
2010-10-01,DC-Washington,184.96,DC
2010-10-01,FL-Miami,144.03,FL
2010-10-01,FL-Tampa,134.92,FL
2010-10-01,GA-Atlanta,103.3,GA
2010-10-01,IL-Chicago,122.28,IL
2010-10-01,MA-Boston,154.34,MA
2010-10-01,MI-Detroit,69.24,MI
2010-10-01,MN-Minneapolis,121.5,MN
2010-10-01,NC-Charlotte,114.12,NC
2010-10-01,NV-Las Vegas,100.97,NV
2010-10-01,NY-New York,171.5,NY
2010-10-01,OH-Cleveland,102.13,OH
2010-10-01,OR-Portland,142.16,OR
2010-10-01,TX-Dallas,116.1,TX
2010-10-01,WA-Seattle,143.1,WA
2010-10-01,Composite-10,158.9,Composite
2010-10-01,Composite-20,145.2,Composite
2010-10-01,National-US,143.11,National
2010-11-01,AZ-Phoenix,104.8,AZ
2010-11-01,CA-Los Angeles,173.28,CA
2010-11-01,CA-San Diego,160.08,CA
2010-11-01,CA-San Francisco,137.28,CA
2010-11-01,CO-Denver,125.02,CO
2010-11-01,DC-Washington,183.81,DC
2010-11-01,FL-Miami,143.81,FL
2010-11-01,FL-Tampa,133.49,FL
2010-11-01,GA-Atlanta,100.8,GA
2010-11-01,IL-Chicago,119.57,IL
2010-11-01,MA-Boston,152.76,MA
2010-11-01,MI-Detroit,68.1,MI
2010-11-01,MN-Minneapolis,119.1,MN
2010-11-01,NC-Charlotte,113.45,NC
2010-11-01,NV-Las Vegas,100.59,NV
2010-11-01,NY-New York,169.53,NY
2010-11-01,OH-Cleveland,100.03,OH
2010-11-01,OR-Portland,139.92,OR
2010-11-01,TX-Dallas,114.8,TX
2010-11-01,WA-Seattle,141.5,WA
2010-11-01,Composite-10,157.5,Composite
2010-11-01,Composite-20,143.7,Composite
2010-11-01,National-US,141.81,National
2010-12-01,AZ-Phoenix,103.1,AZ
2010-12-01,CA-Los Angeles,170.99,CA
2010-12-01,CA-San Diego,158.97,CA
2010-12-01,CA-San Francisco,136.02,CA
2010-12-01,CO-Denver,124.1,CO
2010-12-01,DC-Washington,182.9,DC
2010-12-01,FL-Miami,143.11,FL
2010-12-01,FL-Tampa,130.65,FL
2010-12-01,GA-Atlanta,100.0,GA
2010-12-01,IL-Chicago,117.86,IL
2010-12-01,MA-Boston,152.52,MA
2010-12-01,MI-Detroit,68.07,MI
2010-12-01,MN-Minneapolis,117.3,MN
2010-12-01,NC-Charlotte,112.41,NC
2010-12-01,NV-Las Vegas,99.48,NV
2010-12-01,NY-New York,167.92,NY
2010-12-01,OH-Cleveland,100.21,OH
2010-12-01,OR-Portland,138.23,OR
2010-12-01,TX-Dallas,114.6,TX
2010-12-01,WA-Seattle,138.7,WA
2010-12-01,Composite-10,156.04,Composite
2010-12-01,Composite-20,142.3,Composite
2010-12-01,National-US,140.63,National
2011-01-01,AZ-Phoenix,101.5,AZ
2011-01-01,CA-Los Angeles,169.88,CA
2011-01-01,CA-San Diego,157.03,CA
2011-01-01,CA-San Francisco,133.37,CA
2011-01-01,CO-Denver,122.73,CO
2011-01-01,DC-Washington,181.35,DC
2011-01-01,FL-Miami,141.3,FL
2011-01-01,FL-Tampa,129.03,FL
2011-01-01,GA-Atlanta,100.3,GA
2011-01-01,IL-Chicago,115.78,IL
2011-01-01,MA-Boston,152.18,MA
2011-01-01,MI-Detroit,67.63,MI
2011-01-01,MN-Minneapolis,113.4,MN
2011-01-01,NC-Charlotte,111.32,NC
2011-01-01,NV-Las Vegas,99.23,NV
2011-01-01,NY-New York,165.92,NY
2011-01-01,OH-Cleveland,99.13,OH
2011-01-01,OR-Portland,135.8,OR
2011-01-01,TX-Dallas,114.0,TX
2011-01-01,WA-Seattle,135.4,WA
2011-01-01,Composite-10,154.36,Composite
2011-01-01,Composite-20,140.7,Composite
2011-01-01,National-US,139.05,National
2011-02-01,AZ-Phoenix,100.8,AZ
2011-02-01,CA-Los Angeles,168.23,CA
2011-02-01,CA-San Diego,155.05,CA
2011-02-01,CA-San Francisco,129.96,CA
2011-02-01,CO-Denver,121.26,CO
2011-02-01,DC-Washington,179.96,DC
2011-02-01,FL-Miami,138.44,FL
2011-02-01,FL-Tampa,127.62,FL
2011-02-01,GA-Atlanta,100.6,GA
2011-02-01,IL-Chicago,113.26,IL
2011-02-01,MA-Boston,149.83,MA
2011-02-01,MI-Detroit,67.58,MI
2011-02-01,MN-Minneapolis,109.7,MN
2011-02-01,NC-Charlotte,110.11,NC
2011-02-01,NV-Las Vegas,98.28,NV
2011-02-01,NY-New York,164.45,NY
2011-02-01,OH-Cleveland,98.52,OH
2011-02-01,OR-Portland,133.66,OR
2011-02-01,TX-Dallas,113.7,TX
2011-02-01,WA-Seattle,132.8,WA
2011-02-01,Composite-10,152.38,Composite
2011-02-01,Composite-20,139.0,Composite
2011-02-01,National-US,137.74,National
2011-03-01,AZ-Phoenix,100.2,AZ
2011-03-01,CA-Los Angeles,167.75,CA
2011-03-01,CA-San Diego,153.88,CA
2011-03-01,CA-San Francisco,129.83,CA
2011-03-01,CO-Denver,120.56,CO
2011-03-01,DC-Washington,177.52,DC
2011-03-01,FL-Miami,137.28,FL
2011-03-01,FL-Tampa,126.7,FL
2011-03-01,GA-Atlanta,100.3,GA
2011-03-01,IL-Chicago,110.57,IL
2011-03-01,MA-Boston,147.33,MA
2011-03-01,MI-Detroit,65.18,MI
2011-03-01,MN-Minneapolis,105.7,MN
2011-03-01,NC-Charlotte,108.92,NC
2011-03-01,NV-Las Vegas,97.18,NV
2011-03-01,NY-New York,162.34,NY
2011-03-01,OH-Cleveland,97.02,OH
2011-03-01,OR-Portland,132.67,OR
2011-03-01,TX-Dallas,112.7,TX
2011-03-01,WA-Seattle,132.9,WA
2011-03-01,Composite-10,150.91,Composite
2011-03-01,Composite-20,137.6,Composite
2011-03-01,National-US,137.79,National
2011-04-01,AZ-Phoenix,100.3,AZ
2011-04-01,CA-Los Angeles,168.18,CA
2011-04-01,CA-San Diego,154.5,CA
2011-04-01,CA-San Francisco,132.02,CA
2011-04-01,CO-Denver,122.32,CO
2011-04-01,DC-Washington,178.48,DC
2011-04-01,FL-Miami,136.99,FL
2011-04-01,FL-Tampa,126.43,FL
2011-04-01,GA-Atlanta,101.8,GA
2011-04-01,IL-Chicago,110.12,IL
2011-04-01,MA-Boston,147.06,MA
2011-04-01,MI-Detroit,64.47,MI
2011-04-01,MN-Minneapolis,105.9,MN
2011-04-01,NC-Charlotte,110.35,NC
2011-04-01,NV-Las Vegas,96.47,NV
2011-04-01,NY-New York,163.92,NY
2011-04-01,OH-Cleveland,98.1,OH
2011-04-01,OR-Portland,132.84,OR
2011-04-01,TX-Dallas,113.2,TX
2011-04-01,WA-Seattle,135.1,WA
2011-04-01,Composite-10,151.78,Composite
2011-04-01,Composite-20,138.4,Composite
2011-04-01,National-US,139.16,National
2011-05-01,AZ-Phoenix,100.4,AZ
2011-05-01,CA-Los Angeles,169.07,CA
2011-05-01,CA-San Diego,154.78,CA
2011-05-01,CA-San Francisco,134.42,CA
2011-05-01,CO-Denver,123.94,CO
2011-05-01,DC-Washington,180.57,DC
2011-05-01,FL-Miami,138.6,FL
2011-05-01,FL-Tampa,127.06,FL
2011-05-01,GA-Atlanta,102.8,GA
2011-05-01,IL-Chicago,112.01,IL
2011-05-01,MA-Boston,150.89,MA
2011-05-01,MI-Detroit,65.7,MI
2011-05-01,MN-Minneapolis,108.5,MN
2011-05-01,NC-Charlotte,111.85,NC
2011-05-01,NV-Las Vegas,95.6,NV
2011-05-01,NY-New York,165.09,NY
2011-05-01,OH-Cleveland,99.1,OH
2011-05-01,OR-Portland,134.5,OR
2011-05-01,TX-Dallas,114.2,TX
2011-05-01,WA-Seattle,136.5,WA
2011-05-01,Composite-10,153.33,Composite
2011-05-01,Composite-20,139.8,Composite
2011-05-01,National-US,140.68,National
2011-06-01,AZ-Phoenix,100.6,AZ
2011-06-01,CA-Los Angeles,169.66,CA
2011-06-01,CA-San Diego,155.06,CA
2011-06-01,CA-San Francisco,134.9,CA
2011-06-01,CO-Denver,125.97,CO
2011-06-01,DC-Washington,182.67,DC
2011-06-01,FL-Miami,139.46,FL
2011-06-01,FL-Tampa,128.52,FL
2011-06-01,GA-Atlanta,104.3,GA
2011-06-01,IL-Chicago,115.61,IL
2011-06-01,MA-Boston,154.46,MA
2011-06-01,MI-Detroit,69.47,MI
2011-06-01,MN-Minneapolis,112.4,MN
2011-06-01,NC-Charlotte,113.56,NC
2011-06-01,NV-Las Vegas,95.67,NV
2011-06-01,NY-New York,166.82,NY
2011-06-01,OH-Cleveland,100.65,OH
2011-06-01,OR-Portland,134.52,OR
2011-06-01,TX-Dallas,115.9,TX
2011-06-01,WA-Seattle,137.4,WA
2011-06-01,Composite-10,154.87,Composite
2011-06-01,Composite-20,141.5,Composite
2011-06-01,National-US,141.94,National
2011-07-01,AZ-Phoenix,100.5,AZ
2011-07-01,CA-Los Angeles,170.05,CA
2011-07-01,CA-San Diego,155.22,CA
2011-07-01,CA-San Francisco,135.28,CA
2011-07-01,CO-Denver,125.98,CO
2011-07-01,DC-Washington,185.29,DC
2011-07-01,FL-Miami,141.15,FL
2011-07-01,FL-Tampa,129.48,FL
2011-07-01,GA-Atlanta,104.5,GA
2011-07-01,IL-Chicago,117.78,IL
2011-07-01,MA-Boston,155.75,MA
2011-07-01,MI-Detroit,72.63,MI
2011-07-01,MN-Minneapolis,115.7,MN
2011-07-01,NC-Charlotte,113.56,NC
2011-07-01,NV-Las Vegas,95.48,NV
2011-07-01,NY-New York,169.54,NY
2011-07-01,OH-Cleveland,101.64,OH
2011-07-01,OR-Portland,135.8,OR
2011-07-01,TX-Dallas,116.9,TX
2011-07-01,WA-Seattle,137.5,WA
2011-07-01,Composite-10,156.32,Composite
2011-07-01,Composite-20,142.8,Composite
2011-07-01,National-US,142.33,National
2011-08-01,AZ-Phoenix,100.4,AZ
2011-08-01,CA-Los Angeles,169.38,CA
2011-08-01,CA-San Diego,154.91,CA
2011-08-01,CA-San Francisco,135.2,CA
2011-08-01,CO-Denver,126.48,CO
2011-08-01,DC-Washington,185.97,DC
2011-08-01,FL-Miami,140.75,FL
2011-08-01,FL-Tampa,129.49,FL
2011-08-01,GA-Atlanta,102.0,GA
2011-08-01,IL-Chicago,119.4,IL
2011-08-01,MA-Boston,155.58,MA
2011-08-01,MI-Detroit,73.6,MI
2011-08-01,MN-Minneapolis,116.0,MN
2011-08-01,NC-Charlotte,113.41,NC
2011-08-01,NV-Las Vegas,95.18,NV
2011-08-01,NY-New York,170.2,NY
2011-08-01,OH-Cleveland,101.96,OH
2011-08-01,OR-Portland,135.91,OR
2011-08-01,TX-Dallas,117.1,TX
2011-08-01,WA-Seattle,137.0,WA
2011-08-01,Composite-10,156.51,Composite
2011-08-01,Composite-20,142.9,Composite
2011-08-01,National-US,141.77,National
2011-09-01,AZ-Phoenix,100.2,AZ
2011-09-01,CA-Los Angeles,168.0,CA
2011-09-01,CA-San Diego,153.72,CA
2011-09-01,CA-San Francisco,133.22,CA
2011-09-01,CO-Denver,125.57,CO
2011-09-01,DC-Washington,186.32,DC
2011-09-01,FL-Miami,139.83,FL
2011-09-01,FL-Tampa,127.35,FL
2011-09-01,GA-Atlanta,95.99,GA
2011-09-01,IL-Chicago,118.47,IL
2011-09-01,MA-Boston,154.39,MA
2011-09-01,MI-Detroit,74.16,MI
2011-09-01,MN-Minneapolis,115.8,MN
2011-09-01,NC-Charlotte,112.85,NC
2011-09-01,NV-Las Vegas,93.8,NV
2011-09-01,NY-New York,169.96,NY
2011-09-01,OH-Cleveland,100.67,OH
2011-09-01,OR-Portland,136.1,OR
2011-09-01,TX-Dallas,116.4,TX
2011-09-01,WA-Seattle,135.5,WA
2011-09-01,Composite-10,155.61,Composite
2011-09-01,Composite-20,141.9,Composite
2011-09-01,National-US,140.15,National
2011-10-01,AZ-Phoenix,100.5,AZ
2011-10-01,CA-Los Angeles,165.51,CA
2011-10-01,CA-San Diego,152.86,CA
2011-10-01,CA-San Francisco,132.34,CA
2011-10-01,CO-Denver,125.38,CO
2011-10-01,DC-Washington,182.9,DC
2011-10-01,FL-Miami,138.2,FL
2011-10-01,FL-Tampa,126.66,FL
2011-10-01,GA-Atlanta,91.21,GA
2011-10-01,IL-Chicago,116.39,IL
2011-10-01,MA-Boston,152.7,MA
2011-10-01,MI-Detroit,72.8,MI
2011-10-01,MN-Minneapolis,114.4,MN
2011-10-01,NC-Charlotte,111.68,NC
2011-10-01,NV-Las Vegas,92.36,NV
2011-10-01,NY-New York,167.33,NY
2011-10-01,OH-Cleveland,99.68,OH
2011-10-01,OR-Portland,135.44,OR
2011-10-01,TX-Dallas,115.4,TX
2011-10-01,WA-Seattle,134.2,WA
2011-10-01,Composite-10,153.53,Composite
2011-10-01,Composite-20,140.0,Composite
2011-10-01,National-US,138.4,National
2011-11-01,AZ-Phoenix,101.1,AZ
2011-11-01,CA-Los Angeles,163.93,CA
2011-11-01,CA-San Diego,151.45,CA
2011-11-01,CA-San Francisco,129.78,CA
2011-11-01,CO-Denver,124.79,CO
2011-11-01,DC-Washington,181.11,DC
2011-11-01,FL-Miami,137.47,FL
2011-11-01,FL-Tampa,125.28,FL
2011-11-01,GA-Atlanta,88.92,GA
2011-11-01,IL-Chicago,112.44,IL
2011-11-01,MA-Boston,150.33,MA
2011-11-01,MI-Detroit,71.8,MI
2011-11-01,MN-Minneapolis,113.7,MN
2011-11-01,NC-Charlotte,110.16,NC
2011-11-01,NV-Las Vegas,91.41,NV
2011-11-01,NY-New York,164.86,NY
2011-11-01,OH-Cleveland,98.93,OH
2011-11-01,OR-Portland,133.26,OR
2011-11-01,TX-Dallas,114.0,TX
2011-11-01,WA-Seattle,132.6,WA
2011-11-01,Composite-10,151.4,Composite
2011-11-01,Composite-20,138.1,Composite
2011-11-01,National-US,136.65,National
2011-12-01,AZ-Phoenix,101.9,AZ
2011-12-01,CA-Los Angeles,162.11,CA
2011-12-01,CA-San Diego,150.42,CA
2011-12-01,CA-San Francisco,128.72,CA
2011-12-01,CO-Denver,123.62,CO
2011-12-01,DC-Washington,178.38,DC
2011-12-01,FL-Miami,137.74,FL
2011-12-01,FL-Tampa,125.08,FL
2011-12-01,GA-Atlanta,87.3,GA
2011-12-01,IL-Chicago,110.16,IL
2011-12-01,MA-Boston,148.53,MA
2011-12-01,MI-Detroit,70.46,MI
2011-12-01,MN-Minneapolis,112.3,MN
2011-12-01,NC-Charlotte,109.06,NC
2011-12-01,NV-Las Vegas,90.7,NV
2011-12-01,NY-New York,162.41,NY
2011-12-01,OH-Cleveland,97.75,OH
2011-12-01,OR-Portland,132.76,OR
2011-12-01,TX-Dallas,113.1,TX
2011-12-01,WA-Seattle,130.9,WA
2011-12-01,Composite-10,149.58,Composite
2011-12-01,Composite-20,136.6,Composite
2011-12-01,National-US,135.16,National
2012-01-01,AZ-Phoenix,102.8,AZ
2012-01-01,CA-Los Angeles,160.76,CA
2012-01-01,CA-San Diego,148.74,CA
2012-01-01,CA-San Francisco,125.47,CA
2012-01-01,CO-Denver,122.92,CO
2012-01-01,DC-Washington,176.93,DC
2012-01-01,FL-Miami,138.64,FL
2012-01-01,FL-Tampa,124.14,FL
2012-01-01,GA-Atlanta,85.44,GA
2012-01-01,IL-Chicago,107.99,IL
2012-01-01,MA-Boston,147.87,MA
2012-01-01,MI-Detroit,70.28,MI
2012-01-01,MN-Minneapolis,111.4,MN
2012-01-01,NC-Charlotte,108.39,NC
2012-01-01,NV-Las Vegas,90.24,NV
2012-01-01,NY-New York,160.63,NY
2012-01-01,OH-Cleveland,95.52,OH
2012-01-01,OR-Portland,129.96,OR
2012-01-01,TX-Dallas,112.6,TX
2012-01-01,WA-Seattle,130.0,WA
2012-01-01,Composite-10,147.99,Composite
2012-01-01,Composite-20,135.2,Composite
2012-01-01,National-US,134.17,National
2012-02-01,AZ-Phoenix,104.1,AZ
2012-02-01,CA-Los Angeles,159.53,CA
2012-02-01,CA-San Diego,149.07,CA
2012-02-01,CA-San Francisco,124.64,CA
2012-02-01,CO-Denver,121.81,CO
2012-02-01,DC-Washington,174.56,DC
2012-02-01,FL-Miami,139.53,FL
2012-02-01,FL-Tampa,123.91,FL
2012-02-01,GA-Atlanta,83.27,GA
2012-02-01,IL-Chicago,105.26,IL
2012-02-01,MA-Boston,146.26,MA
2012-02-01,MI-Detroit,69.95,MI
2012-02-01,MN-Minneapolis,110.5,MN
2012-02-01,NC-Charlotte,108.55,NC
2012-02-01,NV-Las Vegas,89.88,NV
2012-02-01,NY-New York,158.87,NY
2012-02-01,OH-Cleveland,94.22,OH
2012-02-01,OR-Portland,129.6,OR
2012-02-01,TX-Dallas,112.7,TX
2012-02-01,WA-Seattle,128.9,WA
2012-02-01,Composite-10,146.62,Composite
2012-02-01,Composite-20,134.0,Composite
2012-02-01,National-US,134.02,National
2012-03-01,AZ-Phoenix,106.3,AZ
2012-03-01,CA-Los Angeles,159.72,CA
2012-03-01,CA-San Diego,149.68,CA
2012-03-01,CA-San Francisco,125.94,CA
2012-03-01,CO-Denver,123.66,CO
2012-03-01,DC-Washington,176.13,DC
2012-03-01,FL-Miami,140.76,FL
2012-03-01,FL-Tampa,125.12,FL
2012-03-01,GA-Atlanta,82.54,GA
2012-03-01,IL-Chicago,102.75,IL
2012-03-01,MA-Boston,145.95,MA
2012-03-01,MI-Detroit,68.13,MI
2012-03-01,MN-Minneapolis,109.5,MN
2012-03-01,NC-Charlotte,110.09,NC
2012-03-01,NV-Las Vegas,89.87,NV
2012-03-01,NY-New York,157.4,NY
2012-03-01,OH-Cleveland,94.66,OH
2012-03-01,OR-Portland,129.01,OR
2012-03-01,TX-Dallas,114.4,TX
2012-03-01,WA-Seattle,131.2,WA
2012-03-01,Composite-10,146.45,Composite
2012-03-01,Composite-20,134.0,Composite
2012-03-01,National-US,135.9,National
2012-04-01,AZ-Phoenix,109.0,AZ
2012-04-01,CA-Los Angeles,162.16,CA
2012-04-01,CA-San Diego,151.75,CA
2012-04-01,CA-San Francisco,130.23,CA
2012-04-01,CO-Denver,125.81,CO
2012-04-01,DC-Washington,180.99,DC
2012-04-01,FL-Miami,141.33,FL
2012-04-01,FL-Tampa,127.65,FL
2012-04-01,GA-Atlanta,84.48,GA
2012-04-01,IL-Chicago,103.98,IL
2012-04-01,MA-Boston,147.16,MA
2012-04-01,MI-Detroit,67.87,MI
2012-04-01,MN-Minneapolis,110.4,MN
2012-04-01,NC-Charlotte,111.65,NC
2012-04-01,NV-Las Vegas,90.84,NV
2012-04-01,NY-New York,157.95,NY
2012-04-01,OH-Cleveland,97.04,OH
2012-04-01,OR-Portland,131.62,OR
2012-04-01,TX-Dallas,116.4,TX
2012-04-01,WA-Seattle,133.8,WA
2012-04-01,Composite-10,148.44,Composite
2012-04-01,Composite-20,135.9,Composite
2012-04-01,National-US,138.52,National
2012-05-01,AZ-Phoenix,111.9,AZ
2012-05-01,CA-Los Angeles,165.76,CA
2012-05-01,CA-San Diego,153.06,CA
2012-05-01,CA-San Francisco,135.28,CA
2012-05-01,CO-Denver,128.48,CO
2012-05-01,DC-Washington,185.9,DC
2012-05-01,FL-Miami,143.35,FL
2012-05-01,FL-Tampa,130.34,FL
2012-05-01,GA-Atlanta,87.87,GA
2012-05-01,IL-Chicago,108.62,IL
2012-05-01,MA-Boston,150.63,MA
2012-05-01,MI-Detroit,71.2,MI
2012-05-01,MN-Minneapolis,113.5,MN
2012-05-01,NC-Charlotte,112.9,NC
2012-05-01,NV-Las Vegas,92.55,NV
2012-05-01,NY-New York,160.18,NY
2012-05-01,OH-Cleveland,99.68,OH
2012-05-01,OR-Portland,135.09,OR
2012-05-01,TX-Dallas,118.6,TX
2012-05-01,WA-Seattle,137.3,WA
2012-05-01,Composite-10,151.75,Composite
2012-05-01,Composite-20,139.2,Composite
2012-05-01,National-US,141.09,National
2012-06-01,AZ-Phoenix,114.6,AZ
2012-06-01,CA-Los Angeles,168.57,CA
2012-06-01,CA-San Diego,154.76,CA
2012-06-01,CA-San Francisco,139.01,CA
2012-06-01,CO-Denver,131.06,CO
2012-06-01,DC-Washington,189.28,DC
2012-06-01,FL-Miami,145.62,FL
2012-06-01,FL-Tampa,132.95,FL
2012-06-01,GA-Atlanta,91.75,GA
2012-06-01,IL-Chicago,113.56,IL
2012-06-01,MA-Boston,154.4,MA
2012-06-01,MI-Detroit,75.08,MI
2012-06-01,MN-Minneapolis,118.8,MN
2012-06-01,NC-Charlotte,114.49,NC
2012-06-01,NV-Las Vegas,93.94,NV
2012-06-01,NY-New York,163.27,NY
2012-06-01,OH-Cleveland,101.9,OH
2012-06-01,OR-Portland,138.51,OR
2012-06-01,TX-Dallas,120.1,TX
2012-06-01,WA-Seattle,139.8,WA
2012-06-01,Composite-10,154.94,Composite
2012-06-01,Composite-20,142.3,Composite
2012-06-01,National-US,143.21,National
2012-07-01,AZ-Phoenix,117.2,AZ
2012-07-01,CA-Los Angeles,170.79,CA
2012-07-01,CA-San Diego,156.48,CA
2012-07-01,CA-San Francisco,141.71,CA
2012-07-01,CO-Denver,132.79,CO
2012-07-01,DC-Washington,191.46,DC
2012-07-01,FL-Miami,148.7,FL
2012-07-01,FL-Tampa,134.31,FL
2012-07-01,GA-Atlanta,94.15,GA
2012-07-01,IL-Chicago,116.61,IL
2012-07-01,MA-Boston,157.18,MA
2012-07-01,MI-Detroit,77.65,MI
2012-07-01,MN-Minneapolis,123.2,MN
2012-07-01,NC-Charlotte,115.49,NC
2012-07-01,NV-Las Vegas,94.57,NV
2012-07-01,NY-New York,165.17,NY
2012-07-01,OH-Cleveland,102.33,OH
2012-07-01,OR-Portland,140.12,OR
2012-07-01,TX-Dallas,121.2,TX
2012-07-01,WA-Seattle,141.7,WA
2012-07-01,Composite-10,157.21,Composite
2012-07-01,Composite-20,144.5,Composite
2012-07-01,National-US,144.31,National
2012-08-01,AZ-Phoenix,119.2,AZ
2012-08-01,CA-Los Angeles,173.01,CA
2012-08-01,CA-San Diego,157.84,CA
2012-08-01,CA-San Francisco,142.37,CA
2012-08-01,CO-Denver,133.48,CO
2012-08-01,DC-Washington,192.38,DC
2012-08-01,FL-Miami,150.12,FL
2012-08-01,FL-Tampa,134.9,FL
2012-08-01,GA-Atlanta,95.8,GA
2012-08-01,IL-Chicago,117.45,IL
2012-08-01,MA-Boston,158.26,MA
2012-08-01,MI-Detroit,79.48,MI
2012-08-01,MN-Minneapolis,124.6,MN
2012-08-01,NC-Charlotte,116.59,NC
2012-08-01,NV-Las Vegas,96.03,NV
2012-08-01,NY-New York,166.41,NY
2012-08-01,OH-Cleveland,103.13,OH
2012-08-01,OR-Portland,140.8,OR
2012-08-01,TX-Dallas,121.3,TX
2012-08-01,WA-Seattle,141.6,WA
2012-08-01,Composite-10,158.52,Composite
2012-08-01,Composite-20,145.8,Composite
2012-08-01,National-US,144.74,National
2012-09-01,AZ-Phoenix,120.6,AZ
2012-09-01,CA-Los Angeles,174.79,CA
2012-09-01,CA-San Diego,160.09,CA
2012-09-01,CA-San Francisco,143.15,CA
2012-09-01,CO-Denver,134.01,CO
2012-09-01,DC-Washington,191.84,DC
2012-09-01,FL-Miami,150.24,FL
2012-09-01,FL-Tampa,134.71,FL
2012-09-01,GA-Atlanta,96.06,GA
2012-09-01,IL-Chicago,116.69,IL
2012-09-01,MA-Boston,157.25,MA
2012-09-01,MI-Detroit,80.11,MI
2012-09-01,MN-Minneapolis,125.7,MN
2012-09-01,NC-Charlotte,115.87,NC
2012-09-01,NV-Las Vegas,97.38,NV
2012-09-01,NY-New York,166.3,NY
2012-09-01,OH-Cleveland,102.09,OH
2012-09-01,OR-Portland,141.1,OR
2012-09-01,TX-Dallas,121.5,TX
2012-09-01,WA-Seattle,142.0,WA
2012-09-01,Composite-10,158.94,Composite
2012-09-01,Composite-20,146.2,Composite
2012-09-01,National-US,144.39,National
2012-10-01,AZ-Phoenix,122.3,AZ
2012-10-01,CA-Los Angeles,175.85,CA
2012-10-01,CA-San Diego,162.1,CA
2012-10-01,CA-San Francisco,144.15,CA
2012-10-01,CO-Denver,134.03,CO
2012-10-01,DC-Washington,190.25,DC
2012-10-01,FL-Miami,149.97,FL
2012-10-01,FL-Tampa,134.05,FL
2012-10-01,GA-Atlanta,95.6,GA
2012-10-01,IL-Chicago,114.88,IL
2012-10-01,MA-Boston,155.11,MA
2012-10-01,MI-Detroit,80.82,MI
2012-10-01,MN-Minneapolis,124.9,MN
2012-10-01,NC-Charlotte,115.4,NC
2012-10-01,NV-Las Vegas,100.14,NV
2012-10-01,NY-New York,165.16,NY
2012-10-01,OH-Cleveland,101.61,OH
2012-10-01,OR-Portland,142.44,OR
2012-10-01,TX-Dallas,120.7,TX
2012-10-01,WA-Seattle,141.8,WA
2012-10-01,Composite-10,158.67,Composite
2012-10-01,Composite-20,146.0,Composite
2012-10-01,National-US,144.01,National
2012-11-01,AZ-Phoenix,124.1,AZ
2012-11-01,CA-Los Angeles,176.58,CA
2012-11-01,CA-San Diego,163.61,CA
2012-11-01,CA-San Francisco,146.23,CA
2012-11-01,CO-Denver,134.5,CO
2012-11-01,DC-Washington,188.93,DC
2012-11-01,FL-Miami,151.13,FL
2012-11-01,FL-Tampa,133.74,FL
2012-11-01,GA-Atlanta,95.68,GA
2012-11-01,IL-Chicago,113.36,IL
2012-11-01,MA-Boston,153.71,MA
2012-11-01,MI-Detroit,80.75,MI
2012-11-01,MN-Minneapolis,125.8,MN
2012-11-01,NC-Charlotte,114.85,NC
2012-11-01,NV-Las Vegas,100.56,NV
2012-11-01,NY-New York,162.88,NY
2012-11-01,OH-Cleveland,100.88,OH
2012-11-01,OR-Portland,142.13,OR
2012-11-01,TX-Dallas,120.6,TX
2012-11-01,WA-Seattle,142.5,WA
2012-11-01,Composite-10,158.27,Composite
2012-11-01,Composite-20,145.8,Composite
2012-11-01,National-US,144.01,National
2012-12-01,AZ-Phoenix,125.3,AZ
2012-12-01,CA-Los Angeles,178.59,CA
2012-12-01,CA-San Diego,164.31,CA
2012-12-01,CA-San Francisco,147.24,CA
2012-12-01,CO-Denver,134.14,CO
2012-12-01,DC-Washington,188.73,DC
2012-12-01,FL-Miami,152.37,FL
2012-12-01,FL-Tampa,134.02,FL
2012-12-01,GA-Atlanta,95.95,GA
2012-12-01,IL-Chicago,112.61,IL
2012-12-01,MA-Boston,153.81,MA
2012-12-01,MI-Detroit,81.14,MI
2012-12-01,MN-Minneapolis,125.9,MN
2012-12-01,NC-Charlotte,115.05,NC
2012-12-01,NV-Las Vegas,102.41,NV
2012-12-01,NY-New York,161.96,NY
2012-12-01,OH-Cleveland,100.71,OH
2012-12-01,OR-Portland,141.29,OR
2012-12-01,TX-Dallas,120.5,TX
2012-12-01,WA-Seattle,141.7,WA
2012-12-01,Composite-10,158.6,Composite
2012-12-01,Composite-20,146.0,Composite
2012-12-01,National-US,143.92,National
2013-01-01,AZ-Phoenix,126.6,AZ
2013-01-01,CA-Los Angeles,180.23,CA
2013-01-01,CA-San Diego,163.28,CA
2013-01-01,CA-San Francisco,147.45,CA
2013-01-01,CO-Denver,134.17,CO
2013-01-01,DC-Washington,187.44,DC
2013-01-01,FL-Miami,153.51,FL
2013-01-01,FL-Tampa,135.55,FL
2013-01-01,GA-Atlanta,96.98,GA
2013-01-01,IL-Chicago,111.65,IL
2013-01-01,MA-Boston,153.8,MA
2013-01-01,MI-Detroit,81.26,MI
2013-01-01,MN-Minneapolis,125.4,MN
2013-01-01,NC-Charlotte,115.53,NC
2013-01-01,NV-Las Vegas,104.04,NV
2013-01-01,NY-New York,161.23,NY
2013-01-01,OH-Cleveland,100.0,OH
2013-01-01,OR-Portland,140.74,OR
2013-01-01,TX-Dallas,120.5,TX
2013-01-01,WA-Seattle,141.3,WA
2013-01-01,Composite-10,158.61,Composite
2013-01-01,Composite-20,146.1,Composite
2013-01-01,National-US,144.36,National
2013-02-01,AZ-Phoenix,128.1,AZ
2013-02-01,CA-Los Angeles,182.04,CA
2013-02-01,CA-San Diego,164.25,CA
2013-02-01,CA-San Francisco,148.23,CA
2013-02-01,CO-Denver,133.9,CO
2013-02-01,DC-Washington,186.56,DC
2013-02-01,FL-Miami,153.97,FL
2013-02-01,FL-Tampa,136.33,FL
2013-02-01,GA-Atlanta,97.01,GA
2013-02-01,IL-Chicago,110.7,IL
2013-02-01,MA-Boston,153.9,MA
2013-02-01,MI-Detroit,80.89,MI
2013-02-01,MN-Minneapolis,124.5,MN
2013-02-01,NC-Charlotte,115.82,NC
2013-02-01,NV-Las Vegas,105.46,NV
2013-02-01,NY-New York,161.46,NY
2013-02-01,OH-Cleveland,99.44,OH
2013-02-01,OR-Portland,141.76,OR
2013-02-01,TX-Dallas,120.7,TX
2013-02-01,WA-Seattle,140.9,WA
2013-02-01,Composite-10,159.09,Composite
2013-02-01,Composite-20,146.5,Composite
2013-02-01,National-US,145.2,National
2013-03-01,AZ-Phoenix,130.2,AZ
2013-03-01,CA-Los Angeles,186.3,CA
2013-03-01,CA-San Diego,167.84,CA
2013-03-01,CA-San Francisco,153.96,CA
2013-03-01,CO-Denver,135.79,CO
2013-03-01,DC-Washington,189.67,DC
2013-03-01,FL-Miami,155.89,FL
2013-03-01,FL-Tampa,139.78,FL
2013-03-01,GA-Atlanta,98.25,GA
2013-03-01,IL-Chicago,110.73,IL
2013-03-01,MA-Boston,155.71,MA
2013-03-01,MI-Detroit,81.23,MI
2013-03-01,MN-Minneapolis,123.2,MN
2013-03-01,NC-Charlotte,118.34,NC
2013-03-01,NV-Las Vegas,108.36,NV
2013-03-01,NY-New York,160.25,NY
2013-03-01,OH-Cleveland,100.03,OH
2013-03-01,OR-Portland,145.52,OR
2013-03-01,TX-Dallas,122.3,TX
2013-03-01,WA-Seattle,145.2,WA
2013-03-01,Composite-10,161.13,Composite
2013-03-01,Composite-20,148.4,Composite
2013-03-01,National-US,148.01,National
2013-04-01,AZ-Phoenix,132.4,AZ
2013-04-01,CA-Los Angeles,192.56,CA
2013-04-01,CA-San Diego,174.08,CA
2013-04-01,CA-San Francisco,161.46,CA
2013-04-01,CO-Denver,138.28,CO
2013-04-01,DC-Washington,194.16,DC
2013-04-01,FL-Miami,159.65,FL
2013-04-01,FL-Tampa,142.1,FL
2013-04-01,GA-Atlanta,102.0,GA
2013-04-01,IL-Chicago,113.83,IL
2013-04-01,MA-Boston,159.13,MA
2013-04-01,MI-Detroit,82.66,MI
2013-04-01,MN-Minneapolis,126.8,MN
2013-04-01,NC-Charlotte,120.3,NC
2013-04-01,NV-Las Vegas,111.05,NV
2013-04-01,NY-New York,161.97,NY
2013-04-01,OH-Cleveland,102.11,OH
2013-04-01,OR-Portland,148.62,OR
2013-04-01,TX-Dallas,125.0,TX
2013-04-01,WA-Seattle,149.0,WA
2013-04-01,Composite-10,165.35,Composite
2013-04-01,Composite-20,152.2,Composite
2013-04-01,National-US,151.03,National
2013-05-01,AZ-Phoenix,134.9,AZ
2013-05-01,CA-Los Angeles,197.54,CA
2013-05-01,CA-San Diego,179.56,CA
2013-05-01,CA-San Francisco,168.41,CA
2013-05-01,CO-Denver,140.98,CO
2013-05-01,DC-Washington,198.04,DC
2013-05-01,FL-Miami,163.74,FL
2013-05-01,FL-Tampa,144.61,FL
2013-05-01,GA-Atlanta,105.5,GA
2013-05-01,IL-Chicago,117.92,IL
2013-05-01,MA-Boston,161.94,MA
2013-05-01,MI-Detroit,85.86,MI
2013-05-01,MN-Minneapolis,129.5,MN
2013-05-01,NC-Charlotte,121.79,NC
2013-05-01,NV-Las Vegas,114.09,NV
2013-05-01,NY-New York,164.64,NY
2013-05-01,OH-Cleveland,103.68,OH
2013-05-01,OR-Portland,151.91,OR
2013-05-01,TX-Dallas,127.6,TX
2013-05-01,WA-Seattle,153.7,WA
2013-05-01,Composite-10,169.47,Composite
2013-05-01,Composite-20,156.0,Composite
2013-05-01,National-US,153.93,National
2013-06-01,AZ-Phoenix,137.3,AZ
2013-06-01,CA-Los Angeles,202.08,CA
2013-06-01,CA-San Diego,184.57,CA
2013-06-01,CA-San Francisco,173.01,CA
2013-06-01,CO-Denver,143.37,CO
2013-06-01,DC-Washington,200.09,DC
2013-06-01,FL-Miami,167.1,FL
2013-06-01,FL-Tampa,147.83,FL
2013-06-01,GA-Atlanta,109.1,GA
2013-06-01,IL-Chicago,121.74,IL
2013-06-01,MA-Boston,164.75,MA
2013-06-01,MI-Detroit,88.38,MI
2013-06-01,MN-Minneapolis,132.4,MN
2013-06-01,NC-Charlotte,123.29,NC
2013-06-01,NV-Las Vegas,117.28,NV
2013-06-01,NY-New York,167.96,NY
2013-06-01,OH-Cleveland,105.76,OH
2013-06-01,OR-Portland,154.8,OR
2013-06-01,TX-Dallas,129.7,TX
2013-06-01,WA-Seattle,156.4,WA
2013-06-01,Composite-10,173.17,Composite
2013-06-01,Composite-20,159.4,Composite
2013-06-01,National-US,156.5,National
2013-07-01,AZ-Phoenix,139.3,AZ
2013-07-01,CA-Los Angeles,206.33,CA
2013-07-01,CA-San Diego,188.33,CA
2013-07-01,CA-San Francisco,176.87,CA
2013-07-01,CO-Denver,145.63,CO
2013-07-01,DC-Washington,202.97,DC
2013-07-01,FL-Miami,169.07,FL
2013-07-01,FL-Tampa,151.17,FL
2013-07-01,GA-Atlanta,111.5,GA
2013-07-01,IL-Chicago,125.69,IL
2013-07-01,MA-Boston,167.02,MA
2013-07-01,MI-Detroit,90.73,MI
2013-07-01,MN-Minneapolis,134.8,MN
2013-07-01,NC-Charlotte,123.85,NC
2013-07-01,NV-Las Vegas,120.58,NV
2013-07-01,NY-New York,170.47,NY
2013-07-01,OH-Cleveland,106.33,OH
2013-07-01,OR-Portland,157.26,OR
2013-07-01,TX-Dallas,131.4,TX
2013-07-01,WA-Seattle,159.5,WA
2013-07-01,Composite-10,176.39,Composite
2013-07-01,Composite-20,162.3,Composite
2013-07-01,National-US,158.37,National
2013-08-01,AZ-Phoenix,141.4,AZ
2013-08-01,CA-Los Angeles,210.49,CA
2013-08-01,CA-San Diego,191.78,CA
2013-08-01,CA-San Francisco,178.53,CA
2013-08-01,CO-Denver,146.95,CO
2013-08-01,DC-Washington,204.44,DC
2013-08-01,FL-Miami,170.41,FL
2013-08-01,FL-Tampa,153.93,FL
2013-08-01,GA-Atlanta,113.4,GA
2013-08-01,IL-Chicago,127.7,IL
2013-08-01,MA-Boston,168.26,MA
2013-08-01,MI-Detroit,92.56,MI
2013-08-01,MN-Minneapolis,137.1,MN
2013-08-01,NC-Charlotte,125.07,NC
2013-08-01,NV-Las Vegas,124.09,NV
2013-08-01,NY-New York,172.29,NY
2013-08-01,OH-Cleveland,106.65,OH
2013-08-01,OR-Portland,159.13,OR
2013-08-01,TX-Dallas,132.3,TX
2013-08-01,WA-Seattle,160.3,WA
2013-08-01,Composite-10,178.71,Composite
2013-08-01,Composite-20,164.4,Composite
2013-08-01,National-US,159.48,National
2013-09-01,AZ-Phoenix,143.1,AZ
2013-09-01,CA-Los Angeles,212.83,CA
2013-09-01,CA-San Diego,193.51,CA
2013-09-01,CA-San Francisco,179.91,CA
2013-09-01,CO-Denver,147.3,CO
2013-09-01,DC-Washington,205.25,DC
2013-09-01,FL-Miami,171.7,FL
2013-09-01,FL-Tampa,154.24,FL
2013-09-01,GA-Atlanta,113.9,GA
2013-09-01,IL-Chicago,128.03,IL
2013-09-01,MA-Boston,169.02,MA
2013-09-01,MI-Detroit,93.89,MI
2013-09-01,MN-Minneapolis,138.3,MN
2013-09-01,NC-Charlotte,124.79,NC
2013-09-01,NV-Las Vegas,125.74,NV
2013-09-01,NY-New York,173.23,NY
2013-09-01,OH-Cleveland,106.76,OH
2013-09-01,OR-Portland,160.18,OR
2013-09-01,TX-Dallas,132.5,TX
2013-09-01,WA-Seattle,160.8,WA
2013-09-01,Composite-10,179.97,Composite
2013-09-01,Composite-20,165.6,Composite
2013-09-01,National-US,159.77,National
2013-10-01,AZ-Phoenix,144.4,AZ
2013-10-01,CA-Los Angeles,214.65,CA
2013-10-01,CA-San Diego,194.07,CA
2013-10-01,CA-San Francisco,179.55,CA
2013-10-01,CO-Denver,146.74,CO
2013-10-01,DC-Washington,204.38,DC
2013-10-01,FL-Miami,173.63,FL
2013-10-01,FL-Tampa,154.4,FL
2013-10-01,GA-Atlanta,113.7,GA
2013-10-01,IL-Chicago,127.42,IL
2013-10-01,MA-Boston,168.42,MA
2013-10-01,MI-Detroit,94.77,MI
2013-10-01,MN-Minneapolis,139.1,MN
2013-10-01,NC-Charlotte,125.17,NC
2013-10-01,NV-Las Vegas,127.23,NV
2013-10-01,NY-New York,173.29,NY
2013-10-01,OH-Cleveland,105.8,OH
2013-10-01,OR-Portland,160.46,OR
2013-10-01,TX-Dallas,132.4,TX
2013-10-01,WA-Seattle,160.3,WA
2013-10-01,Composite-10,180.29,Composite
2013-10-01,Composite-20,165.9,Composite
2013-10-01,National-US,159.65,National
2013-11-01,AZ-Phoenix,144.8,AZ
2013-11-01,CA-Los Angeles,214.79,CA
2013-11-01,CA-San Diego,194.15,CA
2013-11-01,CA-San Francisco,180.19,CA
2013-11-01,CO-Denver,146.44,CO
2013-11-01,DC-Washington,203.71,DC
2013-11-01,FL-Miami,176.02,FL
2013-11-01,FL-Tampa,154.7,FL
2013-11-01,GA-Atlanta,113.3,GA
2013-11-01,IL-Chicago,125.87,IL
2013-11-01,MA-Boston,168.78,MA
2013-11-01,MI-Detroit,94.72,MI
2013-11-01,MN-Minneapolis,139.0,MN
2013-11-01,NC-Charlotte,124.17,NC
2013-11-01,NV-Las Vegas,128.0,NV
2013-11-01,NY-New York,172.72,NY
2013-11-01,OH-Cleveland,105.74,OH
2013-11-01,OR-Portland,159.92,OR
2013-11-01,TX-Dallas,132.5,TX
2013-11-01,WA-Seattle,160.1,WA
2013-11-01,Composite-10,180.2,Composite
2013-11-01,Composite-20,165.8,Composite
2013-11-01,National-US,159.47,National
2013-12-01,AZ-Phoenix,144.4,AZ
2013-12-01,CA-Los Angeles,214.84,CA
2013-12-01,CA-San Diego,193.87,CA
2013-12-01,CA-San Francisco,180.55,CA
2013-12-01,CO-Denver,146.26,CO
2013-12-01,DC-Washington,204.06,DC
2013-12-01,FL-Miami,177.57,FL
2013-12-01,FL-Tampa,155.23,FL
2013-12-01,GA-Atlanta,113.3,GA
2013-12-01,IL-Chicago,125.29,IL
2013-12-01,MA-Boston,168.65,MA
2013-12-01,MI-Detroit,94.6,MI
2013-12-01,MN-Minneapolis,138.1,MN
2013-12-01,NC-Charlotte,124.07,NC
2013-12-01,NV-Las Vegas,128.53,NV
2013-12-01,NY-New York,171.96,NY
2013-12-01,OH-Cleveland,104.2,OH
2013-12-01,OR-Portland,159.84,OR
2013-12-01,TX-Dallas,132.8,TX
2013-12-01,WA-Seattle,159.3,WA
2013-12-01,Composite-10,180.07,Composite
2013-12-01,Composite-20,165.6,Composite
2013-12-01,National-US,159.39,National
2014-01-01,AZ-Phoenix,144.1,AZ
2014-01-01,CA-Los Angeles,214.23,CA
2014-01-01,CA-San Diego,194.94,CA
2014-01-01,CA-San Francisco,181.52,CA
2014-01-01,CO-Denver,146.21,CO
2014-01-01,DC-Washington,203.32,DC
2014-01-01,FL-Miami,178.85,FL
2014-01-01,FL-Tampa,155.79,FL
2014-01-01,GA-Atlanta,113.2,GA
2014-01-01,IL-Chicago,123.73,IL
2014-01-01,MA-Boston,167.82,MA
2014-01-01,MI-Detroit,93.92,MI
2014-01-01,MN-Minneapolis,137.2,MN
2014-01-01,NC-Charlotte,123.89,NC
2014-01-01,NV-Las Vegas,129.93,NV
2014-01-01,NY-New York,171.97,NY
2014-01-01,OH-Cleveland,104.02,OH
2014-01-01,OR-Portland,159.31,OR
2014-01-01,TX-Dallas,132.6,TX
2014-01-01,WA-Seattle,158.0,WA
2014-01-01,Composite-10,179.94,Composite
2014-01-01,Composite-20,165.4,Composite
2014-01-01,National-US,159.48,National
2014-02-01,AZ-Phoenix,144.1,AZ
2014-02-01,CA-Los Angeles,215.25,CA
2014-02-01,CA-San Diego,196.97,CA
2014-02-01,CA-San Francisco,181.91,CA
2014-02-01,CO-Denver,146.13,CO
2014-02-01,DC-Washington,203.45,DC
2014-02-01,FL-Miami,178.57,FL
2014-02-01,FL-Tampa,154.63,FL
2014-02-01,GA-Atlanta,112.6,GA
2014-02-01,IL-Chicago,122.61,IL
2014-02-01,MA-Boston,166.98,MA
2014-02-01,MI-Detroit,93.42,MI
2014-02-01,MN-Minneapolis,135.9,MN
2014-02-01,NC-Charlotte,123.55,NC
2014-02-01,NV-Las Vegas,129.85,NV
2014-02-01,NY-New York,171.29,NY
2014-02-01,OH-Cleveland,102.38,OH
2014-02-01,OR-Portland,160.61,OR
2014-02-01,TX-Dallas,133.0,TX
2014-02-01,WA-Seattle,159.0,WA
2014-02-01,Composite-10,179.96,Composite
2014-02-01,Composite-20,165.3,Composite
2014-02-01,National-US,159.98,National
2014-03-01,AZ-Phoenix,144.7,AZ
2014-03-01,CA-Los Angeles,217.61,CA
2014-03-01,CA-San Diego,199.41,CA
2014-03-01,CA-San Francisco,186.69,CA
2014-03-01,CO-Denver,148.22,CO
2014-03-01,DC-Washington,205.53,DC
2014-03-01,FL-Miami,181.0,FL
2014-03-01,FL-Tampa,154.8,FL
2014-03-01,GA-Atlanta,113.7,GA
2014-03-01,IL-Chicago,123.65,IL
2014-03-01,MA-Boston,168.42,MA
2014-03-01,MI-Detroit,93.78,MI
2014-03-01,MN-Minneapolis,137.2,MN
2014-03-01,NC-Charlotte,124.17,NC
2014-03-01,NV-Las Vegas,131.31,NV
2014-03-01,NY-New York,170.62,NY
2014-03-01,OH-Cleveland,103.95,OH
2014-03-01,OR-Portland,162.65,OR
2014-03-01,TX-Dallas,134.5,TX
2014-03-01,WA-Seattle,162.0,WA
2014-03-01,Composite-10,181.43,Composite
2014-03-01,Composite-20,166.8,Composite
2014-03-01,National-US,161.3,National
2014-04-01,AZ-Phoenix,145.3,AZ
2014-04-01,CA-Los Angeles,219.54,CA
2014-04-01,CA-San Diego,200.78,CA
2014-04-01,CA-San Francisco,191.2,CA
2014-04-01,CO-Denver,150.6,CO
2014-04-01,DC-Washington,207.55,DC
2014-04-01,FL-Miami,183.02,FL
2014-04-01,FL-Tampa,156.55,FL
2014-04-01,GA-Atlanta,115.8,GA
2014-04-01,IL-Chicago,126.07,IL
2014-04-01,MA-Boston,173.53,MA
2014-04-01,MI-Detroit,94.86,MI
2014-04-01,MN-Minneapolis,138.3,MN
2014-04-01,NC-Charlotte,125.5,NC
2014-04-01,NV-Las Vegas,131.91,NV
2014-04-01,NY-New York,170.8,NY
2014-04-01,OH-Cleveland,105.0,OH
2014-04-01,OR-Portland,165.24,OR
2014-04-01,TX-Dallas,136.7,TX
2014-04-01,WA-Seattle,165.7,WA
2014-04-01,Composite-10,183.34,Composite
2014-04-01,Composite-20,168.7,Composite
2014-04-01,National-US,163.08,National
2014-05-01,AZ-Phoenix,145.9,AZ
2014-05-01,CA-Los Angeles,221.75,CA
2014-05-01,CA-San Diego,201.98,CA
2014-05-01,CA-San Francisco,194.72,CA
2014-05-01,CO-Denver,152.59,CO
2014-05-01,DC-Washington,209.32,DC
2014-05-01,FL-Miami,185.22,FL
2014-05-01,FL-Tampa,159.27,FL
2014-05-01,GA-Atlanta,117.2,GA
2014-05-01,IL-Chicago,127.95,IL
2014-05-01,MA-Boston,175.35,MA
2014-05-01,MI-Detroit,96.17,MI
2014-05-01,MN-Minneapolis,140.2,MN
2014-05-01,NC-Charlotte,127.19,NC
2014-05-01,NV-Las Vegas,133.33,NV
2014-05-01,NY-New York,172.3,NY
2014-05-01,OH-Cleveland,106.15,OH
2014-05-01,OR-Portland,167.09,OR
2014-05-01,TX-Dallas,138.5,TX
2014-05-01,WA-Seattle,168.1,WA
2014-05-01,Composite-10,185.31,Composite
2014-05-01,Composite-20,170.6,Composite
2014-05-01,National-US,164.8,National
2014-06-01,AZ-Phoenix,146.8,AZ
2014-06-01,CA-Los Angeles,223.39,CA
2014-06-01,CA-San Diego,203.06,CA
2014-06-01,CA-San Francisco,195.91,CA
2014-06-01,CO-Denver,154.39,CO
2014-06-01,DC-Washington,210.29,DC
2014-06-01,FL-Miami,186.23,FL
2014-06-01,FL-Tampa,161.16,FL
2014-06-01,GA-Atlanta,118.4,GA
2014-06-01,IL-Chicago,129.93,IL
2014-06-01,MA-Boston,176.23,MA
2014-06-01,MI-Detroit,97.34,MI
2014-06-01,MN-Minneapolis,141.2,MN
2014-06-01,NC-Charlotte,127.68,NC
2014-06-01,NV-Las Vegas,135.05,NV
2014-06-01,NY-New York,175.09,NY
2014-06-01,OH-Cleveland,106.56,OH
2014-06-01,OR-Portland,168.94,OR
2014-06-01,TX-Dallas,140.1,TX
2014-06-01,WA-Seattle,169.9,WA
2014-06-01,Composite-10,187.18,Composite
2014-06-01,Composite-20,172.3,Composite
2014-06-01,National-US,166.32,National
2014-07-01,AZ-Phoenix,147.2,AZ
2014-07-01,CA-Los Angeles,224.56,CA
2014-07-01,CA-San Diego,203.64,CA
2014-07-01,CA-San Francisco,195.48,CA
2014-07-01,CO-Denver,155.36,CO
2014-07-01,DC-Washington,210.49,DC
2014-07-01,FL-Miami,187.64,FL
2014-07-01,FL-Tampa,162.02,FL
2014-07-01,GA-Atlanta,118.9,GA
2014-07-01,IL-Chicago,130.98,IL
2014-07-01,MA-Boston,176.38,MA
2014-07-01,MI-Detroit,98.13,MI
2014-07-01,MN-Minneapolis,142.0,MN
2014-07-01,NC-Charlotte,128.21,NC
2014-07-01,NV-Las Vegas,135.92,NV
2014-07-01,NY-New York,177.03,NY
2014-07-01,OH-Cleveland,107.13,OH
2014-07-01,OR-Portland,170.06,OR
2014-07-01,TX-Dallas,141.2,TX
2014-07-01,WA-Seattle,170.8,WA
2014-07-01,Composite-10,188.28,Composite
2014-07-01,Composite-20,173.2,Composite
2014-07-01,National-US,167.24,National
2014-08-01,AZ-Phoenix,147.5,AZ
2014-08-01,CA-Los Angeles,224.43,CA
2014-08-01,CA-San Diego,203.32,CA
2014-08-01,CA-San Francisco,194.57,CA
2014-08-01,CO-Denver,156.14,CO
2014-08-01,DC-Washington,210.22,DC
2014-08-01,FL-Miami,188.11,FL
2014-08-01,FL-Tampa,162.3,FL
2014-08-01,GA-Atlanta,119.3,GA
2014-08-01,IL-Chicago,131.64,IL
2014-08-01,MA-Boston,176.59,MA
2014-08-01,MI-Detroit,98.72,MI
2014-08-01,MN-Minneapolis,142.5,MN
2014-08-01,NC-Charlotte,128.2,NC
2014-08-01,NV-Las Vegas,136.66,NV
2014-08-01,NY-New York,177.88,NY
2014-08-01,OH-Cleveland,107.36,OH
2014-08-01,OR-Portland,170.57,OR
2014-08-01,TX-Dallas,142.0,TX
2014-08-01,WA-Seattle,170.8,WA
2014-08-01,Composite-10,188.57,Composite
2014-08-01,Composite-20,173.6,Composite
2014-08-01,National-US,167.56,National
2014-09-01,AZ-Phoenix,147.4,AZ
2014-09-01,CA-Los Angeles,224.47,CA
2014-09-01,CA-San Diego,203.18,CA
2014-09-01,CA-San Francisco,194.65,CA
2014-09-01,CO-Denver,156.41,CO
2014-09-01,DC-Washington,209.17,DC
2014-09-01,FL-Miami,189.34,FL
2014-09-01,FL-Tampa,162.54,FL
2014-09-01,GA-Atlanta,119.0,GA
2014-09-01,IL-Chicago,130.96,IL
2014-09-01,MA-Boston,176.4,MA
2014-09-01,MI-Detroit,98.34,MI
2014-09-01,MN-Minneapolis,142.4,MN
2014-09-01,NC-Charlotte,128.79,NC
2014-09-01,NV-Las Vegas,137.07,NV
2014-09-01,NY-New York,177.42,NY
2014-09-01,OH-Cleveland,107.31,OH
2014-09-01,OR-Portland,170.77,OR
2014-09-01,TX-Dallas,142.4,TX
2014-09-01,WA-Seattle,170.3,WA
2014-09-01,Composite-10,188.34,Composite
2014-09-01,Composite-20,173.4,Composite
2014-09-01,National-US,167.35,National
2014-10-01,AZ-Phoenix,147.5,AZ
2014-10-01,CA-Los Angeles,225.11,CA
2014-10-01,CA-San Diego,203.08,CA
2014-10-01,CA-San Francisco,196.33,CA
2014-10-01,CO-Denver,157.15,CO
2014-10-01,DC-Washington,208.36,DC
2014-10-01,FL-Miami,190.09,FL
2014-10-01,FL-Tampa,163.69,FL
2014-10-01,GA-Atlanta,118.8,GA
2014-10-01,IL-Chicago,129.62,IL
2014-10-01,MA-Boston,175.6,MA
2014-10-01,MI-Detroit,98.22,MI
2014-10-01,MN-Minneapolis,141.9,MN
2014-10-01,NC-Charlotte,128.63,NC
2014-10-01,NV-Las Vegas,137.13,NV
2014-10-01,NY-New York,176.4,NY
2014-10-01,OH-Cleveland,106.61,OH
2014-10-01,OR-Portland,170.33,OR
2014-10-01,TX-Dallas,142.6,TX
2014-10-01,WA-Seattle,170.2,WA
2014-10-01,Composite-10,188.07,Composite
2014-10-01,Composite-20,173.2,Composite
2014-10-01,National-US,167.03,National
2014-11-01,AZ-Phoenix,147.7,AZ
2014-11-01,CA-Los Angeles,225.77,CA
2014-11-01,CA-San Diego,203.99,CA
2014-11-01,CA-San Francisco,196.67,CA
2014-11-01,CO-Denver,157.32,CO
2014-11-01,DC-Washington,207.17,DC
2014-11-01,FL-Miami,191.26,FL
2014-11-01,FL-Tampa,165.01,FL
2014-11-01,GA-Atlanta,118.9,GA
2014-11-01,IL-Chicago,127.87,IL
2014-11-01,MA-Boston,175.27,MA
2014-11-01,MI-Detroit,97.29,MI
2014-11-01,MN-Minneapolis,140.9,MN
2014-11-01,NC-Charlotte,128.26,NC
2014-11-01,NV-Las Vegas,137.55,NV
2014-11-01,NY-New York,174.77,NY
2014-11-01,OH-Cleveland,106.36,OH
2014-11-01,OR-Portland,170.47,OR
2014-11-01,TX-Dallas,142.7,TX
2014-11-01,WA-Seattle,169.6,WA
2014-11-01,Composite-10,187.5,Composite
2014-11-01,Composite-20,172.7,Composite
2014-11-01,National-US,166.79,National
2014-12-01,AZ-Phoenix,147.8,AZ
2014-12-01,CA-Los Angeles,226.57,CA
2014-12-01,CA-San Diego,203.45,CA
2014-12-01,CA-San Francisco,197.48,CA
2014-12-01,CO-Denver,158.18,CO
2014-12-01,DC-Washington,206.74,DC
2014-12-01,FL-Miami,192.37,FL
2014-12-01,FL-Tampa,165.08,FL
2014-12-01,GA-Atlanta,119.1,GA
2014-12-01,IL-Chicago,126.77,IL
2014-12-01,MA-Boston,174.96,MA
2014-12-01,MI-Detroit,96.91,MI
2014-12-01,MN-Minneapolis,140.4,MN
2014-12-01,NC-Charlotte,128.4,NC
2014-12-01,NV-Las Vegas,137.33,NV
2014-12-01,NY-New York,174.71,NY
2014-12-01,OH-Cleveland,105.8,OH
2014-12-01,OR-Portland,170.69,OR
2014-12-01,TX-Dallas,142.8,TX
2014-12-01,WA-Seattle,169.7,WA
2014-12-01,Composite-10,187.57,Composite
2014-12-01,Composite-20,172.8,Composite
2014-12-01,National-US,166.61,National
2015-01-01,AZ-Phoenix,147.8,AZ
2015-01-01,CA-Los Angeles,225.94,CA
2015-01-01,CA-San Diego,204.67,CA
2015-01-01,CA-San Francisco,195.75,CA
2015-01-01,CO-Denver,158.49,CO
2015-01-01,DC-Washington,205.24,DC
2015-01-01,FL-Miami,193.66,FL
2015-01-01,FL-Tampa,164.67,FL
2015-01-01,GA-Atlanta,118.8,GA
2015-01-01,IL-Chicago,126.55,IL
2015-01-01,MA-Boston,175.73,MA
2015-01-01,MI-Detroit,96.69,MI
2015-01-01,MN-Minneapolis,139.8,MN
2015-01-01,NC-Charlotte,129.03,NC
2015-01-01,NV-Las Vegas,137.56,NV
2015-01-01,NY-New York,174.76,NY
2015-01-01,OH-Cleveland,105.68,OH
2015-01-01,OR-Portland,170.73,OR
2015-01-01,TX-Dallas,143.4,TX
2015-01-01,WA-Seattle,168.8,WA
2015-01-01,Composite-10,187.37,Composite
2015-01-01,Composite-20,172.6,Composite
2015-01-01,National-US,166.41,National
2015-02-01,AZ-Phoenix,148.2,AZ
2015-02-01,CA-Los Angeles,227.59,CA
2015-02-01,CA-San Diego,205.94,CA
2015-02-01,CA-San Francisco,200.26,CA
2015-02-01,CO-Denver,160.72,CO
2015-02-01,DC-Washington,205.7,DC
2015-02-01,FL-Miami,194.8,FL
2015-02-01,FL-Tampa,164.97,FL
2015-02-01,GA-Atlanta,118.9,GA
2015-02-01,IL-Chicago,126.44,IL
2015-02-01,MA-Boston,175.35,MA
2015-02-01,MI-Detroit,97.07,MI
2015-02-01,MN-Minneapolis,139.9,MN
2015-02-01,NC-Charlotte,130.26,NC
2015-02-01,NV-Las Vegas,137.3,NV
2015-02-01,NY-New York,174.82,NY
2015-02-01,OH-Cleveland,104.46,OH
2015-02-01,OR-Portland,171.88,OR
2015-02-01,TX-Dallas,144.4,TX
2015-02-01,WA-Seattle,170.2,WA
2015-02-01,Composite-10,188.3,Composite
2015-02-01,Composite-20,173.4,Composite
2015-02-01,National-US,166.81,National
2015-03-01,AZ-Phoenix,149.1,AZ
2015-03-01,CA-Los Angeles,229.67,CA
2015-03-01,CA-San Diego,208.52,CA
2015-03-01,CA-San Francisco,206.34,CA
2015-03-01,CO-Denver,162.96,CO
2015-03-01,DC-Washington,206.88,DC
2015-03-01,FL-Miami,196.66,FL
2015-03-01,FL-Tampa,167.12,FL
2015-03-01,GA-Atlanta,119.9,GA
2015-03-01,IL-Chicago,127.6,IL
2015-03-01,MA-Boston,176.12,MA
2015-03-01,MI-Detroit,97.9,MI
2015-03-01,MN-Minneapolis,141.1,MN
2015-03-01,NC-Charlotte,131.22,NC
2015-03-01,NV-Las Vegas,138.74,NV
2015-03-01,NY-New York,174.37,NY
2015-03-01,OH-Cleveland,105.14,OH
2015-03-01,OR-Portland,173.87,OR
2015-03-01,TX-Dallas,147.1,TX
2015-03-01,WA-Seattle,174.1,WA
2015-03-01,Composite-10,189.72,Composite
2015-03-01,Composite-20,174.9,Composite
2015-03-01,National-US,168.28,National
2015-04-01,AZ-Phoenix,150.3,AZ
2015-04-01,CA-Los Angeles,232.58,CA
2015-04-01,CA-San Diego,209.78,CA
2015-04-01,CA-San Francisco,210.85,CA
2015-04-01,CO-Denver,166.05,CO
2015-04-01,DC-Washington,209.63,DC
2015-04-01,FL-Miami,198.42,FL
2015-04-01,FL-Tampa,168.08,FL
2015-04-01,GA-Atlanta,121.5,GA
2015-04-01,IL-Chicago,128.98,IL
2015-04-01,MA-Boston,176.52,MA
2015-04-01,MI-Detroit,99.48,MI
2015-04-01,MN-Minneapolis,142.6,MN
2015-04-01,NC-Charlotte,132.45,NC
2015-04-01,NV-Las Vegas,140.09,NV
2015-04-01,NY-New York,175.68,NY
2015-04-01,OH-Cleveland,106.24,OH
2015-04-01,OR-Portland,176.88,OR
2015-04-01,TX-Dallas,148.8,TX
2015-04-01,WA-Seattle,178.0,WA
2015-04-01,Composite-10,191.79,Composite
2015-04-01,Composite-20,177.0,Composite
2015-04-01,National-US,170.17,National
2015-05-01,AZ-Phoenix,151.4,AZ
2015-05-01,CA-Los Angeles,235.32,CA
2015-05-01,CA-San Diego,211.57,CA
2015-05-01,CA-San Francisco,213.64,CA
2015-05-01,CO-Denver,167.86,CO
2015-05-01,DC-Washington,210.98,DC
2015-05-01,FL-Miami,199.93,FL
2015-05-01,FL-Tampa,169.33,FL
2015-05-01,GA-Atlanta,123.2,GA
2015-05-01,IL-Chicago,130.52,IL
2015-05-01,MA-Boston,179.26,MA
2015-05-01,MI-Detroit,101.0,MI
2015-05-01,MN-Minneapolis,144.3,MN
2015-05-01,NC-Charlotte,133.39,NC
2015-05-01,NV-Las Vegas,142.11,NV
2015-05-01,NY-New York,177.27,NY
2015-05-01,OH-Cleveland,108.0,OH
2015-05-01,OR-Portland,179.39,OR
2015-05-01,TX-Dallas,150.2,TX
2015-05-01,WA-Seattle,180.5,WA
2015-05-01,Composite-10,193.8,Composite
2015-05-01,Composite-20,178.9,Composite
2015-05-01,National-US,172.06,National
2015-06-01,AZ-Phoenix,152.8,AZ
2015-06-01,CA-Los Angeles,237.14,CA
2015-06-01,CA-San Diego,212.09,CA
2015-06-01,CA-San Francisco,214.58,CA
2015-06-01,CO-Denver,170.08,CO
2015-06-01,DC-Washington,212.51,DC
2015-06-01,FL-Miami,200.56,FL
2015-06-01,FL-Tampa,169.79,FL
2015-06-01,GA-Atlanta,124.8,GA
2015-06-01,IL-Chicago,131.92,IL
2015-06-01,MA-Boston,181.87,MA
2015-06-01,MI-Detroit,102.6,MI
2015-06-01,MN-Minneapolis,146.0,MN
2015-06-01,NC-Charlotte,134.23,NC
2015-06-01,NV-Las Vegas,143.13,NV
2015-06-01,NY-New York,179.52,NY
2015-06-01,OH-Cleveland,109.41,OH
2015-06-01,OR-Portland,182.16,OR
2015-06-01,TX-Dallas,151.6,TX
2015-06-01,WA-Seattle,182.4,WA
2015-06-01,Composite-10,195.56,Composite
2015-06-01,Composite-20,180.6,Composite
2015-06-01,National-US,173.66,National
2015-07-01,AZ-Phoenix,153.9,AZ
2015-07-01,CA-Los Angeles,238.11,CA
2015-07-01,CA-San Diego,214.53,CA
2015-07-01,CA-San Francisco,215.48,CA
2015-07-01,CO-Denver,171.29,CO
2015-07-01,DC-Washington,213.01,DC
2015-07-01,FL-Miami,201.22,FL
2015-07-01,FL-Tampa,171.18,FL
2015-07-01,GA-Atlanta,125.8,GA
2015-07-01,IL-Chicago,132.77,IL
2015-07-01,MA-Boston,183.85,MA
2015-07-01,MI-Detroit,103.3,MI
2015-07-01,MN-Minneapolis,147.0,MN
2015-07-01,NC-Charlotte,134.41,NC
2015-07-01,NV-Las Vegas,144.39,NV
2015-07-01,NY-New York,180.81,NY
2015-07-01,OH-Cleveland,110.16,OH
2015-07-01,OR-Portland,184.56,OR
2015-07-01,TX-Dallas,153.5,TX
2015-07-01,WA-Seattle,183.2,WA
2015-07-01,Composite-10,196.73,Composite
2015-07-01,Composite-20,181.8,Composite
2015-07-01,National-US,174.71,National
2015-08-01,AZ-Phoenix,154.8,AZ
2015-08-01,CA-Los Angeles,238.27,CA
2015-08-01,CA-San Diego,215.22,CA
2015-08-01,CA-San Francisco,215.14,CA
2015-08-01,CO-Denver,172.78,CO
2015-08-01,DC-Washington,212.88,DC
2015-08-01,FL-Miami,201.95,FL
2015-08-01,FL-Tampa,172.11,FL
2015-08-01,GA-Atlanta,126.2,GA
2015-08-01,IL-Chicago,132.93,IL
2015-08-01,MA-Boston,184.56,MA
2015-08-01,MI-Detroit,103.7,MI
2015-08-01,MN-Minneapolis,147.4,MN
2015-08-01,NC-Charlotte,134.37,NC
2015-08-01,NV-Las Vegas,144.88,NV
2015-08-01,NY-New York,181.66,NY
2015-08-01,OH-Cleveland,109.83,OH
2015-08-01,OR-Portland,186.51,OR
2015-08-01,TX-Dallas,154.6,TX
2015-08-01,WA-Seattle,183.8,WA
2015-08-01,Composite-10,197.2,Composite
2015-08-01,Composite-20,182.3,Composite
2015-08-01,National-US,175.17,National
2015-09-01,AZ-Phoenix,155.1,AZ
2015-09-01,CA-Los Angeles,238.68,CA
2015-09-01,CA-San Diego,216.37,CA
2015-09-01,CA-San Francisco,216.34,CA
2015-09-01,CO-Denver,173.48,CO
2015-09-01,DC-Washington,211.88,DC
2015-09-01,FL-Miami,203.78,FL
2015-09-01,FL-Tampa,172.95,FL
2015-09-01,GA-Atlanta,126.3,GA
2015-09-01,IL-Chicago,132.32,IL
2015-09-01,MA-Boston,184.42,MA
2015-09-01,MI-Detroit,103.5,MI
2015-09-01,MN-Minneapolis,147.7,MN
2015-09-01,NC-Charlotte,134.2,NC
2015-09-01,NV-Las Vegas,144.96,NV
2015-09-01,NY-New York,181.66,NY
2015-09-01,OH-Cleveland,109.45,OH
2015-09-01,OR-Portland,187.98,OR
2015-09-01,TX-Dallas,155.2,TX
2015-09-01,WA-Seattle,184.2,WA
2015-09-01,Composite-10,197.4,Composite
2015-09-01,Composite-20,182.5,Composite
2015-09-01,National-US,175.32,National
2015-10-01,AZ-Phoenix,155.9,AZ
2015-10-01,CA-Los Angeles,238.91,CA
2015-10-01,CA-San Diego,215.62,CA
2015-10-01,CA-San Francisco,217.83,CA
2015-10-01,CO-Denver,174.21,CO
2015-10-01,DC-Washington,210.77,DC
2015-10-01,FL-Miami,205.09,FL
2015-10-01,FL-Tampa,174.08,FL
2015-10-01,GA-Atlanta,126.0,GA
2015-10-01,IL-Chicago,131.27,IL
2015-10-01,MA-Boston,184.14,MA
2015-10-01,MI-Detroit,103.2,MI
2015-10-01,MN-Minneapolis,147.5,MN
2015-10-01,NC-Charlotte,134.51,NC
2015-10-01,NV-Las Vegas,144.89,NV
2015-10-01,NY-New York,181.4,NY
2015-10-01,OH-Cleveland,108.74,OH
2015-10-01,OR-Portland,188.88,OR
2015-10-01,TX-Dallas,155.8,TX
2015-10-01,WA-Seattle,185.1,WA
2015-10-01,Composite-10,197.32,Composite
2015-10-01,Composite-20,182.6,Composite
2015-10-01,National-US,175.4,National
2015-11-01,AZ-Phoenix,156.4,AZ
2015-11-01,CA-Los Angeles,239.67,CA
2015-11-01,CA-San Diego,216.54,CA
2015-11-01,CA-San Francisco,218.42,CA
2015-11-01,CO-Denver,174.42,CO
2015-11-01,DC-Washington,210.52,DC
2015-11-01,FL-Miami,206.68,FL
2015-11-01,FL-Tampa,174.96,FL
2015-11-01,GA-Atlanta,125.6,GA
2015-11-01,IL-Chicago,130.37,IL
2015-11-01,MA-Boston,183.24,MA
2015-11-01,MI-Detroit,103.4,MI
2015-11-01,MN-Minneapolis,147.5,MN
2015-11-01,NC-Charlotte,134.97,NC
2015-11-01,NV-Las Vegas,144.77,NV
2015-11-01,NY-New York,180.96,NY
2015-11-01,OH-Cleveland,108.82,OH
2015-11-01,OR-Portland,189.47,OR
2015-11-01,TX-Dallas,156.1,TX
2015-11-01,WA-Seattle,186.0,WA
2015-11-01,Composite-10,197.32,Composite
2015-11-01,Composite-20,182.7,Composite
2015-11-01,National-US,175.5,National
2015-12-01,AZ-Phoenix,157.2,AZ
2015-12-01,CA-Los Angeles,240.54,CA
2015-12-01,CA-San Diego,218.0,CA
2015-12-01,CA-San Francisco,217.9,CA
2015-12-01,CO-Denver,174.34,CO
2015-12-01,DC-Washington,210.27,DC
2015-12-01,FL-Miami,206.05,FL
2015-12-01,FL-Tampa,176.54,FL
2015-12-01,GA-Atlanta,125.7,GA
2015-12-01,IL-Chicago,129.84,IL
2015-12-01,MA-Boston,182.82,MA
2015-12-01,MI-Detroit,103.7,MI
2015-12-01,MN-Minneapolis,146.9,MN
2015-12-01,NC-Charlotte,135.4,NC
2015-12-01,NV-Las Vegas,145.31,NV
2015-12-01,NY-New York,180.48,NY
2015-12-01,OH-Cleveland,108.72,OH
2015-12-01,OR-Portland,190.19,OR
2015-12-01,TX-Dallas,156.4,TX
2015-12-01,WA-Seattle,186.6,WA
2015-12-01,Composite-10,197.21,Composite
2015-12-01,Composite-20,182.7,Composite
2015-12-01,National-US,175.65,National
