year,title,genre,avg_vote,movie_rating,duration,watchability
2008,The Dark Knight,"Action, Crime, Drama",9.0,great,152,long movie
2005,Graves End,"Thriller, Mystery",8.9,good,90,average length movie
2010,Inception,"Action, Adventure, Sci-Fi",8.8,good,148,long movie
2010,Les Misérables in Concert: The 25th Anniversary,"Drama, Music, Musical",8.8,good,178,long movie
2010,The Clock,Drama,8.8,good,3360,epic movie
2010,Aaranya Kaandam,"Action, Crime, Thriller",8.6,good,153,long movie
2009,Monpura,"Crime, Drama, Musical",8.6,good,136,long movie
2010,Doraleous and Associates,Animation,8.6,good,100,long movie
2006,The Departed,"Crime, Drama, Thriller",8.5,good,151,long movie
2006,The Prestige,"Drama, Mystery, Sci-Fi",8.5,good,130,long movie
2008,Rush: Snakes & Arrows - Live in Holland,Music,8.5,good,221,epic movie
2006,The Lives of Others,"Drama, Thriller",8.4,good,137,long movie
2006,Pudhu Pettai,"Action, Crime, Drama",8.4,good,168,long movie
2008,WALL·E,"Animation, Adventure, Fami",8.4,good,98,average length movie
2007,Taare Zameen Par,"Drama, Family",8.4,good,165,long movie
2007,Khuda Kay Liye,Drama,8.4,good,168,long movie
2009,3 Idiots,"Comedy, Drama",8.4,good,170,long movie
2008,Fortified,"Action, Thriller",8.4,good,47,short movie
2007,Kattradhu Thamizh,"Drama, Mystery",8.4,good,147,long movie
2009,Harishchandrachi Factory,"Biography, Comedy, Drama",8.4,good,96,average length movie
2010,Natarang,Drama,8.4,good,127,long movie
2010,Prasthanam,"Action, Drama",8.4,good,153,long movie
2010,Guilt & Sentence,"Drama, Mystery, Thriller",8.4,good,93,average length movie
2010,Bad Hero,"Comedy, Crime, Drama",8.4,good,73,average length movie
2009,Inglourious Basterds,"Adventure, Drama, War",8.3,good,153,long movie
2010,Toy Story 3,"Animation, Adventure, Come",8.3,good,103,long movie
2006,Khosla Ka Ghosla!,"Comedy, Crime, Drama",8.3,good,135,long movie
2005,Athadu,"Action, Thriller",8.3,good,172,long movie
2005,Babam ve Oglum,"Drama, Family",8.3,good,108,long movie
2005,Thanmathra,Drama,8.3,good,160,long movie
2007,Hadersfild,Drama,8.3,good,95,average length movie
2006,Mungaru Male,"Comedy, Music, Romance",8.3,good,143,long movie
2010,Incendies,"Drama, Mystery, War",8.3,good,131,long movie
2008,Gamyam,Drama,8.3,good,120,long movie
2009,Jogwa,Drama,8.3,good,114,long movie
2010,Pranchiyettan and the Saint,"Comedy, Drama",8.3,good,140,long movie
2005,Batman Begins,"Action, Adventure",8.2,good,140,long movie
2005,Black,Drama,8.2,good,122,long movie
2005,Anniyan,"Action, Drama, Thriller",8.2,good,181,epic movie
2006,Rang De Basanti,"Comedy, Drama",8.2,good,167,long movie
2005,Pardon,"Comedy, Drama",8.2,good,94,average length movie
2005,V for Vendetta,"Action, Drama, Sci-Fi",8.2,good,132,long movie
2006,Pan's Labyrinth,"Drama, Fantasy, War",8.2,good,118,long movie
2006,Bondage,"Biography, Drama",8.2,good,100,long movie
2006,Bommarillu,"Comedy, Drama, Romance",8.2,good,170,long movie
2007,Chak De! India,"Drama, Family, Sport",8.2,good,153,long movie
2009,Up,"Animation, Adventure, Come",8.2,good,96,average length movie
2009,El secreto de sus ojos,"Drama, Mystery, Romance",8.2,good,129,long movie
2010,"Montevideo, Bog te video!","Adventure, Comedy, Drama",8.2,good,140,long movie
2010,Udaan,Drama,8.2,good,134,long movie
2010,Stapki v pyasaka,"Comedy, Drama",8.2,good,89,average length movie
2010,Who Killed Captain Alex?,"Action, Crime, Mystery",8.2,good,64,average length movie
2010,Runway,Drama,8.2,good,90,average length movie
2010,Mr. Plinkett's Star Trek 2009 Review,Comedy,8.2,good,67,average length movie
2005,Iqbal,"Drama, Sport",8.1,good,132,long movie
2005,Maha'lai muang rae,"Biography, Comedy, Drama",8.1,good,111,long movie
2006,Lage Raho Munna Bhai,"Comedy, Drama, Romance",8.1,good,144,long movie
2007,Paruthiveeran,"Action, Drama, Romance",8.1,good,162,long movie
2007,There Will Be Blood,Drama,8.1,good,158,long movie
2007,No Country for Old Men,"Crime, Drama, Thriller",8.1,good,122,long movie
2006,Omkara,"Action, Crime, Drama",8.1,good,155,long movie
2007,Into the Wild,"Adventure, Biography, Dram",8.1,good,148,long movie
2005,Dombivli Fast,"Drama, Thriller",8.1,good,108,long movie
2007,Restul e tacere,"Comedy, Drama",8.1,good,114,long movie
2007,Tropa de Elite,"Action, Crime, Drama",8.1,good,115,long movie
2006,Classmates,"Drama, Mystery, Romance",8.1,good,175,long movie
2010,How to Train Your Dragon,"Animation, Action, Adventu",8.1,good,98,average length movie
2009,Mary and Max,"Animation, Comedy, Drama",8.1,good,92,average length movie
2009,Hachi: A Dog's Tale,"Drama, Family",8.1,good,93,average length movie
2008,Okuribito,"Drama, Music",8.1,good,130,long movie
2008,Ai no mukidashi,"Action, Comedy, Drama",8.1,good,237,epic movie
2010,Shutter Island,"Mystery, Thriller",8.1,good,138,long movie
2008,Gran Torino,Drama,8.1,good,116,long movie
2009,Gulaal,"Crime, Drama, Thriller",8.1,good,140,long movie
2008,A Wednesday,"Crime, Drama, Mystery",8.1,good,104,long movie
2008,Kanchivaram,Drama,8.1,good,117,long movie
2008,Manjadikuru,"Drama, Family",8.1,good,120,long movie
2009,Kimssi pyoryugi,"Drama, Romance",8.1,good,116,long movie
2010,Suzumiya Haruhi no shôshitsu,"Animation, Comedy, Drama",8.1,good,163,long movie
2010,Vedam,"Action, Drama",8.1,good,135,long movie
2010,Super,Drama,8.1,good,140,long movie
2008,Anjathe,"Action, Drama, Thriller",8.1,good,185,epic movie
2005,Cinderella Man,"Biography, Drama, History",8.0,good,144,long movie
2006,Casino Royale,"Action, Adventure, Thrille",8.0,good,144,long movie
2007,Ratatouille,"Animation, Adventure, Come",8.0,good,111,long movie
2007,Le scaphandre et le papillon,"Biography, Drama",8.0,good,112,long movie
2005,Sin City,"Crime, Thriller",8.0,good,124,long movie
2007,The Bourne Ultimatum,"Action, Mystery, Thriller",8.0,good,115,long movie
2006,Blood Diamond,"Adventure, Drama, Thriller",8.0,good,143,long movie
2006,The Pursuit of Happyness,"Biography, Drama",8.0,good,117,long movie
2005,Anukokunda Oka Roju,"Mystery, Thriller",8.0,good,145,long movie
2007,Persepolis,"Animation, Biography, Dram",8.0,good,96,average length movie
2006,Dor,Drama,8.0,good,147,long movie
2009,Evangerion shin gekijôban: Ha,"Animation, Action, Drama",8.0,good,112,long movie
2010,Black Swan,"Drama, Thriller",8.0,good,108,long movie
2008,Slumdog Millionaire,"Drama, Romance",8.0,good,120,long movie
2007,Mozhi,"Comedy, Musical, Romance",8.0,good,155,long movie
2007,Dharm,"Drama, History",8.0,good,105,long movie
2008,Aruitemo aruitemo,Drama,8.0,good,115,long movie
2009,Nefes: Vatan Sagolsun,"Action, Drama, Thriller",8.0,good,128,long movie
2008,Svetat e golyam i spasenie debne otvsyakade,Drama,8.0,good,105,long movie
2008,Vaaranam Aayiram,"Drama, Musical, Romance",8.0,good,169,long movie
2010,My Name Is Khan,Drama,8.0,good,165,long movie
2008,Yip Man,"Action, Biography, Drama",8.0,good,106,long movie
2008,Historias extraordinarias,"Drama, Mystery",8.0,good,245,epic movie
2008,Kôkaku kidôtai 2.0,"Animation, Action, Crime",8.0,good,83,average length movie
2008,The Stoning of Soraya M.,Drama,8.0,good,114,long movie
2008,Devrim Arabalari,Drama,8.0,good,115,long movie
2008,Aasef ala el-iz'ag,"Comedy, Drama, Mystery",8.0,good,116,long movie
2009,Dev.D,"Comedy, Drama, Romance",8.0,good,144,long movie
2009,Darbareye Elly,"Drama, Mystery, Thriller",8.0,good,119,long movie
2009,Unnaipol Oruvan,"Crime, Drama, Mystery",8.0,good,106,long movie
2009,Gekijô ban Tengen toppa guren ragan: Ragan hen,"Animation, Drama",8.0,good,126,long movie
2009,Thanks Maa,"Crime, Drama",8.0,good,120,long movie
2010,The King's Speech,"Biography, Drama, History",8.0,good,118,long movie
2010,Tropa de Elite 2: O Inimigo Agora é Outro,"Action, Crime, Drama",8.0,good,115,long movie
2010,Vinnaithaandi Varuvaayaa,"Drama, Romance",8.0,good,157,long movie
2010,Leader,Drama,8.0,good,167,long movie
2010,I Am Kalam,"Comedy, Drama, Family",8.0,good,88,average length movie
2005,Haajar Bachhar Dhorey,"Comedy, Drama, Family",8.0,good,137,long movie
2008,Subramaniapuram,"Action, Drama, Thriller",8.0,good,145,long movie
2005,Paskutiniai Bremeno muzikantai,Musical,8.0,good,90,average length movie
2006,Mata,Comedy,8.0,good,143,long movie
2007,Mad_e in Bangladesh,"Comedy, Drama",8.0,good,106,long movie
2006,Children of Men,"Drama, Thriller",7.9,good,109,long movie
2008,Iron Man,"Action, Adventure, Sci-Fi",7.9,good,126,long movie
2005,"Va, vis et deviens",Drama,7.9,good,140,long movie
2005,C.R.A.Z.Y.,"Comedy, Drama",7.9,good,127,long movie
2005,Udayananu Tharam,Comedy,7.9,good,162,long movie
2006,Vettaiyaadu Vilaiyaadu,"Action, Crime, Thriller",7.9,good,174,long movie
2005,Moartea domnului Lãzãrescu,"Comedy, Drama",7.9,good,153,long movie
2006,The Fall,"Adventure, Drama, Fantasy",7.9,good,117,long movie
2007,Klopka,"Crime, Drama, Thriller",7.9,good,106,long movie
2005,Gaseirneba Karabaghshi,"Action, Adventure, Drama",7.9,good,105,long movie
2005,Pheuan sanit,"Drama, Romance",7.9,good,90,average length movie
2006,Gamers,Comedy,7.9,good,84,average length movie
2005,Ichi ritoru no namida,Drama,7.9,good,98,average length movie
2006,Letters from Iwo Jima,"Action, Adventure, Drama",7.9,good,141,long movie
2007,The Man from Earth,"Drama, Fantasy, Sci-Fi",7.9,good,87,average length movie
2006,Kiraware Matsuko no isshô,"Comedy, Drama, Musical",7.9,good,130,long movie
2008,In Bruges,"Comedy, Crime, Drama",7.9,good,107,long movie
2009,Star Trek,"Action, Adventure, Sci-Fi",7.9,good,127,long movie
2006,Marilena de la P7,"Drama, Fantasy",7.9,good,48,short movie
2006,Pokiri,"Action, Thriller",7.9,good,164,long movie
2006,Ostrov,Drama,7.9,good,112,long movie
2006,Kader,Drama,7.9,good,103,long movie
2007,Kayyoppu,Drama,7.9,good,95,average length movie
2007,1971,"Action, Drama, War",7.9,good,160,long movie
2007,Klass,Drama,7.9,good,99,average length movie
2008,Avaze gonjeshk-ha,"Drama, Family",7.9,good,96,average length movie
2007,"4 luni, 3 saptamâni si 2 zile",Drama,7.9,good,113,long movie
2007,Jab We Met,"Comedy, Drama, Romance",7.9,good,138,long movie
2008,The Wrestler,"Drama, Sport",7.9,good,109,long movie
2009,District 9,"Action, Sci-Fi, Thriller",7.9,good,112,long movie
2008,Låt den rätte komma in,"Drama, Horror, Romance",7.9,good,114,long movie
2009,Moon,"Drama, Mystery, Sci-Fi",7.9,good,97,average length movie
2008,Chugyeogja,"Action, Crime, Thriller",7.9,good,125,long movie
2008,Nunta muta,"Comedy, Drama, History",7.9,good,87,average length movie
2007,Happy Days,Drama,7.9,good,153,long movie
2009,Un prophète,"Crime, Drama",7.9,good,155,long movie
2008,"Live Fast, Die Young",Drama,7.9,good,101,long movie
2008,Gekijô ban Kara no kyôkai: Dai go shô - Mujun rasen,"Animation, Action, Crime",7.9,good,114,long movie
2009,Någon Annanstans,"Drama, Romance",7.9,good,87,average length movie
2007,Chennai 600028,"Comedy, Romance, Sport",7.9,good,141,long movie
2010,Moner Manush,Biography,7.9,good,150,long movie
2010,Mumbai Pune Mumbai,"Drama, Romance",7.9,good,101,long movie
2009,Mee Shivajiraje Bhosale Boltoy,Drama,7.9,good,149,long movie
2007,Aa Dinagalu,"Crime, Drama, Romance",7.9,good,136,long movie
2005,Walk the Line,"Biography, Drama, Music",7.8,good,136,long movie
2005,Serenity,"Action, Adventure, Sci-Fi",7.8,good,119,long movie
2005,The World's Fastest Indian,"Biography, Drama, Sport",7.8,good,127,long movie
2005,Pride & Prejudice,"Drama, Romance",7.8,good,129,long movie
2005,Adams æbler,"Comedy, Crime, Drama",7.8,good,94,average length movie
2008,The Curious Case of Benjamin Button,"Drama, Fantasy, Romance",7.8,good,166,long movie
2005,Gönül Yarasi,Drama,7.8,good,142,long movie
2007,Hot Fuzz,"Action, Comedy, Mystery",7.8,good,121,long movie
2005,Joseph Smith: Prophet of the Restoration,"Biography, Drama, History",7.8,good,60,average length movie
2009,Fantastic Mr. Fox,"Animation, Adventure, Come",7.8,good,87,average length movie
2006,Little Miss Sunshine,"Comedy, Drama",7.8,good,101,long movie
2007,California Dreamin' (Nesfarsit),"Comedy, Drama, War",7.8,good,155,long movie
2006,Rosso come il cielo,Drama,7.8,good,96,average length movie
2005,Raam,"Action, Drama, Mystery",7.8,good,154,long movie
2005,Dievu miskas,"Biography, Drama, War",7.8,good,120,long movie
2006,Apocalypto,"Action, Adventure, Drama",7.8,good,139,long movie
2005,Sehar,"Action, Crime, Drama",7.8,good,125,long movie
2009,Mr. Nobody,"Drama, Fantasy, Romance",7.8,good,141,long movie
2009,Avatar,"Action, Adventure, Fantasy",7.8,good,162,long movie
2007,American Gangster,"Biography, Crime, Drama",7.8,good,157,long movie
2005,Thavamai Thavamiruntu,Drama,7.8,good,180,epic movie
2007,Atonement,"Drama, Mystery, Romance",7.8,good,123,long movie
2006,Toki o kakeru shôjo,"Animation, Adventure, Come",7.8,good,98,average length movie
2006,Chaharshanbe-soori,"Drama, Mystery, Romance",7.8,good,102,long movie
2007,Auf der anderen Seite,Drama,7.8,good,122,long movie
2007,Once,"Drama, Music, Romance",7.8,good,86,average length movie
2008,The Boy in the Striped Pyjamas,"Drama, War",7.8,good,94,average length movie
2008,Taken,"Action, Thriller",7.8,good,93,average length movie
2010,The Fighter,"Biography, Drama, Sport",7.8,good,116,long movie
2008,Y.M.I. Yeh Mera India,"Crime, Drama, Thriller",7.8,good,137,long movie
2007,Estômago,Drama,7.8,good,113,long movie
2007,Kabadayi,"Action, Crime, Drama",7.8,good,140,long movie
2007,Johnny Gaddaar,"Crime, Drama, Mystery",7.8,good,135,long movie
2007,Stranger: Mukô hadan,"Animation, Action, Adventu",7.8,good,103,long movie
2009,Män som hatar kvinnor,"Crime, Drama, Mystery",7.8,good,152,long movie
2009,Das weiße Band - Eine deutsche Kindergeschichte,"Drama, History, Mystery",7.8,good,144,long movie
2007,Rak haeng Siam,"Drama, Mystery, Romance",7.8,good,154,long movie
2008,Machan,"Biography, Comedy, Drama",7.8,good,109,long movie
2007,El-Gazirah,"Action, Biography, Drama",7.8,good,92,average length movie
2009,Madeo,"Crime, Drama, Thriller",7.8,good,129,long movie
2008,Rock On!!,"Drama, Music",7.8,good,145,long movie
2010,Shi,Drama,7.8,good,139,long movie
2008,Dasvidaniya,"Comedy, Drama",7.8,good,113,long movie
2008,Laskar Pelangi,Drama,7.8,good,124,long movie
2008,Sonbahar,Drama,7.8,good,99,average length movie
2009,Antaheen,"Drama, Romance",7.8,good,120,long movie
2010,Madrasapattinam,"Drama, History, Romance",7.8,good,162,long movie
2009,Gagma napiri,Drama,7.8,good,90,average length movie
2009,Contracorriente,"Drama, Fantasy, Romance",7.8,good,97,average length movie
2009,Amintiri din epoca de aur,"Comedy, History",7.8,good,155,long movie
2010,Ajeossi,"Action, Drama, Thriller",7.8,good,119,long movie
2009,Kick,"Action, Comedy",7.8,good,155,long movie
2010,Ang-ma-reul bo-at-da,"Action, Crime, Drama",7.8,good,142,long movie
2010,Kokuhaku,"Drama, Thriller",7.8,good,106,long movie
2010,El infierno,"Action, Comedy, Crime",7.8,good,145,long movie
2010,Portretul luptatorului la tinerete,"Action, Drama, History",7.8,good,163,long movie
2008,Gaalipata,Romance,7.8,good,146,long movie
2007,Milana,Romance,7.8,good,155,long movie
2009,Me and My Dick,"Comedy, Musical",7.8,good,150,long movie
2007,Daruchini Dwip,"Comedy, Drama, Romance",7.8,good,128,long movie
2010,Assal Eswed,"Comedy, Drama",7.8,good,130,long movie
2008,The Belly of the Beast,Horror,7.8,good,89,average length movie
2007,JoJo's Bizarre Adventure: Phantom Blood,"Animation, Action, Adventu",7.8,good,100,long movie
2005,Water,Drama,7.7,good,117,long movie
2009,Coraline,"Animation, Drama, Fantasy",7.7,good,100,long movie
2005,Harry Potter and the Goblet of Fire,"Adventure, Family, Fantasy",7.7,good,157,long movie
2005,Bal-Can-Can,"Action, Adventure, Comedy",7.7,good,89,average length movie
2007,3:10 to Yuma,"Action, Crime, Drama",7.7,good,122,long movie
2005,Brokeback Mountain,"Drama, Romance",7.7,good,134,long movie
2006,Zwartboek,"Drama, Thriller, War",7.7,good,145,long movie
2010,Tangled,"Animation, Adventure, Come",7.7,good,100,long movie
2006,300,"Action, Drama, Fantasy",7.7,good,117,long movie
2005,Shooting Dogs,"Drama, History, War",7.7,good,115,long movie
2007,Control,"Biography, Drama, Music",7.7,good,122,long movie
2005,Joyeux Noël,"Drama, History, Music",7.7,good,116,long movie
2006,Lucky Number Slevin,"Crime, Drama, Mystery",7.7,good,110,long movie
2005,Parzania,"Drama, History",7.7,good,116,long movie
2007,Zodiac,"Crime, Drama, Mystery",7.7,good,157,long movie
2005,Maraton,"Biography, Drama, Sport",7.7,good,117,long movie
2005,El violín,"Drama, Music",7.7,good,98,average length movie
2006,The Last King of Scotland,"Biography, Drama, History",7.7,good,123,long movie
2005,Nuvvostanante Nenoddantana,Romance,7.7,good,165,long movie
2006,Efter brylluppet,Drama,7.7,good,120,long movie
2005,Unmei janai hito,"Comedy, Drama, Romance",7.7,good,98,average length movie
2005,Welkkeom tu Dongmakgol,"Comedy, Drama, War",7.7,good,133,long movie
2006,This Is England,"Crime, Drama",7.7,good,101,long movie
2005,Rajamanikyam,"Action, Comedy",7.7,good,126,long movie
2006,Bushi no ichibun,"Drama, Romance",7.7,good,122,long movie
2009,The Secret of Kells,"Animation, Adventure, Fami",7.7,good,71,average length movie
2007,12,"Crime, Drama, Thriller",7.7,good,159,long movie
2005,Always san-chôme no yûhi,"Drama, Family",7.7,good,133,long movie
2007,Guru,"Biography, Drama",7.7,good,166,long movie
2006,Death Note,"Crime, Drama, Fantasy",7.7,good,126,long movie
2006,Godavari,"Drama, Romance",7.7,good,160,long movie
2010,Flipped,"Comedy, Drama, Romance",7.7,good,90,average length movie
2006,Hîrtia va fi albastrã,"Action, Drama",7.7,good,95,average length movie
2008,Changeling,"Biography, Crime, Drama",7.7,good,141,long movie
2006,Papurika,"Animation, Drama, Fantasy",7.7,good,90,average length movie
2006,Vikramarkudu,Action,7.7,good,140,long movie
2008,Frost/Nixon,"Biography, Drama, History",7.7,good,122,long movie
2005,Rama Shama Bhama,Comedy,7.7,good,180,epic movie
2008,Gake no ue no Ponyo,"Animation, Adventure, Come",7.7,good,101,long movie
2006,Imsai Arasan 23 M Pulikesi,Comedy,7.7,good,142,long movie
2008,Kirschblüten - Hanami,"Drama, Romance",7.7,good,127,long movie
2007,Manorama Six Feet Under,"Crime, Drama, Mystery",7.7,good,137,long movie
2007,Evangelion Shin Gekijôban: Jo,"Animation, Action, Drama",7.7,good,98,average length movie
2010,Harry Potter and the Deathly Hallows: Part 1,"Adventure, Family, Fantasy",7.7,good,146,long movie
2007,Shelter,"Drama, Romance, Sport",7.7,good,97,average length movie
2007,Big B,"Action, Crime, Thriller",7.7,good,130,long movie
2009,(500) Days of Summer,"Comedy, Drama, Romance",7.7,good,95,average length movie
2006,Veyyil,Drama,7.7,good,136,long movie
2007,Mirageman,"Action, Comedy, Crime",7.7,good,90,average length movie
2009,The Hangover,Comedy,7.7,good,100,long movie
2009,Nanjing! Nanjing!,"Drama, History, War",7.7,good,132,long movie
2007,King Lines,"Adventure, Sport",7.7,good,60,average length movie
2008,Aamir,"Crime, Drama, Thriller",7.7,good,99,average length movie
2008,Mumbai Meri Jaan,Drama,7.7,good,134,long movie
2010,The Social Network,"Biography, Drama",7.7,good,120,long movie
2008,Gekijô ban Tengen toppa guren ragan: Guren hen,"Animation, Action, Comedy",7.7,good,112,long movie
2008,Oye Lucky! Lucky Oye!,"Comedy, Crime, Drama",7.7,good,125,long movie
2009,Mommo,"Drama, Family",7.7,good,94,average length movie
2009,Naan Kadavul,"Action, Drama",7.7,good,165,long movie
2009,Metastaze,"Crime, Drama",7.7,good,82,average length movie
2009,Medalia de onoare,"Comedy, Drama",7.7,good,104,long movie
2010,Ayirathil Oruvan,"Action, Adventure, Fantasy",7.7,good,183,epic movie
2010,Quchis dgeebi,Drama,7.7,good,89,average length movie
2009,Paleri Manikyam: Oru Pathirakolapathakathinte Katha,"Crime, Drama, History",7.7,good,155,long movie
2010,Ye Maaya Chesave,Romance,7.7,good,155,long movie
2005,Äideistä parhain,"Drama, War",7.6,good,111,long movie
2008,"Synecdoche, New York","Comedy, Drama",7.6,good,124,long movie
2005,Bab'Aziz,Drama,7.6,good,96,average length movie
2005,Lord of War,"Action, Crime, Drama",7.6,good,122,long movie
2009,Watchmen,"Action, Drama, Mystery",7.6,good,162,long movie
2005,Match Point,"Drama, Romance, Thriller",7.6,good,124,long movie
2009,Harry Potter and the Half-Blood Prince,"Action, Adventure, Family",7.6,good,153,long movie
2007,The Kite Runner,Drama,7.6,good,128,long movie
2006,Stranger Than Fiction,"Comedy, Drama, Fantasy",7.6,good,113,long movie
2005,Mrs. Palfrey at the Claremont,"Comedy, Drama",7.6,good,108,long movie
2005,Sophie Scholl - Die letzten Tage,"Biography, Crime, Drama",7.6,good,120,long movie
2007,The Great Debaters,"Biography, Drama, Romance",7.6,good,126,long movie
2005,Thank You for Smoking,"Comedy, Drama",7.6,good,92,average length movie
2005,Sarkar,"Action, Crime, Drama",7.6,good,124,long movie
2005,Die Höhle des gelben Hundes,"Drama, Family",7.6,good,93,average length movie
2005,Janji Joni,"Adventure, Comedy, Romance",7.6,good,83,average length movie
2006,Volver,"Comedy, Drama",7.6,good,121,long movie
2006,The Illusionist,"Drama, Fantasy, History",7.6,good,110,long movie
2005,Kong que,Drama,7.6,good,136,long movie
2006,Huo Yuan Jia,"Action, Biography, Drama",7.6,good,104,long movie
2008,Jodhaa Akbar,"Action, Drama, History",7.6,good,213,epic movie
2007,La môme,"Biography, Drama, Music",7.6,good,140,long movie
2005,Chinjeolhan geumjassi,"Crime, Drama, Thriller",7.6,good,115,long movie
2007,Gone Baby Gone,"Crime, Drama, Mystery",7.6,good,114,long movie
2005,Elsa y Fred,"Comedy, Drama, Romance",7.6,good,108,long movie
2006,Inside Man,"Crime, Drama, Mystery",7.6,good,129,long movie
2005,Dalkomhan insaeng,"Action, Drama",7.6,good,120,long movie
2005,The Blue Umbrella,"Comedy, Drama, Family",7.6,good,90,average length movie
2005,Gie,"Biography, Drama",7.6,good,147,long movie
2005,Maurice Richard,"Biography, Drama, Sport",7.6,good,124,long movie
2005,Tiempo de valientes,"Action, Comedy, Crime",7.6,good,112,long movie
2006,Karaula,"Comedy, Drama",7.6,good,94,average length movie
2007,Shake Hands with the Devil,"Drama, History, War",7.6,good,112,long movie
2006,Vitus,"Drama, Music",7.6,good,100,long movie
2007,Stardust,"Adventure, Family, Fantasy",7.6,good,127,long movie
2007,Izgnanie,"Drama, Romance",7.6,good,157,long movie
2007,Eastern Promises,"Action, Crime, Drama",7.6,good,100,long movie
2006,Soredemo boku wa yattenai,Drama,7.6,good,143,long movie
2007,Die Fälscher,"Crime, Drama, War",7.6,good,99,average length movie
2008,Seven Pounds,Drama,7.6,good,123,long movie
2007,Superbad,Comedy,7.6,good,113,long movie
2006,Tekkon kinkurîto,"Animation, Action, Adventu",7.6,good,111,long movie
2006,Feng kuang de shi tou,"Comedy, Crime, Drama",7.6,good,98,average length movie
2005,Chatrapathi,"Action, Drama",7.6,good,158,long movie
2008,Kâbê,Drama,7.6,good,133,long movie
2007,The Visitor,Drama,7.6,good,104,long movie
2009,The Blind Side,"Biography, Drama, Sport",7.6,good,129,long movie
2006,Seasons change: Phror arkad plian plang boi,"Comedy, Drama, Music",7.6,good,118,long movie
2009,Kerala Varma Pazhassi Raja,"Action, Biography, Drama",7.6,good,195,epic movie
2008,The Hurt Locker,"Drama, Thriller, War",7.6,good,131,long movie
2007,Nanking,"Biography, History, War",7.6,good,90,average length movie
2006,Chand kilo khorma baraye marassem-e tadfin,"Comedy, Drama",7.6,good,85,average length movie
2008,Le premier jour du reste de ta vie,Drama,7.6,good,114,long movie
2008,DeUsynlige,"Drama, Music",7.6,good,115,long movie
2008,The Reader,"Drama, Romance",7.6,good,124,long movie
2007,Byôsoku 5 senchimêtoru,"Animation, Drama, Romance",7.6,good,63,average length movie
2008,Hunger,"Biography, Drama",7.6,good,96,average length movie
2009,Sherlock Holmes,"Action, Adventure, Crime",7.6,good,128,long movie
2007,Bheja Fry,"Comedy, Drama",7.6,good,95,average length movie
2008,Die Welle,"Drama, Thriller",7.6,good,107,long movie
2008,Il y a longtemps que je t'aime,Drama,7.6,good,117,long movie
2007,Boy A,Drama,7.6,good,102,long movie
2008,Karamazovi,Drama,7.6,good,110,long movie
2008,Ramchand Pakistani,Drama,7.6,good,103,long movie
2007,Kadha Parayumbol...,"Comedy, Drama",7.6,good,130,long movie
2009,Sin nombre,"Adventure, Crime, Drama",7.6,good,96,average length movie
2008,Keurosing,Drama,7.6,good,107,long movie
2009,Zombieland,"Adventure, Comedy, Horror",7.6,good,88,average length movie
2008,Sita Sings the Blues,"Animation, Comedy, Fantasy",7.6,good,82,average length movie
2009,Celda 211,"Action, Crime, Drama",7.6,good,113,long movie
2009,Fisshu sutôrî,"Action, Comedy, Music",7.6,good,112,long movie
2008,Gururi no koto,Drama,7.6,good,140,long movie
2010,Kick-Ass,"Action, Adventure, Comedy",7.6,good,117,long movie
2009,A Single Man,"Drama, Romance",7.6,good,99,average length movie
2009,Le concert,"Comedy, Drama, Music",7.6,good,119,long movie
2008,Si può fare,Comedy,7.6,good,111,long movie
2010,Submarino,Drama,7.6,good,105,long movie
2010,Despicable Me,"Animation, Comedy, Family",7.6,good,95,average length movie
2009,Wake Up Sid,"Comedy, Drama, Romance",7.6,good,138,long movie
2009,Chi bi: Jue zhan tian xia,"Action, Drama, History",7.6,good,142,long movie
2010,Hævnen,"Drama, Romance",7.6,good,118,long movie
2009,Gekijô ban Kara no kyôkai: Satsujin kôsatsu (Go),"Animation, Action, Crime",7.6,good,120,long movie
2008,Ddongpari,"Crime, Drama",7.6,good,130,long movie
2010,Tang shan da di zhen,Drama,7.6,good,135,long movie
2010,True Grit,"Drama, Western",7.6,good,110,long movie
2010,Jûsan-nin no shikaku,"Action, Adventure, Drama",7.6,good,141,long movie
2009,Magadheera,"Action, Drama, Fantasy",7.6,good,147,long movie
2009,Seulpeumboda deo seulpeun iyagi,"Drama, Romance",7.6,good,105,long movie
2009,Wan pisu firumu: sutorongu warudo,"Animation, Action, Adventu",7.6,good,113,long movie
2010,Hai yang tian tang,Drama,7.6,good,96,average length movie
2009,Keshtzar haye sepid,Drama,7.6,good,92,average length movie
2009,Konpliktis zona,"Drama, War",7.6,good,82,average length movie
2010,127 Hours,"Biography, Drama",7.6,good,94,average length movie
2010,Kari-gurashi no Arietti,"Animation, Adventure, Fami",7.6,good,94,average length movie
2010,Zero 2,"Comedy, Thriller",7.6,good,90,average length movie
2010,O chyom govoryat muzhchiny,Comedy,7.6,good,93,average length movie
2010,The Japanese Wife,"Drama, Romance",7.6,good,105,long movie
2010,Gekijôban Gintama: Shin'yaku Benizakura hen,"Animation, Action, Comedy",7.6,good,96,average length movie
2010,Rakhta Charitra,"Action, Biography, Crime",7.6,good,125,long movie
2009,Eeram,"Crime, Mystery, Thriller",7.6,good,164,long movie
2009,666 the Beginning of the end,Horror,7.6,good,98,average length movie
2010,Do Dooni Chaar,"Comedy, Drama",7.6,good,112,long movie
2010,Angadi Theru,Drama,7.6,good,151,long movie
2009,Nunta in Basarabia,Comedy,7.6,good,92,average length movie
2010,We-ding-deu-re-seu,Drama,7.6,good,109,long movie
2009,Pasanga,"Drama, Family",7.6,good,178,long movie
2010,Hellowoo goseuteu,"Comedy, Drama",7.6,good,111,long movie
2010,Sing lek lek tee reak wa rak,"Comedy, Romance",7.6,good,118,long movie
2009,Naadodigal,"Action, Comedy, Drama",7.6,good,161,long movie
2007,Polladhavan,Action,7.6,good,150,long movie
2005,Star Wars: Episode III - Revenge of the Sith,"Action, Adventure, Fantasy",7.5,good,140,long movie
2005,Netaji Subhas Chandra Bose: The Forgotten Hero,"Biography, Drama, History",7.5,good,208,epic movie
2006,Ne le dis à personne,"Crime, Drama, Mystery",7.5,good,131,long movie
2005,Kiss Kiss Bang Bang,"Action, Comedy, Crime",7.5,good,103,long movie
2007,Harry Potter and the Order of the Phoenix,"Action, Adventure, Family",7.5,good,138,long movie
2005,Hooligans,"Crime, Drama, Sport",7.5,good,109,long movie
2007,Santuri,"Drama, Musical, Romance",7.5,good,107,long movie
2006,Perfume: The Story of a Murderer,"Crime, Drama",7.5,good,147,long movie
2006,Little Children,"Drama, Romance",7.5,good,136,long movie
2005,Munich,"Biography, Crime, Drama",7.5,good,164,long movie
2005,All the Invisible Children,Drama,7.5,good,124,long movie
2008,L'ennemi public n°1,"Action, Biography, Crime",7.5,good,133,long movie
2005,Little Manhattan,"Comedy, Family, Romance",7.5,good,84,average length movie
2005,12 and Holding,Drama,7.5,good,94,average length movie
2006,Omaret yakobean,Drama,7.5,good,161,long movie
2007,August Rush,"Drama, Music",7.5,good,114,long movie
2005,The Secret Life of Words,"Drama, Romance",7.5,good,115,long movie
2006,The Namesake,Drama,7.5,good,122,long movie
2005,La neuvaine,Drama,7.5,good,97,average length movie
2008,Kung Fu Panda,"Animation, Action, Adventu",7.5,good,92,average length movie
2007,The Assassination of Jesse James by the Coward Robe,"Biography, Crime, Drama",7.5,good,160,long movie
2007,Du levande,"Comedy, Drama, Music",7.5,good,95,average length movie
2010,Scott Pilgrim vs. the World,"Action, Comedy, Fantasy",7.5,good,112,long movie
2006,The Painted Veil,"Drama, Romance",7.5,good,125,long movie
2007,"Have Dreams, Will Travel","Drama, Romance",7.5,good,86,average length movie
2006,Snow Cake,"Drama, Romance",7.5,good,112,long movie
2005,Ghajini,"Action, Drama, Mystery",7.5,good,175,long movie
2005,Italyanets,Drama,7.5,good,90,average length movie
2005,Socha Na Tha,"Romance, Comedy",7.5,good,137,long movie
2005,L'enfant,"Crime, Drama, Romance",7.5,good,95,average length movie
2005,A Máquina,"Comedy, Drama, Romance",7.5,good,89,average length movie
2006,The Wind that Shakes the Barley,"Drama, War",7.5,good,127,long movie
2007,Grindhouse,"Action, Horror, Thriller",7.5,good,191,epic movie
2007,Freedom Writers,"Biography, Crime, Drama",7.5,good,123,long movie
2006,Fehér tenyér,"Drama, Sport",7.5,good,97,average length movie
2006,Deiji,"Drama, Romance",7.5,good,110,long movie
2005,Linda Linda Linda,"Comedy, Drama, Music",7.5,good,114,long movie
2008,Jaane Tu... Ya Jaane Na,"Comedy, Drama, Romance",7.5,good,155,long movie
2006,United 93,"Drama, History, Thriller",7.5,good,111,long movie
2006,Sang sattawat,Drama,7.5,good,105,long movie
2007,Sivaji,"Action, Drama, Thriller",7.5,good,188,epic movie
2005,"Kheili dour, kheili nazdik",Drama,7.5,good,121,long movie
2006,Hacivat Karagöz Neden Öldürüldü?,"Comedy, Drama, History",7.5,good,135,long movie
2006,Away from Her,Drama,7.5,good,110,long movie
2006,Der freie Wille,"Crime, Drama",7.5,good,163,long movie
2006,Takva,Drama,7.5,good,96,average length movie
2010,L'illusionniste,"Animation, Drama",7.5,good,80,average length movie
2006,"Wer früher stirbt, ist länger tot","Comedy, Drama",7.5,good,104,long movie
2010,The First Grader,"Biography, Drama, Romance",7.5,good,103,long movie
2006,La faute à Fidel!,"Drama, History",7.5,good,99,average length movie
2006,Berbagi Suami,"Comedy, Drama",7.5,good,120,long movie
2006,9/11: The Twin Towers,"Drama, History",7.5,good,98,average length movie
2007,"Se, jie","Drama, History, Romance",7.5,good,157,long movie
2007,Milyang,Drama,7.5,good,142,long movie
2007,Pora umierac,Drama,7.5,good,104,long movie
2010,The Town,"Crime, Drama, Thriller",7.5,good,125,long movie
2006,Urideul-ui haengbok-han shigan,"Drama, Romance",7.5,good,120,long movie
2006,"Tada, kimi wo aishiteru","Drama, Romance",7.5,good,116,long movie
2007,Amal,Drama,7.5,good,101,long movie
2008,Doubt,"Drama, Mystery",7.5,good,104,long movie
2007,Arabikkatha,Drama,7.5,good,150,long movie
2008,Tokyo Sonata,Drama,7.5,good,120,long movie
2008,Maria Larssons eviga ögonblick,"Biography, Drama, History",7.5,good,131,long movie
2006,Zero. Alyvine Lietuva,"Crime, Thriller",7.5,good,82,average length movie
2007,Mutluluk,Drama,7.5,good,105,long movie
2007,Clannad,"Animation, Comedy, Drama",7.5,good,94,average length movie
2008,Milk,"Biography, Drama",7.5,good,128,long movie
2007,Bikur Ha-Tizmoret,"Comedy, Drama, Music",7.5,good,87,average length movie
2007,Bu neng shuo de. mi mi,"Drama, Fantasy, Music",7.5,good,101,long movie
2008,Entre les murs,Drama,7.5,good,128,long movie
2006,Herbert,Drama,7.5,good,142,long movie
2008,A nyomozó,"Comedy, Crime, Drama",7.5,good,107,long movie
2007,One More Chance,"Drama, Romance",7.5,good,115,long movie
2006,Mim mesle madar,Drama,7.5,good,113,long movie
2007,Petelinji zajtrk,"Drama, Romance",7.5,good,124,long movie
2009,Zen,"Biography, Drama",7.5,good,127,long movie
2008,Yôgisha X no kenshin,"Crime, Drama, Mystery",7.5,good,128,long movie
2008,"C'est pas moi, je le jure!","Comedy, Drama, Family",7.5,good,110,long movie
2010,Biutiful,"Drama, Romance",7.5,good,148,long movie
2008,Revanche,"Crime, Drama, Romance",7.5,good,121,long movie
2009,Der Knochenmann,"Comedy, Crime, Thriller",7.5,good,117,long movie
2007,Den vyborov,Comedy,7.5,good,122,long movie
2008,Camino,Drama,7.5,good,138,long movie
2009,The Damned United,"Biography, Drama, Sport",7.5,good,98,average length movie
2009,"Dédé, à travers les brumes",Music,7.5,good,139,long movie
2008,L'instinct de mort,"Action, Biography, Crime",7.5,good,113,long movie
2009,Yeo-haeng-ja,Drama,7.5,good,92,average length movie
2010,Die Fremde,Drama,7.5,good,119,long movie
2008,Thirakkatha,"Drama, Romance",7.5,good,120,long movie
2009,Welcome,Drama,7.5,good,110,long movie
2010,Kongen av Bastøy,"Action, Drama",7.5,good,116,long movie
2010,Brestskaya krepost,"Action, Drama, History",7.5,good,138,long movie
2009,Deli Deli Olma,"Drama, History",7.5,good,100,long movie
2009,Technotise - Edit i ja,"Animation, Drama, Sci-Fi",7.5,good,100,long movie
2009,O Contador de Histórias,Drama,7.5,good,100,long movie
2010,Yip Man 2,"Action, Biography, Drama",7.5,good,108,long movie
2009,J'ai tué ma mère,"Drama, Romance",7.5,good,96,average length movie
2009,Panique au village,"Animation, Adventure, Come",7.5,good,75,average length movie
2009,Rocket Singh: Salesman of the Year,"Comedy, Drama",7.5,good,150,long movie
2010,Tucker and Dale vs Evil,"Comedy, Horror",7.5,good,89,average length movie
2010,Road to Sangam,"Drama, Thriller",7.5,good,135,long movie
2009,Samâ uôzu,"Animation, Action, Comedy",7.5,good,114,long movie
2009,Redline,"Animation, Action, Romance",7.5,good,102,long movie
2010,Third Star,Drama,7.5,good,92,average length movie
2008,Balkonas,"Drama, Family",7.5,good,48,short movie
2008,Abhiyum Naanum,"Comedy, Drama, Family",7.5,good,147,long movie
2009,Vavien,"Comedy, Drama, Thriller",7.5,good,100,long movie
2010,Boy,"Comedy, Drama",7.5,good,87,average length movie
2009,Ting shuo,"Drama, Romance",7.5,good,109,long movie
2010,Khaleja,"Action, Drama",7.5,good,170,long movie
2010,Elle s'appelait Sarah,"Drama, War",7.5,good,111,long movie
2010,Karafuru,"Animation, Drama, Fantasy",7.5,good,126,long movie
2010,Tilt,"Drama, Romance",7.5,good,94,average length movie
2010,Trigun: Badlands Rumble,"Animation, Action, Sci-Fi",7.5,good,90,average length movie
2010,Neadekvatnye lyudi,"Comedy, Drama, Romance",7.5,good,106,long movie
2010,Kuan meun ho,"Comedy, Romance",7.5,good,130,long movie
2010,678,Drama,7.5,good,100,long movie
2010,Obcanský prukaz,"Comedy, Drama",7.5,good,137,long movie
2010,Phas Gaye Re Obama,"Comedy, Crime, Drama",7.5,good,108,long movie
2010,Prithvi,Drama,7.5,good,134,long movie
2006,Obsluhoval jsem anglického krále,"Comedy, Drama, Romance",7.4,good,113,long movie
2005,The Curse of the Were-Rabbit,"Animation, Adventure, Come",7.4,good,85,average length movie
2005,Casa de Areia,Drama,7.4,good,115,long movie
2005,"Cinema, Aspirinas e Urubus","Adventure, Drama",7.4,good,99,average length movie
2005,The Constant Gardener,"Drama, Mystery, Romance",7.4,good,129,long movie
2005,Paha maa,Drama,7.4,good,130,long movie
2005,The Greatest Game Ever Played,"Biography, Drama, History",7.4,good,120,long movie
2005,Memoirs of a Geisha,"Drama, Romance",7.4,good,145,long movie
2007,Trade,"Crime, Drama, Thriller",7.4,good,120,long movie
2005,A History of Violence,"Crime, Drama, Thriller",7.4,good,96,average length movie
2005,Everything Is Illuminated,"Comedy, Drama",7.4,good,106,long movie
2006,Running Scared,"Action, Crime, Drama",7.4,good,122,long movie
2005,Transamerica,"Adventure, Comedy, Drama",7.4,good,103,long movie
2005,Amu,Drama,7.4,good,102,long movie
2005,Beed-e majnoon,Drama,7.4,good,96,average length movie
2005,The Three Burials of Melquiades Estrada,"Adventure, Crime, Drama",7.4,good,121,long movie
2005,The Proposition,"Crime, Drama, Western",7.4,good,104,long movie
2005,Anlat Istanbul,"Drama, Thriller",7.4,good,99,average length movie
2005,Le couperet,"Comedy, Crime, Drama",7.4,good,117,long movie
2008,Chi bi,"Action, Adventure, Drama",7.4,good,146,long movie
2005,Aurore,Drama,7.4,good,115,long movie
2005,"Good Night, and Good Luck.","Biography, Drama, History",7.4,good,93,average length movie
2008,Keith,"Drama, Romance",7.4,good,93,average length movie
2005,Paradise Now,"Crime, Drama, Thriller",7.4,good,91,average length movie
2008,The Gamers: Dorkness Rising,"Action, Adventure, Comedy",7.4,good,105,long movie
2006,Babel,Drama,7.4,good,143,long movie
2005,Apaharan,"Action, Crime, Drama",7.4,good,173,long movie
2007,La antena,"Drama, Fantasy, Sci-Fi",7.4,good,99,average length movie
2005,Maine Gandhi Ko Nahin Mara,Drama,7.4,good,100,long movie
2006,Amazing Grace,"Biography, Drama, History",7.4,good,118,long movie
2006,Anche libero va bene,Drama,7.4,good,108,long movie
2005,Alice,Drama,7.4,good,102,long movie
2006,Vier Minuten,"Drama, Music",7.4,good,112,long movie
2005,The Last Hangman,"Biography, Crime, Drama",7.4,good,90,average length movie
2007,El orfanato,"Drama, Horror, Mystery",7.4,good,105,long movie
2006,Notes on a Scandal,"Crime, Drama, Romance",7.4,good,92,average length movie
2007,Juno,"Comedy, Drama",7.4,good,96,average length movie
2005,Organize Isler,"Comedy, Drama",7.4,good,106,long movie
2005,...Yahaan,"Drama, Romance, War",7.4,good,142,long movie
2005,13 Tzameti,"Crime, Drama, Horror",7.4,good,93,average length movie
2005,Il vento fa il suo giro,Drama,7.4,good,110,long movie
2006,"Je vais bien, ne t'en fais pas",Drama,7.4,good,92,average length movie
2005,Gekijô-ban hagane no renkinjutsushi: Shanbara wo yu,"Animation, Action, Adventu",7.4,good,105,long movie
2007,La graine et le mulet,Drama,7.4,good,151,long movie
2006,Plac Zbawiciela,Drama,7.4,good,105,long movie
2006,O Cheiro do Ralo,"Comedy, Drama",7.4,good,112,long movie
2007,Reign Over Me,Drama,7.4,good,124,long movie
2006,Hak se wui: Yi woo wai kwai,"Crime, Drama, Thriller",7.4,good,93,average length movie
2005,Wang-ui namja,"Drama, History",7.4,good,119,long movie
2006,La sconosciuta,"Drama, Mystery, Thriller",7.4,good,118,long movie
2006,Ashita no kioku,Drama,7.4,good,122,long movie
2006,Golmaal: Fun Unlimited,"Action, Comedy, Drama",7.4,good,150,long movie
2006,Kunsten at græde i kor,"Comedy, Drama",7.4,good,106,long movie
2008,Der Baader Meinhof Komplex,"Action, Biography, Crime",7.4,good,150,long movie
2006,När mörkret faller,Drama,7.4,good,133,long movie
2007,Luo ye gui gen,"Comedy, Drama",7.4,good,110,long movie
2007,Death at a Funeral,Comedy,7.4,good,90,average length movie
2007,Life in a Metro,"Comedy, Drama, Romance",7.4,good,132,long movie
2007,Dhee,Comedy,7.4,good,142,long movie
2006,A fost sau n-a fost?,"Comedy, Drama",7.4,good,89,average length movie
2007,Pjevajte nesto ljubavno,"Comedy, Music",7.4,good,106,long movie
2007,"Tôkyô tawâ: Okan to boku to, tokidoki, oton",Drama,7.4,good,142,long movie
2006,Biyeolhan geori,"Action, Crime, Drama",7.4,good,141,long movie
2007,The Bucket List,"Comedy, Drama",7.4,good,97,average length movie
2006,Hokkabaz,"Comedy, Drama",7.4,good,122,long movie
2006,Reprise,Drama,7.4,good,105,long movie
2007,Ten Inch Hero,"Comedy, Drama, Romance",7.4,good,102,long movie
2008,Nordwand,"Adventure, Biography, Dram",7.4,good,126,long movie
2009,Feng kuang de sai che,"Action, Adventure, Comedy",7.4,good,99,average length movie
2006,O Ano em Que Meus Pais Saíram de Férias,Drama,7.4,good,110,long movie
2007,Noodle,"Comedy, Drama",7.4,good,90,average length movie
2007,Aadavari Matalaku Ardhalu Verule,"Comedy, Drama, Romance",7.4,good,157,long movie
2007,Tesko je biti fin,"Comedy, Drama",7.4,good,102,long movie
2007,Ben X,"Drama, Thriller",7.4,good,93,average length movie
2007,Always zoku san-chôme no yûhi,Drama,7.4,good,146,long movie
2007,Cú và chim se se,Drama,7.4,good,97,average length movie
2007,Mang shan,"Crime, Drama",7.4,good,95,average length movie
2007,[Rec],"Action, Horror, Mystery",7.4,good,78,average length movie
2007,Ya ostayus,"Comedy, Drama, Fantasy",7.4,good,112,long movie
2008,Séraphine,"Biography, Drama",7.4,good,125,long movie
2009,Desert Flower,"Biography, Drama",7.4,good,120,long movie
2009,De helaasheid der dingen,"Comedy, Drama",7.4,good,108,long movie
2009,My Sister's Keeper,"Drama, Family",7.4,good,109,long movie
2006,Áo lua Hà Dông,Drama,7.4,good,142,long movie
2007,Kagadanan sa banwaan ning mga engkanto,Drama,7.4,good,540,epic movie
2007,Tenten,Comedy,7.4,good,101,long movie
2008,Felon,"Crime, Drama",7.4,good,104,long movie
2008,Syoo-peo-maen-i-sseo-deon sa-na-i,"Comedy, Drama",7.4,good,102,long movie
2010,Blue Valentine,"Drama, Romance",7.4,good,112,long movie
2008,Arráncame la vida,Drama,7.4,good,107,long movie
2009,The Boat That Rocked,"Comedy, Drama, Music",7.4,good,135,long movie
2008,Gekijô ban Kara no kyôkai: Dai san shô - Tsukakû za,"Animation, Action, Crime",7.4,good,58,short movie
2007,Kisaragi,"Comedy, Mystery",7.4,good,108,long movie
2009,Mississippi Damned,Drama,7.4,good,120,long movie
2008,Etz Limon,"Drama, War",7.4,good,106,long movie
2009,City Island,"Comedy, Drama",7.4,good,104,long movie
2007,Kappa no Kû to natsuyasumi,"Animation, Adventure, Come",7.4,good,138,long movie
2009,The Stoneman Murders,"Crime, Drama, Mystery",7.4,good,95,average length movie
2009,Black Dynamite,"Action, Comedy",7.4,good,84,average length movie
2009,Up in the Air,"Comedy, Drama, Romance",7.4,good,109,long movie
2007,Bareuge salja,"Action, Comedy",7.4,good,102,long movie
2009,Law Abiding Citizen,"Action, Crime, Drama",7.4,good,109,long movie
2008,Valu,Comedy,7.4,good,123,long movie
2008,Akiresu to kame,"Comedy, Drama",7.4,good,119,long movie
2008,Den radio,Comedy,7.4,good,100,long movie
2009,In the Loop,Comedy,7.4,good,106,long movie
2008,Üç Maymun,Drama,7.4,good,109,long movie
2008,Babo,"Comedy, Romance",7.4,good,99,average length movie
2008,Tin shui wai dik yat yu ye,Drama,7.4,good,90,average length movie
2010,Mistérios de Lisboa,"Drama, Mystery, Romance",7.4,good,272,epic movie
2008,Firaaq,"Drama, History",7.4,good,101,long movie
2010,Kao rani mraz,"Comedy, Drama, History",7.4,good,168,long movie
2008,Zift,"Crime, Drama, Mystery",7.4,good,92,average length movie
2008,Melancholia,Drama,7.4,good,450,epic movie
2009,Kaminey,"Action, Crime, Drama",7.4,good,130,long movie
2008,Ce qu'il faut pour vivre,Drama,7.4,good,102,long movie
2009,Earthwork,Drama,7.4,good,93,average length movie
2010,The Eagle Path,"Action, Crime, Drama",7.4,good,108,long movie
2009,Trailer Park Boys: Countdown to Liquor Day,"Comedy, Crime",7.4,good,102,long movie
2009,Vali,"Action, Crime, Drama",7.4,good,78,average length movie
2009,L'uomo che verrà,"Drama, War",7.4,good,115,long movie
2008,Hayat Var,Drama,7.4,good,121,long movie
2006,Happy Tree Friends,"Animation, Horror",7.4,good,74,average length movie
2010,Once Upon a Time in Mumbaai,"Action, Crime, Drama",7.4,good,134,long movie
2009,Min Dît,Drama,7.4,good,102,long movie
2010,También la lluvia,"Drama, History",7.4,good,103,long movie
2009,Los viajes del viento,"Drama, Music",7.4,good,117,long movie
2008,Tanha do bar zendegi mikonim,Drama,7.4,good,100,long movie
2009,Feng sheng,"Crime, Drama, Thriller",7.4,good,118,long movie
2010,Guzaarish,Drama,7.4,good,126,long movie
2010,The Way,"Comedy, Drama",7.4,good,123,long movie
2009,Le hérisson,Drama,7.4,good,100,long movie
2010,Peepli (Live),"Comedy, Drama",7.4,good,95,average length movie
2010,The Next Three Days,"Action, Crime, Drama",7.4,good,133,long movie
2009,Bhramaram,"Crime, Drama, Thriller",7.4,good,150,long movie
2009,Gabhricha Paus,"Comedy, Drama",7.4,good,95,average length movie
2009,Dom zly,"Crime, Drama, Thriller",7.4,good,105,long movie
2009,Baska Dilde Ask,Drama,7.4,good,98,average length movie
2009,Loudspeaker,Drama,7.4,good,162,long movie
2010,Rang zi dan fei,"Action, Comedy, Western",7.4,good,132,long movie
2009,Kerala Cafe,"Comedy, Drama, Family",7.4,good,140,long movie
2009,Yahsi Bati,"Comedy, Western",7.4,good,112,long movie
2010,Maryada Ramanna,"Action, Comedy",7.4,good,125,long movie
2010,Pohwasogeuro,"Action, Drama, War",7.4,good,120,long movie
2010,Hamoni,Drama,7.4,good,115,long movie
2010,Sui yuet san tau,"Comedy, Drama, Romance",7.4,good,117,long movie
2010,Autograph,Drama,7.4,good,131,long movie
2010,Yongseoneun eupda,"Action, Crime, Thriller",7.4,good,125,long movie
2010,Av Mevsimi,"Crime, Drama, Mystery",7.4,good,140,long movie
2006,Hearty Paws,Family,7.4,good,97,average length movie
2010,Çogunluk,Drama,7.4,good,111,long movie
2010,Eve no jikan,"Animation, Romance, Sci-Fi",7.4,good,106,long movie
2008,Antardwand,Drama,7.4,good,114,long movie
2010,Gang de qin,"Comedy, Drama",7.4,good,119,long movie
2008,Kagbeni,"Drama, Horror",7.4,good,130,long movie
2010,Nandalala,Drama,7.4,good,127,long movie
2010,Gekijouban Bleach: Jigokuhen,"Animation, Action, Adventu",7.4,good,94,average length movie
2009,Alf Mabrouk,"Comedy, Drama, Fantasy",7.4,good,115,long movie
2007,Keda Reda,"Comedy, Drama, Mystery",7.4,good,113,long movie
2009,The Wrestling Road Diaries,Sport,7.4,good,165,long movie
2009,Eddelu Manjunatha,"Comedy, Drama",7.4,good,120,long movie
2010,Cinematic Titanic: The Alien Factor,Comedy,7.4,good,81,average length movie
2010,Cinematic Titanic: Danger on Tiki Island,Comedy,7.4,good,88,average length movie
2005,Corpse Bride,"Animation, Drama, Family",7.3,good,77,average length movie
2008,Berlin Calling,"Comedy, Drama, Music",7.3,good,100,long movie
2007,Before the Devil Knows You're Dead,"Crime, Drama, Thriller",7.3,good,117,long movie
2005,Manderlay,Drama,7.3,good,139,long movie
2006,La science des rêves,"Comedy, Drama, Fantasy",7.3,good,105,long movie
2005,The Squid and the Whale,"Comedy, Drama",7.3,good,81,average length movie
2005,Capote,"Biography, Crime, Drama",7.3,good,114,long movie
2006,Pirates of the Caribbean: Dead Man's Chest,"Action, Adventure, Fantasy",7.3,good,151,long movie
2005,Caché,"Drama, Mystery, Thriller",7.3,good,117,long movie
2005,Brick,"Action, Crime, Drama",7.3,good,110,long movie
2005,Coach Carter,"Biography, Drama, Sport",7.3,good,136,long movie
2005,North Country,Drama,7.3,good,126,long movie
2006,Eight Below,"Adventure, Drama, Family",7.3,good,120,long movie
2006,"Paris, je t'aime","Comedy, Drama, Romance",7.3,good,120,long movie
2005,"The Prize Winner of Defiance, Ohio","Biography, Drama",7.3,good,99,average length movie
2005,Sílení,"Animation, Comedy, Drama",7.3,good,118,long movie
2005,Príbehy obycejného sílenství,"Comedy, Drama",7.3,good,100,long movie
2007,Sweeney Todd: The Demon Barber of Fleet Street,"Drama, Horror, Musical",7.3,good,116,long movie
2005,Hustle & Flow,"Crime, Drama, Music",7.3,good,116,long movie
2005,Resurrection: The J.R. Richard Story,Drama,7.3,good,120,long movie
2005,De battre mon coeur s'est arrêté,"Crime, Drama, Music",7.3,good,108,long movie
2005,Me and You and Everyone We Know,"Comedy, Drama",7.3,good,91,average length movie
2008,The Secret Life of Bees,Drama,7.3,good,114,long movie
2005,My Brother... Nikhil,"Drama, Sport",7.3,good,120,long movie
2007,Music Within,"Biography, Comedy, Drama",7.3,good,94,average length movie
2006,Clerks II,Comedy,7.3,good,97,average length movie
2006,Candy,"Drama, Romance",7.3,good,116,long movie
2006,Drømmen,"Drama, Family",7.3,good,109,long movie
2005,Pusher III,"Crime, Drama, Thriller",7.3,good,90,average length movie
2006,The Queen,"Biography, Drama, History",7.3,good,103,long movie
2005,Qian li zou dan qi,Drama,7.3,good,107,long movie
2006,Akeelah and the Bee,"Drama, Family",7.3,good,112,long movie
2006,Peaceful Warrior,"Drama, Romance, Sport",7.3,good,120,long movie
2006,Azur et Asmar,"Animation, Adventure, Fami",7.3,good,99,average length movie
2005,Solntse,"Drama, History",7.3,good,110,long movie
2006,Borat: Cultural Learnings of America for Make Benef,Comedy,7.3,good,84,average length movie
2006,Brand Upon the Brain! A Remembrance in 12 Chapters,"Comedy, Drama, Fantasy",7.3,good,95,average length movie
2005,Page 3,Drama,7.3,good,139,long movie
2006,Salvador (Puig Antich),"Biography, Drama, History",7.3,good,134,long movie
2007,Across the Universe,"Drama, Fantasy, History",7.3,good,133,long movie
2005,Jumeogi unda,"Action, Drama, Sport",7.3,good,134,long movie
2007,"Gandhi, My Father","Biography, Drama, History",7.3,good,136,long movie
2006,Rescue Dawn,"Action, Adventure, Biograp",7.3,good,120,long movie
2007,The Simpsons Movie,"Animation, Adventure, Come",7.3,good,87,average length movie
2006,Un dimanche à Kigali,Drama,7.3,good,118,long movie
2008,The Express,"Biography, Drama, Sport",7.3,good,130,long movie
2006,Dosar,Drama,7.3,good,127,long movie
2005,Saedeu mubi,"Comedy, Drama, Romance",7.3,good,108,long movie
2006,Ha-Buah,"Comedy, Drama, Romance",7.3,good,90,average length movie
2006,Wristcutters: A Love Story,"Comedy, Drama, Fantasy",7.3,good,88,average length movie
2005,Café Transit,"Drama, Romance",7.3,good,107,long movie
2005,Jestem,Drama,7.3,good,93,average length movie
2006,The Ultimate Gift,"Drama, Family, Romance",7.3,good,114,long movie
2007,El baño del Papa,"Comedy, Drama",7.3,good,90,average length movie
2005,"Main, Meri Patni... Aur Woh!","Comedy, Drama, Romance",7.3,good,129,long movie
2005,Hanuman,Animation,7.3,good,89,average length movie
2006,Hakase no aishita sûshiki,"Drama, Family, Romance",7.3,good,117,long movie
2008,Emilio,"Adventure, Drama, Mystery",7.3,good,102,long movie
2006,Offside,"Comedy, Drama, Sport",7.3,good,93,average length movie
2006,Baekmanjangja-ui cheot-sarang,"Comedy, Drama, Romance",7.3,good,116,long movie
2005,Wo men lia,Drama,7.3,good,88,average length movie
2007,Mr. Brooks,"Crime, Drama, Thriller",7.3,good,120,long movie
2008,Jerusalema,"Action, Crime, Drama",7.3,good,119,long movie
2007,Elvis and Anabelle,"Drama, Romance",7.3,good,106,long movie
2006,Wszyscy jestesmy Chrystusami,Drama,7.3,good,107,long movie
2006,Fong juk,"Action, Crime, Thriller",7.3,good,110,long movie
2007,La misma luna,"Adventure, Drama",7.3,good,106,long movie
2007,Talk to Me,"Biography, Drama, History",7.3,good,118,long movie
2007,An American Crime,"Biography, Crime, Drama",7.3,good,98,average length movie
2006,Niji no megami,"Drama, Romance",7.3,good,118,long movie
2007,Lars and the Real Girl,"Comedy, Drama, Romance",7.3,good,106,long movie
2006,Den brysomme mannen,"Comedy, Drama, Fantasy",7.3,good,95,average length movie
2007,Vratné lahve,"Comedy, Drama",7.3,good,104,long movie
2007,Nocturna,"Animation, Adventure, Fami",7.3,good,80,average length movie
2006,Taiyô no uta,"Drama, Music, Romance",7.3,good,119,long movie
2007,Arranged,"Comedy, Drama, Romance",7.3,good,90,average length movie
2006,Bes Vakit,Drama,7.3,good,111,long movie
2006,San xia hao ren,Drama,7.3,good,111,long movie
2008,The Black Balloon,"Drama, Romance",7.3,good,97,average length movie
2006,Börn,Drama,7.3,good,93,average length movie
2007,99 francs,"Comedy, Drama",7.3,good,100,long movie
2007,Ji jie hao,"Action, Biography, Drama",7.3,good,124,long movie
2006,Gafla,Drama,7.3,good,127,long movie
2008,Joheunnom nabbeunnom isanghannom,"Action, Adventure, Western",7.3,good,139,long movie
2008,Flammen & Citronen,"Action, Drama, History",7.3,good,130,long movie
2006,Geuhae yeoreum,"Drama, Romance",7.3,good,121,long movie
2006,Haebaragi,"Action, Drama",7.3,good,116,long movie
2007,Okkadunnadu,"Action, Thriller",7.3,good,119,long movie
2007,Yamadonga,"Action, Comedy, Fantasy",7.3,good,185,epic movie
2008,Loft,"Crime, Drama, Mystery",7.3,good,118,long movie
2009,Precious,Drama,7.3,good,110,long movie
2007,Cetvrti covek,"Action, Adventure, Mystery",7.3,good,107,long movie
2008,Revolutionary Road,"Drama, Romance",7.3,good,119,long movie
2009,The Young Victoria,"Biography, Drama, History",7.3,good,105,long movie
2008,Kisses,Drama,7.3,good,72,average length movie
2007,Chop Shop,Drama,7.3,good,84,average length movie
2007,Bluff,Comedy,7.3,good,88,average length movie
2007,Ek Chalis Ki Last Local,"Adventure, Comedy, Crime",7.3,good,143,long movie
2007,Rusalka,"Comedy, Drama, Fantasy",7.3,good,115,long movie
2007,Tennen kokekkô,Drama,7.3,good,121,long movie
2010,Copie conforme,"Drama, Romance",7.3,good,106,long movie
2010,The Way Back,"Adventure, Drama, History",7.3,good,133,long movie
2008,Il divo - La spettacolare vita di Giulio Andreotti,"Biography, Drama",7.3,good,110,long movie
2008,Max Manus,"Action, Biography, Drama",7.3,good,118,long movie
2008,RocknRolla,"Action, Crime, Thriller",7.3,good,114,long movie
2005,Catatan Akhir Sekolah,Comedy,7.3,good,109,long movie
2009,Invictus,"Biography, Drama, History",7.3,good,134,long movie
2005,Pak Pak Pakaak,"Adventure, Comedy, Drama",7.3,good,138,long movie
2009,Mao's Last Dancer,"Biography, Drama, Music",7.3,good,117,long movie
2008,Za majikku awâ,Comedy,7.3,good,136,long movie
2009,Ajami,"Crime, Drama",7.3,good,124,long movie
2007,Aha!,"Drama, Romance",7.3,good,128,long movie
2007,Buda as sharm foru rikht,"Drama, War",7.3,good,81,average length movie
2008,Goodbye Solo,Drama,7.3,good,91,average length movie
2008,Shaurya: It Takes Courage to Make Right... Right,"Crime, Drama, Thriller",7.3,good,149,long movie
2008,Speed & Angels,Drama,7.3,good,95,average length movie
2010,Mission London,Comedy,7.3,good,107,long movie
2008,Kaméleon,"Comedy, Drama, Thriller",7.3,good,108,long movie
2007,Kalloori,Drama,7.3,good,140,long movie
2008,120,"Drama, History, War",7.3,good,114,long movie
2008,Ghajini,"Action, Drama, Mystery",7.3,good,183,epic movie
2009,An Education,Drama,7.3,good,100,long movie
2009,La Nana,"Comedy, Drama",7.3,good,95,average length movie
2009,Enter the Void,"Drama, Fantasy",7.3,good,161,long movie
2008,Jalsa,"Action, Comedy",7.3,good,161,long movie
2008,Lost Islands,"Comedy, Drama",7.3,good,103,long movie
2009,Entre nos,Drama,7.3,good,80,average length movie
2007,Lichun,"Drama, Music",7.3,good,94,average length movie
2007,Anasuya,"Crime, Mystery, Thriller",7.3,good,139,long movie
2010,Hwanghae,"Action, Crime, Drama",7.3,good,157,long movie
2009,Fish Tank,Drama,7.3,good,123,long movie
2009,Kurôzu zero II,Action,7.3,good,133,long movie
2008,Niciji sin,Drama,7.3,good,100,long movie
2008,Fiksi.,Thriller,7.3,good,90,average length movie
2009,Soul Kitchen,"Comedy, Drama",7.3,good,99,average length movie
2008,A.R.O.G,"Comedy, Fantasy, Sci-Fi",7.3,good,127,long movie
2008,Ein Augenblick Freiheit,Drama,7.3,good,110,long movie
2010,In the Drink,"Comedy, Drama, Fantasy",7.3,good,74,average length movie
2010,Animal Kingdom,"Crime, Drama",7.3,good,113,long movie
2009,Strella,Drama,7.3,good,111,long movie
2008,Gekijô ban Bleach: Fade to Black - Kimi no na o yob,"Animation, Action, Drama",7.3,good,94,average length movie
2010,Köntörfalak,"Drama, Romance",7.3,good,81,average length movie
2010,Four Lions,"Comedy, Crime, Drama",7.3,good,97,average length movie
2009,Luftslottet som sprängdes,"Crime, Drama, Thriller",7.3,good,147,long movie
2010,Ishqiya,"Comedy, Drama, Romance",7.3,good,118,long movie
2010,Prezít svuj zivot (teorie a praxe),"Animation, Comedy, Fantasy",7.3,good,109,long movie
2009,Ayan,Action,7.3,good,162,long movie
2009,Arundhati,"Horror, Mystery, Thriller",7.3,good,131,long movie
2008,Bahoz,Drama,7.3,good,156,long movie
2009,Postia pappi Jaakobille,Drama,7.3,good,74,average length movie
2009,99,"Comedy, Crime, Drama",7.3,good,135,long movie
2009,Kynodontas,"Drama, Thriller",7.3,good,97,average length movie
2008,Santhosh Subramaniyam,"Comedy, Family, Romance",7.3,good,177,long movie
2009,Well Done Abba!,Comedy,7.3,good,144,long movie
2010,Mine vaganti,"Comedy, Drama, Romance",7.3,good,110,long movie
2009,Syn Babilonu,Drama,7.3,good,100,long movie
2010,Cirkus Columbia,"Comedy, Drama, Romance",7.3,good,113,long movie
2010,Barney's Version,"Comedy, Drama",7.3,good,134,long movie
2009,Einayim Petukhoth,"Drama, Romance",7.3,good,91,average length movie
2010,Another Year,"Comedy, Drama",7.3,good,129,long movie
2009,Passenger,"Drama, Thriller",7.3,good,118,long movie
2010,Submarine,"Comedy, Drama, Romance",7.3,good,97,average length movie
2009,Bu neng mei you ni,Drama,7.3,good,93,average length movie
2009,Abohomaan,Drama,7.3,good,122,long movie
2010,Trap,"Action, Crime, Thriller",7.3,good,89,average length movie
2009,Lola,Drama,7.3,good,110,long movie
2009,"Viajo Porque Preciso, Volto Porque te Amo",Drama,7.3,good,75,average length movie
2009,Vihir,Drama,7.3,good,120,long movie
2009,Duburys,Drama,7.3,good,140,long movie
2009,Arya 2,"Action, Comedy",7.3,good,155,long movie
2010,Veda,"Biography, Drama, History",7.3,good,114,long movie
2010,Hermano,"Drama, Family, Sport",7.3,good,97,average length movie
2010,Kuky se vrací,"Comedy, Family, Fantasy",7.3,good,95,average length movie
2010,Kim Bok-nam salinsageonui jeonmal,"Drama, Horror, Thriller",7.3,good,115,long movie
2010,Darling,"Comedy, Drama, Romance",7.3,good,151,long movie
2010,T.D. Dasan Std: VI. B,"Drama, Family",7.3,good,98,average length movie
2009,Welad el-Amm,"Action, Drama, Thriller",7.3,good,119,long movie
2010,Once I Was,Drama,7.3,good,112,long movie
2010,Chin-jeong-eom-ma,Drama,7.3,good,107,long movie
2010,Alangkah Lucunya (Negeri Ini),Comedy,7.3,good,104,long movie
2010,Rassayel el bahr,"Drama, Romance",7.3,good,133,long movie
2010,Buna! Ce faci?,"Comedy, Romance",7.3,good,105,long movie
2010,Microphone,"Comedy, Drama, Music",7.3,good,120,long movie
2008,Ashta Chamma,Comedy,7.3,good,126,long movie
2010,Byomkesh Bakshi,"Drama, Mystery, Thriller",7.3,good,136,long movie
2010,Omae umasoudana,Animation,7.3,good,89,average length movie
2010,Dong feng po,Drama,7.3,good,126,long movie
2010,Mynaa,"Action, Romance",7.3,good,144,long movie
2010,La Tarago Wa La Esteslam,"Action, Comedy",7.3,good,95,average length movie
2009,Vennila Kabadi Kuzhu,"Drama, Sport",7.3,good,145,long movie
2005,The Angrez,Comedy,7.3,good,110,long movie
2010,Thamizh Padam,Comedy,7.3,good,160,long movie
2006,My Autograph,"Drama, Musical, Romance",7.3,good,185,epic movie
2008,The Bank Job,"Crime, Thriller",7.2,good,111,long movie
2005,Kingdom of Heaven,"Action, Adventure, Drama",7.2,good,144,long movie
2005,King Kong,"Action, Adventure, Drama",7.2,good,187,epic movie
2005,Duma,"Adventure, Drama, Family",7.2,good,100,long movie
2005,Fainaru fantajî sebun adobento chirudoren,"Animation, Action, Adventu",7.2,good,101,long movie
2006,Glory Road,"Biography, Drama, Sport",7.2,good,118,long movie
2005,Xiang ri kui,"Drama, Romance",7.2,good,129,long movie
2005,Ivkova slava,Comedy,7.2,good,110,long movie
2005,Barfuss,"Comedy, Drama, Romance",7.2,good,118,long movie
2005,Voksne mennesker,"Comedy, Drama, Romance",7.2,good,109,long movie
2005,Mi Mejor Enemigo,"Comedy, Drama",7.2,good,100,long movie
2005,Breakfast on Pluto,"Comedy, Drama",7.2,good,128,long movie
2005,Broken Flowers,"Comedy, Drama, Mystery",7.2,good,106,long movie
2005,Being Cyrus,"Drama, Thriller",7.2,good,90,average length movie
2006,The Fountain,"Drama, Mystery, Romance",7.2,good,97,average length movie
2007,Mongol,"Action, Biography, Drama",7.2,good,126,long movie
2005,Romanzo criminale,"Crime, Drama",7.2,good,152,long movie
2005,El aura,"Crime, Drama, Thriller",7.2,good,134,long movie
2005,Zhmurki,"Comedy, Crime, Thriller",7.2,good,111,long movie
2006,Emmas Glück,"Drama, Romance",7.2,good,99,average length movie
2006,Trailer Park Boys: The Movie,"Comedy, Crime",7.2,good,95,average length movie
2005,El método,Drama,7.2,good,115,long movie
2005,The Descent,"Adventure, Horror, Thrille",7.2,good,99,average length movie
2005,Je ne suis pas là pour être aimé,"Drama, Romance",7.2,good,93,average length movie
2005,Parineeta,"Drama, Musical, Romance",7.2,good,130,long movie
2006,Fanaa,"Drama, Romance",7.2,good,168,long movie
2005,Malev,"Action, Comedy",7.2,good,109,long movie
2006,Leiutajateküla Lotte,"Animation, Comedy, Family",7.2,good,81,average length movie
2007,Sunshine,"Sci-Fi, Thriller",7.2,good,107,long movie
2005,Moussaka & Chips,Adventure,7.2,good,90,average length movie
2008,Im Winter ein Jahr,Drama,7.2,good,129,long movie
2007,The Home Song Stories,Drama,7.2,good,103,long movie
2006,Azuloscurocasinegro,Drama,7.2,good,105,long movie
2005,Hwal,"Drama, Romance",7.2,good,90,average length movie
2005,Quanto Vale Ou É Por Quilo?,Drama,7.2,good,110,long movie
2006,Cashback,"Comedy, Drama, Romance",7.2,good,102,long movie
2005,Kûchû teien,Drama,7.2,good,114,long movie
2005,Cherm,"Crime, Drama, Romance",7.2,good,100,long movie
2006,Don,"Action, Crime, Thriller",7.2,good,171,long movie
2006,Grbavica,Drama,7.2,good,90,average length movie
2007,Michael Clayton,"Crime, Drama, Mystery",7.2,good,119,long movie
2005,Pyl,"Comedy, Drama, Sci-Fi",7.2,good,107,long movie
2005,Arindhum Ariyamalum,"Comedy, Crime, Drama",7.2,good,132,long movie
2006,Half Nelson,Drama,7.2,good,106,long movie
2005,Tsotsi,"Crime, Drama",7.2,good,94,average length movie
2007,Things We Lost in the Fire,Drama,7.2,good,118,long movie
2005,Dva igraca s klupe,Comedy,7.2,good,112,long movie
2005,Jazireh ahani,Drama,7.2,good,90,average length movie
2007,Satanás,"Crime, Drama",7.2,good,95,average length movie
2006,Taxi No. 9 2 11: Nau Do Gyarah,"Comedy, Drama, Thriller",7.2,good,116,long movie
2005,The Call of Cthulhu,"Fantasy, Horror, Mystery",7.2,good,47,short movie
2006,Crónica de una fuga,"Crime, Thriller",7.2,good,103,long movie
2006,Sinovci,Drama,7.2,good,145,long movie
2007,I Am Legend,"Drama, Sci-Fi, Thriller",7.2,good,101,long movie
2007,Los cronocrímenes,"Horror, Mystery, Sci-Fi",7.2,good,92,average length movie
2006,Bella,"Drama, Romance",7.2,good,91,average length movie
2006,Keerthi Chakra,"Action, Drama, War",7.2,good,130,long movie
2007,Fracture,"Crime, Drama, Thriller",7.2,good,113,long movie
2005,Parang-juuibo,"Drama, Romance",7.2,good,95,average length movie
2009,My Suicide,"Comedy, Drama",7.2,good,107,long movie
2006,Shi gan,"Drama, Mystery, Romance",7.2,good,97,average length movie
2006,Iklimler,"Drama, Romance",7.2,good,98,average length movie
2005,Samâ taimu mashin burûsu,"Comedy, Sci-Fi",7.2,good,107,long movie
2006,Adama Meshuga'at,Drama,7.2,good,90,average length movie
2007,Where God Left His Shoes,Drama,7.2,good,96,average length movie
2007,Irina Palm,Drama,7.2,good,103,long movie
2006,Hura gâru,"Comedy, Drama",7.2,good,121,long movie
2007,Tai yang zhao chang sheng qi,"Drama, Fantasy",7.2,good,116,long movie
2007,Molière,"Biography, Comedy",7.2,good,120,long movie
2006,Cum mi-am petrecut sfârsitul lumii,Drama,7.2,good,106,long movie
2008,Linha de Passe,"Drama, Sport",7.2,good,113,long movie
2007,Blind,"Drama, Romance",7.2,good,98,average length movie
2005,Kanda Naal Mudhal,"Comedy, Romance",7.2,good,129,long movie
2006,Yureru,"Crime, Drama",7.2,good,120,long movie
2006,Death Note: The Last Name,"Adventure, Crime, Drama",7.2,good,141,long movie
2007,The Hammer,"Comedy, Romance, Sport",7.2,good,88,average length movie
2006,Izobrazhaya zhertvu,Comedy,7.2,good,95,average length movie
2006,Kenny,Comedy,7.2,good,99,average length movie
2007,Shooter,"Action, Drama, Thriller",7.2,good,124,long movie
2007,Sügisball,Drama,7.2,good,123,long movie
2008,L'heure d'été,"Drama, Family",7.2,good,103,long movie
2007,The Darjeeling Limited,"Adventure, Comedy, Drama",7.2,good,91,average length movie
2008,Forever Strong,"Drama, Sport",7.2,good,112,long movie
2007,Moon to,"Crime, Drama, Thriller",7.2,good,106,long movie
2007,Stellet Licht,"Drama, Romance",7.2,good,145,long movie
2007,Dhamaal,"Action, Adventure, Comedy",7.2,good,136,long movie
2006,Niwemang,"Comedy, Drama, Music",7.2,good,108,long movie
2006,Yeui-eomneun geotdeul,"Action, Comedy, Crime",7.2,good,113,long movie
2007,Cidade dos Homens,"Crime, Drama",7.2,good,106,long movie
2006,Ghosts,"Adventure, Drama",7.2,good,96,average length movie
2006,Street Thief,"Crime, Thriller",7.2,good,86,average length movie
2006,Tajja,"Comedy, Crime",7.2,good,139,long movie
2006,Sheng xia guang nian,"Drama, Romance",7.2,good,95,average length movie
2006,Si le vent soulève les sables,Drama,7.2,good,96,average length movie
2008,Che: Part One,"Biography, Drama, History",7.2,good,134,long movie
2006,Beynelmilel,"Comedy, Drama, Music",7.2,good,105,long movie
2009,The Road,Drama,7.2,good,111,long movie
2007,"Saneamento Básico, O Filme",Comedy,7.2,good,112,long movie
2007,"Funuke domo, kanashimi no ai wo misero",Drama,7.2,good,112,long movie
2009,Los abrazos rotos,"Drama, Romance, Thriller",7.2,good,127,long movie
2007,Billa,"Action, Thriller",7.2,good,130,long movie
2008,Schimb valutar,Drama,7.2,good,98,average length movie
2008,Aanrijding in Moscou,"Comedy, Drama, Romance",7.2,good,102,long movie
2006,Tuya de hun shi,"Drama, Romance",7.2,good,86,average length movie
2007,Shotgun Stories,"Drama, Thriller",7.2,good,92,average length movie
2007,San taam,"Action, Crime, Mystery",7.2,good,89,average length movie
2007,Tamnaan somdet phra Naresuan maharat: Phaak prakaat,"Action, Drama, History",7.2,good,165,long movie
2007,In Search of a Midnight Kiss,"Comedy, Romance",7.2,good,90,average length movie
2008,Sugar,"Drama, Sport",7.2,good,114,long movie
2008,Em,Drama,7.2,good,93,average length movie
2007,Bhool Bhulaiyaa,"Comedy, Horror, Mystery",7.2,good,159,long movie
2007,No Smoking,"Drama, Mystery, Thriller",7.2,good,128,long movie
2008,Turneja,"Action, Adventure, Comedy",7.2,good,102,long movie
2009,An Englishman in New York,Drama,7.2,good,75,average length movie
2007,Ticalosii,Drama,7.2,good,87,average length movie
2010,Megamind,"Animation, Action, Comedy",7.2,good,95,average length movie
2007,Captain Abu Raed,Drama,7.2,good,102,long movie
2005,One piece: Omatsuri danshaku to himitsu no shima,"Animation, Action, Adventu",7.2,good,88,average length movie
2007,Awarapan,"Action, Drama, Romance",7.2,good,126,long movie
2007,Kærlighed på film,"Crime, Drama, Thriller",7.2,good,100,long movie
2010,Secretariat,"Biography, Drama, Family",7.2,good,123,long movie
2008,Defiance,"Action, Drama, History",7.2,good,137,long movie
2008,Sof Shavua B'Tel Aviv,Drama,7.2,good,100,long movie
2010,As Melhores Coisas do Mundo,"Comedy, Drama",7.2,good,100,long movie
2008,Nothing But the Truth,"Crime, Drama, Mystery",7.2,good,108,long movie
2008,Hyakuman-en to nigamushi onna,Drama,7.2,good,121,long movie
2008,Meu Nome Não é Johnny,"Biography, Crime, Drama",7.2,good,124,long movie
2006,Bleach: Memories of Nobody,"Animation, Action, Adventu",7.2,good,87,average length movie
2009,Mother and Child,"Drama, Romance",7.2,good,125,long movie
2009,John Rabe,"Biography, Drama, History",7.2,good,134,long movie
2008,Dean Spanley,"Comedy, Drama",7.2,good,100,long movie
2010,The Ghost Writer,"Drama, Mystery, Thriller",7.2,good,128,long movie
2008,Cinco días sin Nora,"Comedy, Drama",7.2,good,92,average length movie
2007,Gekijô ban Bleach: The DiamondDust Rebellion - Mô h,"Animation, Action, Thrille",7.2,good,92,average length movie
2009,Micmacs à tire-larigot,"Action, Comedy, Crime",7.2,good,105,long movie
2008,Ssang-hwa-jeom,"Drama, History, Romance",7.2,good,133,long movie
2008,Ready,"Action, Comedy",7.2,good,165,long movie
2008,La Bohème,"Music, Romance",7.2,good,115,long movie
2007,Evano Oruvan,"Drama, Thriller",7.2,good,115,long movie
2008,Stella,Drama,7.2,good,103,long movie
2008,Rab Ne Bana Di Jodi,"Comedy, Drama, Music",7.2,good,167,long movie
2009,Adam,"Comedy, Drama, Romance",7.2,good,99,average length movie
2008,Morfiy,Drama,7.2,good,110,long movie
2009,Agora,"Adventure, Biography, Dram",7.2,good,127,long movie
2009,Punching the Clown,Comedy,7.2,good,91,average length movie
2009,Polytechnique,"Crime, Drama, History",7.2,good,77,average length movie
2008,Ikigami,Drama,7.2,good,133,long movie
2009,Len Bias,Biography,7.2,good,96,average length movie
2009,Flickan som lekte med elden,"Crime, Drama, Mystery",7.2,good,129,long movie
2008,Gekijô ban Kara no kyôkai: Dai yon shô - Garan no d,"Animation, Action, Crime",7.2,good,46,short movie
2010,Chico & Rita,"Animation, Crime, Drama",7.2,good,94,average length movie
2009,Looking for Eric,"Comedy, Drama, Fantasy",7.2,good,116,long movie
2010,Conviction,"Biography, Crime, Drama",7.2,good,107,long movie
2009,Püha Tõnu kiusamine,"Drama, Fantasy, Mystery",7.2,good,114,long movie
2009,Crazy Heart,"Drama, Music, Romance",7.2,good,112,long movie
2009,Fortapàsc,"Biography, Crime, Drama",7.2,good,108,long movie
2010,Sound of Noise,"Comedy, Crime, Music",7.2,good,102,long movie
2008,Pandora'nin kutusu,Drama,7.2,good,112,long movie
2009,1981,"Comedy, Drama, Family",7.2,good,102,long movie
2008,Sell Out!,Musical,7.2,good,106,long movie
2008,Jiu jiang feng,Drama,7.2,good,107,long movie
2009,Harry Brown,"Action, Crime, Drama",7.2,good,103,long movie
2009,"Yo, también",Drama,7.2,good,103,long movie
2009,Nodame Kantâbire: Saishuu-gakushou - Zenpen,"Comedy, Drama, Music",7.2,good,122,long movie
2010,Nodame Kantâbire: Saishuu-gakushou - Kouhen,"Comedy, Drama, Music",7.2,good,123,long movie
2009,Ander,"Drama, Romance",7.2,good,128,long movie
2009,Stingray Sam,"Comedy, Musical, Sci-Fi",7.2,good,61,average length movie
2008,Kwa-sok-seu-kaen-deul,"Comedy, Drama, Music",7.2,good,108,long movie
2010,Made in Dagenham,"Biography, Comedy, Drama",7.2,good,113,long movie
2009,Kosmos,"Drama, Fantasy",7.2,good,122,long movie
2009,13B: Fear Has a New Address,"Drama, Horror, Mystery",7.2,good,138,long movie
2008,Yaaradi Nee Mohini,"Drama, Romance",7.2,good,174,long movie
2010,"Renn, wenn du kannst",Drama,7.2,good,112,long movie
2008,Chalo Let's Go,"Adventure, Comedy, Drama",7.2,good,142,long movie
2010,Winter's Bone,"Drama, Mystery",7.2,good,100,long movie
2009,Boku no hatsukoi wo kimi ni sasagu,"Drama, Romance",7.2,good,122,long movie
2009,11'e 10 kala,Drama,7.2,good,110,long movie
2010,Raiâ gêmu: Za fainaru sutêji,"Drama, Thriller",7.2,good,133,long movie
2009,Iztochni piesi,Drama,7.2,good,83,average length movie
2009,Kasi az gorbehaye irani khabar nadareh,"Drama, Music",7.2,good,106,long movie
2007,Pokkiri,"Action, Thriller",7.2,good,161,long movie
2010,La tête en friche,"Comedy, Drama",7.2,good,82,average length movie
2010,As If I Am Not There,Drama,7.2,good,109,long movie
2009,Anita,Drama,7.2,good,104,long movie
2009,Ibrahim Labyad,"Action, Drama",7.2,good,134,long movie
2010,Adem,Drama,7.2,good,98,average length movie
2009,Gekijô-ban Naruto Shippûden: Hi no ishi wo tsugu mo,"Animation, Action, Fantasy",7.2,good,95,average length movie
2009,Parêdo,Drama,7.2,good,118,long movie
2009,Korkoro,"Drama, War",7.2,good,111,long movie
2009,Dou niu,Drama,7.2,good,105,long movie
2009,Cin(T)a,"Drama, Romance",7.2,good,79,average length movie
2010,Tilva Ros,"Drama, Romance",7.2,good,99,average length movie
2009,Ritu,"Drama, Family",7.2,good,138,long movie
2010,The Penitent Man,"Drama, Sci-Fi",7.2,good,92,average length movie
2010,Beginners,"Comedy, Drama, Romance",7.2,good,105,long movie
2009,Paa,"Comedy, Drama",7.2,good,133,long movie
2009,Bjarnfreðarson,Comedy,7.2,good,109,long movie
2010,Akunin,"Crime, Drama, Romance",7.2,good,139,long movie
2010,Saigo no Chûshingura,Drama,7.2,good,133,long movie
2010,Bal,Drama,7.2,good,103,long movie
2010,Des hommes et des dieux,"Drama, History",7.2,good,122,long movie
2010,Majki,Drama,7.2,good,123,long movie
2009,Ividam Swargamanu,Drama,7.2,good,150,long movie
2010,Chi Ming yi Chun Kiu,"Comedy, Drama, Romance",7.2,good,104,long movie
2010,Boss Engira Baskaran,Comedy,7.2,good,161,long movie
2010,Hisshiken torisashi,"Action, History",7.2,good,114,long movie
2010,Band Baaja Baaraat,"Comedy, Drama, Romance",7.2,good,139,long movie
2009,Rot fai faa... Maha na ter,"Comedy, Romance",7.2,good,126,long movie
2010,Tere Bin Laden,"Comedy, Drama",7.2,good,95,average length movie
2010,Le nom des gens,"Comedy, Drama, Romance",7.2,good,100,long movie
2010,Le quattro volte,Drama,7.2,good,88,average length movie
2010,Bentein men misr,Drama,7.2,good,125,long movie
2010,Die unabsichtliche Entführung der Frau Elfriede Ott,Comedy,7.2,good,113,long movie
2010,Klovn: The Movie,Comedy,7.2,good,93,average length movie
2010,Chiz-haie hast keh nemidani,Drama,7.2,good,92,average length movie
2010,Zhit,"Action, Crime, Drama",7.2,good,74,average length movie
2010,Y'en aura pas de facile,Comedy,7.2,good,94,average length movie
2010,Khichdi: The Movie,"Comedy, Family",7.2,good,120,long movie
2010,Cocktail,"Drama, Musical, Thriller",7.2,good,111,long movie
2010,Dang ai lai de shi hou,Drama,7.2,good,108,long movie
2010,Jaago,"Drama, Sport",7.2,good,151,long movie
2010,Shor in the City,"Crime, Drama",7.2,good,112,long movie
2010,Andari Bandhuvaya,Drama,7.2,good,134,long movie
2010,Samir wa Shahir wa Bahir,"Comedy, Drama, Fantasy",7.2,good,92,average length movie
2010,Une bouteille à la mer,Drama,7.2,good,100,long movie
2007,Arasu,Drama,7.2,good,152,long movie
2010,Pancharangi,Drama,7.2,good,123,long movie
2005,Heaven's Neighbors,Drama,7.1,good,115,long movie
2006,Cars,"Animation, Comedy, Family",7.1,good,117,long movie
2007,Live Free or Die Hard,"Action, Thriller",7.1,good,128,long movie
2005,Lords of Dogtown,"Biography, Drama, Sport",7.1,good,107,long movie
2005,Le promeneur du Champ de Mars,"Biography, Drama",7.1,good,116,long movie
2005,Neo Ned,"Drama, Romance",7.1,good,97,average length movie
2005,The Jacket,"Drama, Fantasy, Mystery",7.1,good,103,long movie
2007,Bridge to Terabithia,"Drama, Family, Fantasy",7.1,good,96,average length movie
2006,A Scanner Darkly,"Animation, Crime, Drama",7.1,good,100,long movie
2005,The 40 Year Old Virgin,"Comedy, Romance",7.1,good,116,long movie
2005,Loggerheads,Drama,7.1,good,95,average length movie
2005,Stestí,Drama,7.1,good,102,long movie
2005,Skrítek,Comedy,7.1,good,90,average length movie
2007,A londoni férfi,"Crime, Drama, Mystery",7.1,good,139,long movie
2007,Becoming Jane,"Biography, Drama, Romance",7.1,good,120,long movie
2005,Le temps qui reste,Drama,7.1,good,81,average length movie
2005,9 rota,"Action, Drama, History",7.1,good,139,long movie
2006,Flags of Our Fathers,"Action, Adventure, Drama",7.1,good,135,long movie
2005,La tigre e la neve,"Comedy, Drama, Romance",7.1,good,114,long movie
2006,Believe in Me,"Drama, Sport",7.1,good,131,long movie
2005,Viruddh... Family Comes First,"Drama, Family",7.1,good,132,long movie
2005,Hard Candy,"Drama, Thriller",7.1,good,104,long movie
2005,La suerte está echada,Comedy,7.1,good,97,average length movie
2005,Familia,Drama,7.1,good,102,long movie
2005,Tom yum goong,"Action, Crime, Drama",7.1,good,111,long movie
2005,Sweet Land,"Drama, Romance",7.1,good,110,long movie
2006,Journey from the Fall,Drama,7.1,good,135,long movie
2005,Hak se wui,"Crime, Drama, Thriller",7.1,good,101,long movie
2005,Kinky Boots,"Comedy, Drama, Music",7.1,good,107,long movie
2005,O dve slabiky pozadu,"Romance, Drama",7.1,good,90,average length movie
2008,Tulpan,"Comedy, Drama",7.1,good,100,long movie
2005,Horloge biologique,Comedy,7.1,good,100,long movie
2007,Goodbye Bafana,"Biography, Drama, History",7.1,good,118,long movie
2005,Habana Blues,"Drama, Music",7.1,good,115,long movie
2006,Varalaaru,"Action, Drama, Musical",7.1,good,166,long movie
2006,Invincible,"Biography, Drama, Sport",7.1,good,105,long movie
2005,Kamataki,"Drama, Romance",7.1,good,110,long movie
2005,Alla luce del sole,"Crime, Drama",7.1,good,89,average length movie
2007,Pirates of the Caribbean: At World's End,"Action, Adventure, Fantasy",7.1,good,169,long movie
2005,15 Park Avenue,Drama,7.1,good,116,long movie
2005,Statskiy sovetnik,"Drama, Crime",7.1,good,191,epic movie
2006,Komm näher,"Comedy, Drama, Romance",7.1,good,97,average length movie
2007,Lucky Miles,"Adventure, Comedy, Drama",7.1,good,105,long movie
2009,The Time Traveler's Wife,"Drama, Fantasy, Romance",7.1,good,107,long movie
2006,Les fragments d'Antonin,"Drama, War",7.1,good,90,average length movie
2005,Antarmahal: Views of the Inner Chamber,Drama,7.1,good,118,long movie
2005,Semishigure,"Drama, Romance",7.1,good,131,long movie
2006,La noche de los girasoles,"Crime, Drama, Thriller",7.1,good,123,long movie
2005,Nishijapon,Drama,7.1,good,140,long movie
2005,Ullam Ketkumae,Romance,7.1,good,156,long movie
2007,Import Export,Drama,7.1,good,141,long movie
2005,Rappakal,"Comedy, Drama",7.1,good,137,long movie
2005,Yawarakai seikatsu,Drama,7.1,good,126,long movie
2005,Naran,"Action, Thriller",7.1,good,150,long movie
2006,"OSS 117: Le Caire, nid d'espions","Action, Adventure, Comedy",7.1,good,99,average length movie
2006,Dobrynya Nikitich i Zmey Gorynych,"Animation, Adventure, Come",7.1,good,65,average length movie
2005,Gekijôban XXXHolic Manatsu no yoru no yume,"Animation, Comedy, Drama",7.1,good,60,average length movie
2005,Noriko no shokutaku,"Drama, Horror",7.1,good,159,long movie
2005,Nana,"Drama, Music, Romance",7.1,good,113,long movie
2009,9,"Animation, Action, Adventu",7.1,good,79,average length movie
2006,The Flying Scotsman,"Drama, Sport",7.1,good,96,average length movie
2006,De hel van Tanger,Drama,7.1,good,105,long movie
2009,State of Play,"Crime, Drama, Mystery",7.1,good,127,long movie
2006,Sønner,Drama,7.1,good,103,long movie
2005,Angel-A,"Comedy, Drama, Fantasy",7.1,good,91,average length movie
2006,Knallhart,"Crime, Drama",7.1,good,98,average length movie
2008,Paraiso Travel,Drama,7.1,good,110,long movie
2005,Urlaub vom Leben,Drama,7.1,good,83,average length movie
2007,In the Valley of Elah,"Crime, Drama, Mystery",7.1,good,121,long movie
2006,Batismo de Sangue,Drama,7.1,good,110,long movie
2006,Rocky Balboa,"Drama, Sport",7.1,good,102,long movie
2006,Un Franco 14 Pesetas,"Comedy, Drama",7.1,good,102,long movie
2005,Ang pagdadalaga ni Maximo Oliveros,Drama,7.1,good,100,long movie
2008,Dasavatharam,"Action, Adventure, Sci-Fi",7.1,good,189,epic movie
2008,Muzika,"Comedy, Drama",7.1,good,110,long movie
2006,Kamome shokudô,"Comedy, Drama",7.1,good,102,long movie
2005,Anandabhadram,"Drama, Fantasy, Horror",7.1,good,130,long movie
2005,Dreamer,Fantasy,7.1,good,98,average length movie
2007,Man in the Chair,"Comedy, Drama",7.1,good,107,long movie
2006,Venus,"Comedy, Drama, Romance",7.1,good,95,average length movie
2005,Hayat,Drama,7.1,good,80,average length movie
2006,Happy,"Action, Comedy, Drama",7.1,good,152,long movie
2006,Gangster,"Action, Crime, Drama",7.1,good,123,long movie
2007,...a bude hur,Drama,7.1,good,86,average length movie
2006,Fimfárum 2,Animation,7.1,good,90,average length movie
2006,Ssa-i-bo-geu-ji-man-gwen-chan-a,"Comedy, Drama, Romance",7.1,good,105,long movie
2005,Guerilla Marketing,Drama,7.1,good,90,average length movie
2008,Vicky Cristina Barcelona,"Comedy, Drama, Romance",7.1,good,96,average length movie
2006,L'héritage,Drama,7.1,good,75,average length movie
2006,Wholetrain,Drama,7.1,good,82,average length movie
2006,Meitantei Conan: Tanteitachi no requiem,"Animation, Action, Adventu",7.1,good,111,long movie
2006,Uchôten hoteru,"Comedy, Drama, Romance",7.1,good,136,long movie
2008,Body of Lies,"Action, Drama, Thriller",7.1,good,128,long movie
2006,We Are Marshall,"Drama, Sport",7.1,good,131,long movie
2009,Bakjwi,"Drama, Horror, Romance",7.1,good,135,long movie
2009,Brothers,"Action, Drama, Thriller",7.1,good,105,long movie
2006,Eden,"Drama, Romance",7.1,good,98,average length movie
2006,L'amico di famiglia,Drama,7.1,good,102,long movie
2007,The Savages,"Comedy, Drama",7.1,good,114,long movie
2009,Everybody's Fine,"Adventure, Drama",7.1,good,99,average length movie
2009,The Princess and the Frog,"Animation, Adventure, Come",7.1,good,97,average length movie
2009,The Messenger,"Drama, Romance, War",7.1,good,113,long movie
2006,Yi He Yuan,"Drama, Romance",7.1,good,158,long movie
2007,Namastey London,"Comedy, Drama, Romance",7.1,good,128,long movie
2007,A Outra Margem,Drama,7.1,good,106,long movie
2008,Forgetting Sarah Marshall,"Comedy, Drama, Romance",7.1,good,111,long movie
2010,It's Kind of a Funny Story,"Comedy, Drama, Romance",7.1,good,101,long movie
2006,L'aria salata,Drama,7.1,good,87,average length movie
2006,Shoppen,"Comedy, Drama, Romance",7.1,good,91,average length movie
2006,Taiyô no kizu,"Crime, Drama, Thriller",7.1,good,117,long movie
2006,Congorama,"Comedy, Drama",7.1,good,105,long movie
2007,Shootout at Lokhandwala,"Action, Crime",7.1,good,122,long movie
2007,Konyec - Az utolsó csekk a pohárban,"Comedy, Crime, Drama",7.1,good,104,long movie
2008,Marley & Me,"Comedy, Drama, Family",7.1,good,115,long movie
2007,Sukkar banat,"Comedy, Drama, Romance",7.1,good,95,average length movie
2007,Dialogue avec mon jardinier,"Comedy, Drama",7.1,good,109,long movie
2006,Blood Tea and Red String,"Animation, Fantasy",7.1,good,71,average length movie
2007,J'ai toujours rêvé d'être un gangster,"Comedy, Crime, Drama",7.1,good,113,long movie
2008,Thunder Over Reno,Adventure,7.1,good,93,average length movie
2006,Tiangou,"Crime, Drama",7.1,good,101,long movie
2007,Dagen zonder lief,"Comedy, Drama",7.1,good,100,long movie
2008,"Definitely, Maybe","Comedy, Drama, Romance",7.1,good,112,long movie
2005,Uttarayan,Drama,7.1,good,91,average length movie
2006,Vanaja,Drama,7.1,good,111,long movie
2006,Aviva Ahuvati,Drama,7.1,good,107,long movie
2006,Mishehu Larutz Ito,"Adventure, Drama",7.1,good,118,long movie
2007,Fi shaket Masr El Gedeeda,"Drama, Romance",7.1,good,118,long movie
2006,Out of the Blue,"Crime, Drama",7.1,good,103,long movie
2006,Die Herbstzeitlosen,Comedy,7.1,good,90,average length movie
2006,O Céu de Suely,Drama,7.1,good,90,average length movie
2006,Valerie,Drama,7.1,good,80,average length movie
2006,Heremias: Unang aklat - Ang alamat ng prinsesang ba,"Crime, Drama",7.1,good,540,epic movie
2009,The Strip,Comedy,7.1,good,91,average length movie
2007,Mio fratello è figlio unico,"Comedy, Crime, Drama",7.1,good,100,long movie
2007,Prostye veshchi,"Comedy, Drama",7.1,good,110,long movie
2006,Anjos do Sol,Drama,7.1,good,92,average length movie
2007,Gruz 200,"Crime, Drama, Thriller",7.1,good,89,average length movie
2007,MP3: Mera Pehla Pehla Pyaar,"Comedy, Drama, Musical",7.1,good,118,long movie
2006,Mukhsin,"Comedy, Drama, Family",7.1,good,95,average length movie
2007,Vinodayathra,"Comedy, Drama, Romance",7.1,good,130,long movie
2008,Ocean of Pearls,Drama,7.1,good,97,average length movie
2007,Garage,Drama,7.1,good,85,average length movie
2007,The Mist,"Horror, Sci-Fi",7.1,good,126,long movie
2008,Shades of Ray,"Comedy, Drama, Romance",7.1,good,86,average length movie
2007,Roman de gare,Drama,7.1,good,103,long movie
2010,The Whistleblower,"Action, Biography, Crime",7.1,good,112,long movie
2007,Yuniol,Drama,7.1,good,97,average length movie
2009,Frequently Asked Questions About Time Travel,"Comedy, Sci-Fi",7.1,good,83,average length movie
2007,The Pool,Drama,7.1,good,98,average length movie
2010,Unthinkable,"Crime, Drama, Thriller",7.1,good,97,average length movie
2006,Kunsten å tenke negativt,"Comedy, Drama",7.1,good,79,average length movie
2007,Genius Party,Animation,7.1,good,85,average length movie
2006,Yeolhyeol-nama,"Action, Crime, Drama",7.1,good,118,long movie
2008,Miss Pettigrew Lives for a Day,"Comedy, Romance",7.1,good,92,average length movie
2007,Boxing Day,"Crime, Drama",7.1,good,81,average length movie
2006,Vasthavam,"Action, Crime, Thriller",7.1,good,145,long movie
2008,Tokyo!,"Comedy, Drama, Fantasy",7.1,good,112,long movie
2007,Chega de Saudade,"Drama, Musical, Romance",7.1,good,95,average length movie
2008,Der Freund,Drama,7.1,good,87,average length movie
2008,Frozen River,"Crime, Drama",7.1,good,97,average length movie
2007,Unnale Unnale,Drama,7.1,good,147,long movie
2005,Kay Dyache Bola,Comedy,7.1,good,103,long movie
2008,Valkyrie,"Drama, History, Thriller",7.1,good,121,long movie
2008,Nije kraj,"Comedy, Drama, War",7.1,good,100,long movie
2008,Un conte de Noël,"Comedy, Drama",7.1,good,150,long movie
2007,XXY,"Drama, Romance",7.1,good,86,average length movie
2007,Les chansons d'amour,"Drama, Musical, Romance",7.1,good,91,average length movie
2008,Deux jours à tuer,"Drama, Romance",7.1,good,85,average length movie
2008,"Mèche Blanche, les aventures du petit castor","Adventure, Family",7.1,good,77,average length movie
2010,Bibliothèque Pascal,Drama,7.1,good,105,long movie
2007,Ahiru to kamo no koinrokkâ,Drama,7.1,good,110,long movie
2007,Quiet room ni yôkoso,"Comedy, Drama",7.1,good,118,long movie
2006,Lian xi qu,Drama,7.1,good,108,long movie
2009,A Shine of Rainbows,"Drama, Family",7.1,good,101,long movie
2008,Adopt a Sailor,Drama,7.1,good,85,average length movie
2007,Kurôzu zero,"Action, Thriller",7.1,good,130,long movie
2008,Martyrs,Horror,7.1,good,99,average length movie
2008,Kandisha,"Crime, Fantasy, Horror",7.1,good,91,average length movie
2008,Phoebe in Wonderland,Drama,7.1,good,96,average length movie
2006,Pattiyal,Crime,7.1,good,140,long movie
2009,White Lightnin',"Biography, Drama",7.1,good,92,average length movie
2008,Anonyma - Eine Frau in Berlin,"Biography, Drama, History",7.1,good,131,long movie
2007,One Piece: Episode of Alabaster - Sabaku no Ojou to,"Animation, Action, Adventu",7.1,good,90,average length movie
2008,Tout est parfait,Drama,7.1,good,118,long movie
2007,Appurushido: Ekusu makina,"Animation, Action, Drama",7.1,good,105,long movie
2007,3 Hari Untuk Selamanya,"Comedy, Drama",7.1,good,104,long movie
2007,Naga Bonar Jadi 2,Comedy,7.1,good,118,long movie
2008,Pescuit sportiv,Drama,7.1,good,84,average length movie
2007,Sankara,Drama,7.1,good,87,average length movie
2008,Bienvenue chez les Ch'tis,"Comedy, Romance",7.1,good,106,long movie
2008,To verdener,Drama,7.1,good,116,long movie
2008,Suwîto rein: Shinigami no seido,"Comedy, Drama, Fantasy",7.1,good,113,long movie
2008,Mina olin siin,"Crime, Drama",7.1,good,95,average length movie
2007,Frozen,Drama,7.1,good,109,long movie
2007,Planet Terror,"Action, Comedy, Horror",7.1,good,105,long movie
2007,"Martín Fierro, La Película","Animation, Action, Adventu",7.1,good,88,average length movie
2007,Heya fawda,"Crime, Drama, Romance",7.1,good,124,long movie
2008,TBS,"Crime, Thriller",7.1,good,88,average length movie
2007,Sztuczki,"Comedy, Drama",7.1,good,95,average length movie
2008,Pa-ra-da,Drama,7.1,good,100,long movie
2008,35 rhums,Drama,7.1,good,100,long movie
2008,Er shi si cheng ji,Drama,7.1,good,112,long movie
2009,Balibo,"Drama, Mystery, Thriller",7.1,good,111,long movie
2009,That Evening Sun,Drama,7.1,good,109,long movie
2007,Wszystko bedzie dobrze,Drama,7.1,good,98,average length movie
2007,Piano no mori,"Animation, Drama, Family",7.1,good,101,long movie
2007,Quemar las naves,Drama,7.1,good,100,long movie
2007,Ogród Luizy,"Comedy, Drama, Romance",7.1,good,105,long movie
2008,JCVD,"Comedy, Crime, Drama",7.1,good,97,average length movie
2008,Boogie,"Comedy, Drama",7.1,good,102,long movie
2005,Meitantei Conan: Suiheisenjyou no sutorateeji,"Animation, Action, Adventu",7.1,good,108,long movie
2008,Gachi bôi,Comedy,7.1,good,120,long movie
2007,Shin kyûseishu densetsu Hokuto no Ken: Raô den - Ge,"Animation, Action",7.1,good,85,average length movie
2008,Na-moo-eobs-neun san,Drama,7.1,good,89,average length movie
2008,Snijeg,Drama,7.1,good,100,long movie
2008,"Lovely, Still","Drama, Romance",7.1,good,92,average length movie
2008,Wendy and Lucy,Drama,7.1,good,80,average length movie
2008,Boku tachi to chûzai san no 700 nichi sensô,Comedy,7.1,good,110,long movie
2007,Gekijô ban Kara no kyôkai: Dai ni shô - Satsujin kô,"Animation, Action, Crime",7.1,good,61,average length movie
2008,Bronson,"Action, Biography, Crime",7.1,good,92,average length movie
2008,Era Uma Vez...,"Drama, Romance",7.1,good,117,long movie
2008,Bam gua nat,Drama,7.1,good,144,long movie
2009,Weekend cu mama,Drama,7.1,good,87,average length movie
2009,Whatever Works,"Comedy, Romance",7.1,good,93,average length movie
2008,Inu to watashi no 10 no yakusoku,"Comedy, Drama, Romance",7.1,good,117,long movie
2008,Mithya,"Comedy, Crime, Thriller",7.1,good,110,long movie
2008,Le silence de Lorna,Drama,7.1,good,105,long movie
2008,Ayat-Ayat Cinta,"Drama, Romance",7.1,good,130,long movie
2009,À l'origine,Drama,7.1,good,130,long movie
2007,Shivachki,Drama,7.1,good,95,average length movie
2008,"One piece: Episodo obu choppa + Fuyu ni saku, kisek","Animation, Action, Comedy",7.1,good,113,long movie
2008,Tahaan,Drama,7.1,good,97,average length movie
2008,Men's Group,Drama,7.1,good,104,long movie
2008,Checkmate,Thriller,7.1,good,132,long movie
2008,Pour elle,"Crime, Drama, Thriller",7.1,good,96,average length movie
2010,Aashayein,Drama,7.1,good,120,long movie
2010,Let Me In,"Drama, Fantasy, Horror",7.1,good,116,long movie
2008,De ofrivilliga,Drama,7.1,good,98,average length movie
2008,Rang Rasiya,"Biography, Drama, Romance",7.1,good,132,long movie
2007,Qing fei de yi zhi sheng cun zhi dao,Comedy,7.1,good,96,average length movie
2008,Stilyagi,"Drama, Musical, Romance",7.1,good,130,long movie
2009,Oscar et la dame rose,Drama,7.1,good,105,long movie
2008,Kolekcioniere,Drama,7.1,good,84,average length movie
2008,Dikoe pole,Drama,7.1,good,108,long movie
2009,Dia dokutâ,Drama,7.1,good,127,long movie
2009,Viyon no tsuma,Drama,7.1,good,114,long movie
2009,El Estudiante,Drama,7.1,good,95,average length movie
2009,Le petit Nicolas,"Comedy, Family",7.1,good,91,average length movie
2009,Nowhere Boy,"Biography, Drama, Music",7.1,good,98,average length movie
2008,Sennosc,Drama,7.1,good,105,long movie
2009,Besa,"Drama, Romance",7.1,good,106,long movie
2009,"Cekaj me, ja sigurno necu doci","Drama, Romance",7.1,good,90,average length movie
2010,Listen to Your Heart,"Drama, Music, Romance",7.1,good,102,long movie
2009,Usta,Drama,7.1,good,118,long movie
2008,Última Parada 174,"Crime, Drama, Thriller",7.1,good,110,long movie
2010,Easy A,"Comedy, Drama, Romance",7.1,good,92,average length movie
2008,Teza,Drama,7.1,good,140,long movie
2008,Die zweite Frau,Drama,7.1,good,87,average length movie
2010,Raajneeti,"Drama, Thriller",7.1,good,163,long movie
2008,Günesin Oglu,"Comedy, Fantasy",7.1,good,89,average length movie
2009,So glücklich war ich noch nie,Drama,7.1,good,92,average length movie
2008,Be hamin sadegi,Drama,7.1,good,93,average length movie
2008,Podarok Stalinu,Drama,7.1,good,97,average length movie
2008,Genius Party Beyond,Animation,7.1,good,85,average length movie
2010,Enthiran,"Action, Sci-Fi",7.1,good,155,long movie
2008,Saroja,"Adventure, Comedy, Crime",7.1,good,154,long movie
2009,Oto-na-ri,Drama,7.1,good,119,long movie
2009,Nothing Personal,Drama,7.1,good,85,average length movie
2008,Zay el naharda,Mystery,7.1,good,95,average length movie
2009,Gestación,Drama,7.1,good,91,average length movie
2008,Se Nada Mais Der Certo,Drama,7.1,good,120,long movie
2008,Maharathi,"Crime, Drama, Mystery",7.1,good,114,long movie
2010,Never Let Me Go,"Drama, Romance, Sci-Fi",7.1,good,103,long movie
2009,Psyhi vathia,"Drama, War",7.1,good,142,long movie
2006,Big Story in a Small City,Comedy,7.1,good,90,average length movie
2009,Meitantei Conan: Shikkoku no chaser,"Animation, Action, Adventu",7.1,good,107,long movie
2009,"Felicia, înainte de toate",Drama,7.1,good,108,long movie
2009,Nankyoku ryôrinin,Comedy,7.1,good,125,long movie
2008,Yeong-hwa-neun yeong-hwa-da,"Action, Drama",7.1,good,113,long movie
2010,Otôto,Drama,7.1,good,126,long movie
2009,Protektor,"Drama, Romance",7.1,good,98,average length movie
2009,The Perfect Gift,Drama,7.1,good,89,average length movie
2009,Sit ting fung wan,"Crime, Thriller",7.1,good,100,long movie
2007,Inapoi in cartier,Action,7.1,good,92,average length movie
2009,Pouta,"Drama, Thriller",7.1,good,146,long movie
2008,Casanegra,Drama,7.1,good,131,long movie
2008,Khela,"Comedy, Drama",7.1,good,97,average length movie
2010,Habermann,"Drama, Romance, War",7.1,good,104,long movie
2009,Poltory komnaty ili Sentimentalnoe puteshestvie na ,"Animation, Biography",7.1,good,130,long movie
2010,Remember Me,"Drama, Romance",7.1,good,113,long movie
2009,El último verano de la Boyita,Drama,7.1,good,93,average length movie
2009,Excursiones,"Comedy, Drama",7.1,good,80,average length movie
2009,Shinboru,"Comedy, Fantasy, Mystery",7.1,good,93,average length movie
2010,Gôruden suranbâ,"Action, Drama, Thriller",7.1,good,139,long movie
2008,Pakal Nakshatrangal,Drama,7.1,good,120,long movie
2010,Soranin,Drama,7.1,good,126,long movie
2010,Haru tono tabi,Drama,7.1,good,134,long movie
2008,Dilber'in sekiz günü,Drama,7.1,good,107,long movie
2009,La pivellina,Drama,7.1,good,100,long movie
2010,R,"Crime, Drama",7.1,good,99,average length movie
2010,Oranges and Sunshine,"Drama, History",7.1,good,105,long movie
2010,Les petits mouchoirs,"Comedy, Drama",7.1,good,154,long movie
2009,40-ci qapi,Drama,7.1,good,82,average length movie
2007,"#73, Shaanthi Nivaasa","Drama, Family, Musical",7.1,good,157,long movie
2010,Reflexões de um Liquidificador,"Comedy, Thriller",7.1,good,80,average length movie
2009,Volchok,Drama,7.1,good,88,average length movie
2009,The Drifter,"Drama, Sport",7.1,good,60,average length movie
2010,La prima cosa bella,"Comedy, Drama",7.1,good,122,long movie
2009,Prayanam,Romance,7.1,good,130,long movie
2008,Poo,Drama,7.1,good,109,long movie
2010,Héroes,"Comedy, Drama, Family",7.1,good,104,long movie
2009,Karanliktakiler,"Drama, Thriller",7.1,good,100,long movie
2009,Siva Manasula Sakthi,"Comedy, Drama, Romance",7.1,good,138,long movie
2009,Pop,"Drama, History, War",7.1,good,130,long movie
2010,Naan Mahaan Alla,"Action, Crime, Drama",7.1,good,132,long movie
2009,Sami Sakhli,Drama,7.1,good,96,average length movie
2009,Third Person Singular Number,Drama,7.1,good,124,long movie
2009,Rewers,"Comedy, Drama, Romance",7.1,good,99,average length movie
2009,Lan,Drama,7.1,good,85,average length movie
2009,Bes Sehir,Drama,7.1,good,95,average length movie
2010,Paradise Recovered,Drama,7.1,good,96,average length movie
2009,Cealalta Irina,"Drama, Thriller",7.1,good,90,average length movie
2009,El hombre de al lado,Thriller,7.1,good,110,long movie
2010,Picco,"Crime, Drama, Horror",7.1,good,105,long movie
2009,Peraanmai,"Action, Adventure, Drama",7.1,good,150,long movie
2010,Retratos en un mar de mentiras,Drama,7.1,good,91,average length movie
2010,Shan zha shu zhi lian,"Drama, Romance",7.1,good,114,long movie
2010,Oddsac,Music,7.1,good,54,short movie
2010,The Trouble with Terkel,"Animation, Comedy, Drama",7.1,good,87,average length movie
2009,Ban-doo-bi,Drama,7.1,good,107,long movie
2010,Tuan yuan,Drama,7.1,good,97,average length movie
2010,"Eu cand vreau sa fluier, fluier",Drama,7.1,good,94,average length movie
2010,10½,Drama,7.1,good,108,long movie
2010,Chonmage purin,Comedy,7.1,good,108,long movie
2010,80 egunean,"Drama, Romance",7.1,good,104,long movie
2010,Les amours imaginaires,"Drama, Romance",7.1,good,101,long movie
2010,"LSD: Love, Sex Aur Dhokha","Comedy, Crime, Drama",7.1,good,155,long movie
2010,Not the Messiah: He's a Very Naughty Boy,"Comedy, Music, Musical",7.1,good,92,average length movie
2010,Rózyczka,"Drama, History, Romance",7.1,good,118,long movie
2010,Kimi ni todoke,"Drama, Romance",7.1,good,128,long movie
2010,Tsumetai nettaigyo,"Comedy, Crime, Drama",7.1,good,146,long movie
2010,Yip Man chin chyun,"Action, Biography, Drama",7.1,good,100,long movie
2010,Le secret de Chanda,Drama,7.1,good,100,long movie
2010,Guanggun'er,Comedy,7.1,good,94,average length movie
2010,Donoma,Drama,7.1,good,133,long movie
2010,Brindaavanam,"Action, Comedy, Drama",7.1,good,169,long movie
2010,Gekijouban Bureiku bureido Daiisshou: Kakusei no ko,"Animation, Action, Drama",7.1,good,51,short movie
2009,Bambara Walalla,"Drama, Thriller",7.1,good,108,long movie
2010,HDSP: Hunting Down Small Predators,"Drama, Romance, Thriller",7.1,good,100,long movie
2010,Der Albaner,Drama,7.1,good,105,long movie
2010,Hadikduk HaPnimi,Drama,7.1,good,110,long movie
2007,Reketir,"Action, Crime, Drama",7.1,good,80,average length movie
2010,Gekijouban Bureiku bureido Dainishou: Ketsubetsu no,"Animation, Action, Fantasy",7.1,good,51,short movie
2010,I rymden finns inga känslor,"Comedy, Drama, Romance",7.1,good,85,average length movie
2010,"3 Hati, Dua Dunia, Satu Cinta","Comedy, Romance",7.1,good,100,long movie
2010,Mel Karade Rabba,"Comedy, Drama, Romance",7.1,good,135,long movie
2009,Teer enta,"Comedy, Fantasy, Romance",7.1,good,116,long movie
2010,Gekijouban Naruto Shippuuden: Za rosuto tawâ,"Animation, Action, Adventu",7.1,good,85,average length movie
2010,Los colores de la montaña,Drama,7.1,good,90,average length movie
2010,Gekijouban Bureiku bureido Daisanshou: Kyoujin no k,"Animation, Action, Drama",7.1,good,47,short movie
2007,Kuka,Drama,7.1,good,104,long movie
2010,Thana Theke Aschi,Thriller,7.1,good,112,long movie
2010,Gekijouban Bureiku bureido Daiyonshou: Sanka no chi,"Animation, Action, Drama",7.1,good,49,short movie
2010,Jackie,Action,7.1,good,126,long movie
2010,Life Before Wedding,"Comedy, Drama, Romance",7.1,good,100,long movie
2010,Cánh dong bat tan,Drama,7.1,good,105,long movie
2010,Les femmes du 6e étage,Comedy,7.1,good,102,long movie
2010,Kalavani,Comedy,7.1,good,144,long movie
2010,Space Pirate Captain Harlock,"Animation, Sci-Fi",7.1,good,100,long movie
2010,Press,"Drama, History",7.1,good,100,long movie
2010,Pasookkoon,Drama,7.1,good,116,long movie
2008,O Panishyros Megistanas Ton Ninja,"Action, Comedy, Sci-Fi",7.1,good,102,long movie
2010,Memories in March,Drama,7.1,good,104,long movie
2007,Mari to koinu no monogatari,Drama,7.1,good,124,long movie
2010,Then maerku paruva kaatru,"Action, Family",7.1,good,125,long movie
2010,Lalbaug Parel: Zali Mumbai Sonyachi,Action,7.1,good,146,long movie
2008,Sano Sansar,"Comedy, Romance",7.1,good,144,long movie
2009,RiffTrax Live: Plan 9 from Outer Space,"Comedy, Sci-Fi",7.1,good,116,long movie
2009,Madly Bangali,"Drama, Music, Musical",7.1,good,130,long movie
2006,Chithiram Pesuthadi,"Drama, Romance, Thriller",7.1,good,148,long movie
2007,Wahed men el nas,Drama,7.1,good,109,long movie
2010,Just Maath Maathalli,"Drama, Musical, Romance",7.1,good,133,long movie
2007,Duniya,Drama,7.1,good,140,long movie
2008,Vamshi,"Action, Drama",7.1,good,139,long movie
2006,Bobby,"Biography, Drama, History",7.0,good,117,long movie
2005,Antikörper,"Crime, Drama, Horror",7.0,good,127,long movie
2005,Unleashed,"Action, Crime, Drama",7.0,good,103,long movie
2005,An Unfinished Life,"Drama, Family, Romance",7.0,good,108,long movie
2005,Constantine,"Action, Fantasy, Horror",7.0,good,121,long movie
2007,Filmatron,Sci-Fi,7.0,good,92,average length movie
2005,Turetskiy gambit,"War, Action, Adventure",7.0,good,208,epic movie
2005,Look Both Ways,"Drama, Mystery, Romance",7.0,good,100,long movie
2005,Love for Rent,"Comedy, Romance",7.0,good,96,average length movie
2005,Anklaget,Drama,7.0,good,103,long movie
2006,Valley of Flowers,"Adventure, Drama, Romance",7.0,good,155,long movie
2006,Avril,"Comedy, Drama",7.0,good,96,average length movie
2006,A Good Year,"Comedy, Drama, Romance",7.0,good,117,long movie
2007,Breach,"Biography, Crime, Drama",7.0,good,110,long movie
2005,El amor - primera parte,"Comedy, Romance",7.0,good,102,long movie
2005,Dobro ustimani mrtvaci,"Comedy, Drama",7.0,good,92,average length movie
2005,Les poupées russes,"Comedy, Drama, Romance",7.0,good,125,long movie
2008,Hellboy II: The Golden Army,"Action, Adventure, Fantasy",7.0,good,120,long movie
2005,Mrs Henderson Presents,"Comedy, Drama, Music",7.0,good,103,long movie
2005,Kinamand,Drama,7.0,good,88,average length movie
2005,Para que no me olvides,Drama,7.0,good,100,long movie
2005,Tickets,"Comedy, Drama",7.0,good,109,long movie
2007,Transformers,"Action, Adventure, Sci-Fi",7.0,good,144,long movie
2005,Jarhead,"Action, Biography, Drama",7.0,good,125,long movie
2006,Find Me Guilty,"Biography, Comedy, Crime",7.0,good,125,long movie
2006,Infamous,"Biography, Crime, Drama",7.0,good,110,long movie
2005,Kontakt,"Drama, Romance",7.0,good,120,long movie
2005,Mallaki Iskandariya,"Crime, Drama, Mystery",7.0,good,95,average length movie
2007,Charlie Bartlett,"Comedy, Drama, Romance",7.0,good,97,average length movie
2006,Outsourced,"Comedy, Drama, Romance",7.0,good,103,long movie
2007,The Lookout,"Crime, Drama, Thriller",7.0,good,99,average length movie
2005,Fremde Haut,Drama,7.0,good,97,average length movie
2007,The Kingdom,"Action, Drama, Thriller",7.0,good,110,long movie
2007,P.S. I Love You,"Comedy, Drama, Romance",7.0,good,126,long movie
2005,Le petit lieutenant,"Crime, Drama",7.0,good,110,long movie
2007,Não Por Acaso,Drama,7.0,good,90,average length movie
2005,Princesas,Drama,7.0,good,113,long movie
2005,Conversations with Other Women,"Comedy, Drama, Romance",7.0,good,84,average length movie
2005,English as a Second Language,"Drama, Romance",7.0,good,105,long movie
2006,Gadkie lebedi,"Drama, Mystery, Sci-Fi",7.0,good,105,long movie
2005,Otkradnati ochi,"Drama, History",7.0,good,110,long movie
2005,Iberia,"Documentary, Musical",7.0,good,99,average length movie
2006,Indigènes,"Drama, War",7.0,good,123,long movie
2006,Eréndira la indomable,"Adventure, Drama, Fantasy",7.0,good,117,long movie
2005,Het paard van Sinterklaas,"Drama, Family",7.0,good,95,average length movie
2007,Die drei Räuber,"Animation, Comedy, Crime",7.0,good,75,average length movie
2005,Ryna,Drama,7.0,good,94,average length movie
2005,Chandramukhi,"Action, Comedy, Fantasy",7.0,good,166,long movie
2005,Mezon do Himiko,Drama,7.0,good,130,long movie
2006,Quinceañera,Drama,7.0,good,90,average length movie
2006,Deja Vu,"Action, Crime, Sci-Fi",7.0,good,126,long movie
2007,Black Irish,Drama,7.0,good,95,average length movie
2006,Grandma's Boy,Comedy,7.0,good,94,average length movie
2005,Qing hong,Drama,7.0,good,123,long movie
2008,Shin Kyûseishu densetsu Hokuto no Ken - Kenshirô de,"Animation, Action",7.0,good,83,average length movie
2009,"Io, Don Giovanni","Drama, History, Music",7.0,good,127,long movie
2005,Pitbull,"Action, Crime, Drama",7.0,good,97,average length movie
2005,Zui hao de shi guang,"Drama, Romance",7.0,good,132,long movie
2005,L'audition,Drama,7.0,good,111,long movie
2006,Juventude em Marcha,Drama,7.0,good,156,long movie
2005,Blush,"Drama, Music, Romance",7.0,good,55,short movie
2006,Griffin & Phoenix,"Comedy, Drama, Romance",7.0,good,102,long movie
2005,Rose,Drama,7.0,good,93,average length movie
2007,Enchanted,"Animation, Comedy, Family",7.0,good,107,long movie
2008,Rambo,"Action, Thriller",7.0,good,92,average length movie
2005,Na Verkhney Maslovke,Drama,7.0,good,115,long movie
2007,28 Weeks Later,"Drama, Horror, Sci-Fi",7.0,good,100,long movie
2005,Be with Me,"Drama, Romance",7.0,good,93,average length movie
2005,Man Push Cart,Drama,7.0,good,87,average length movie
2006,Jumping Off Bridges,Drama,7.0,good,90,average length movie
2005,Taga tameni,"Crime, Drama, Romance",7.0,good,97,average length movie
2006,Ten Canoes,"Adventure, Comedy, Drama",7.0,good,90,average length movie
2007,Hallam Foe,"Drama, Mystery, Romance",7.0,good,95,average length movie
2006,Gwoemul,"Action, Drama, Horror",7.0,good,120,long movie
2007,Alles is liefde,"Comedy, Romance",7.0,good,110,long movie
2005,Eize Makom Nifla,Drama,7.0,good,104,long movie
2006,Fang xiang zhi lu,Drama,7.0,good,114,long movie
2005,Yek teke nan,Drama,7.0,good,100,long movie
2007,Charlie Wilson's War,"Biography, Comedy, Drama",7.0,good,102,long movie
2010,The Perfect Game,"Comedy, Drama, Family",7.0,good,118,long movie
2007,Waitress,"Comedy, Drama, Romance",7.0,good,108,long movie
2006,Man cheng jin dai huang jin jia,"Action, Drama, Romance",7.0,good,111,long movie
2006,A Guide to Recognizing Your Saints,"Crime, Drama",7.0,good,100,long movie
2007,The Favor,Drama,7.0,good,110,long movie
2006,Ober,Comedy,7.0,good,97,average length movie
2005,Skazany na bluesa,"Biography, Drama, Music",7.0,good,101,long movie
2005,Dame sobh,Drama,7.0,good,82,average length movie
2005,Saat po long,"Action, Crime, Thriller",7.0,good,93,average length movie
2006,Je m'appelle Elisabeth,Drama,7.0,good,90,average length movie
2008,The Book of Caleb,Comedy,7.0,good,106,long movie
2007,Zavet,"Comedy, Romance",7.0,good,137,long movie
2005,Neoneun nae unmyeong,"Drama, Romance",7.0,good,121,long movie
2006,Winterreise,Drama,7.0,good,99,average length movie
2005,Komornik,Drama,7.0,good,100,long movie
2005,Shoshelet Schwartz,Comedy,7.0,good,99,average length movie
2007,Párpados azules,"Comedy, Drama",7.0,good,98,average length movie
2006,Hors de prix,"Comedy, Romance",7.0,good,106,long movie
2006,Morirse en domingo,"Comedy, Drama",7.0,good,125,long movie
2005,Masterclass,Drama,7.0,good,70,average length movie
2006,La tourneuse de pages,"Drama, Music, Thriller",7.0,good,85,average length movie
2005,Ein ganz gewöhnlicher Jude,Drama,7.0,good,89,average length movie
2005,Shissô,Drama,7.0,good,124,long movie
2005,Kimyô na sâkasu,"Drama, Horror, Mystery",7.0,good,108,long movie
2006,La leyenda del tiempo,Drama,7.0,good,109,long movie
2008,Aniceto,"Drama, Musical, Romance",7.0,good,82,average length movie
2005,Arashi no yoru ni,"Animation, Adventure, Dram",7.0,good,110,long movie
2006,Yi sa bui lai,Drama,7.0,good,91,average length movie
2006,Slumming,"Comedy, Drama",7.0,good,100,long movie
2006,Milarepa,"Action, Adventure, Biograp",7.0,good,90,average length movie
2006,Little Chenier,Drama,7.0,good,120,long movie
2007,Starting Out in the Evening,"Drama, Romance",7.0,good,111,long movie
2007,Les 3 p'tits cochons,Comedy,7.0,good,124,long movie
2007,Fugitive Pieces,"Adventure, Drama, War",7.0,good,104,long movie
2007,Joulutarina,"Drama, Family, Fantasy",7.0,good,83,average length movie
2006,Domabaem,Romance,7.0,good,117,long movie
2006,Jasminum,"Comedy, Romance",7.0,good,115,long movie
2005,Su-ki-da,"Drama, Romance",7.0,good,104,long movie
2007,Dòng máu anh hùng,"Action, Drama, Romance",7.0,good,103,long movie
2007,Ha-Sodot,"Drama, Romance",7.0,good,127,long movie
2006,Love's Abiding Joy,"Drama, Family, Western",7.0,good,87,average length movie
2007,Maldeamores,"Comedy, Drama, Romance",7.0,good,81,average length movie
2008,Oorlogswinter,"Drama, History, War",7.0,good,103,long movie
2006,Mon colonel,"Crime, Drama, History",7.0,good,110,long movie
2007,Hwa-ryeo-han-hyoo-ga,Drama,7.0,good,120,long movie
2009,L'affaire Farewell,"Drama, Romance, Thriller",7.0,good,113,long movie
2007,It's a Free World...,Drama,7.0,good,96,average length movie
2007,Meduzot,Drama,7.0,good,78,average length movie
2005,Tapete Vermelho,Comedy,7.0,good,100,long movie
2007,Ex Drummer,"Comedy, Crime, Drama",7.0,good,90,average length movie
2006,Piter FM,"Comedy, Drama, Romance",7.0,good,85,average length movie
2006,Sipur Hatzi-Russi,"Drama, Music, Romance",7.0,good,95,average length movie
2007,Naresuan,"Drama, History, War",7.0,good,163,long movie
2009,The Last Station,"Biography, Drama, Romance",7.0,good,112,long movie
2007,O Mistério da Estrada de Sintra,"Adventure, Crime, Mystery",7.0,good,98,average length movie
2007,Zhan. gu,"Crime, Drama, Music",7.0,good,118,long movie
2006,Ahista Ahista,"Drama, Romance",7.0,good,122,long movie
2010,The Kids Are All Right,"Comedy, Drama, Romance",7.0,good,106,long movie
2006,Ngoh yiu sing ming,"Comedy, Drama",7.0,good,94,average length movie
2006,You Are the One,Romance,7.0,good,115,long movie
2007,Son of Rambow,"Action, Adventure, Comedy",7.0,good,96,average length movie
2007,Son Osmanli Yandim Ali,"Action, Comedy, Drama",7.0,good,126,long movie
2007,Mutum,Drama,7.0,good,95,average length movie
2006,Hei yan quan,"Drama, Romance",7.0,good,115,long movie
2006,Nagai sanpo,Drama,7.0,good,136,long movie
2007,Le fils de l'épicier,Drama,7.0,good,96,average length movie
2006,El camino de San Diego,Comedy,7.0,good,98,average length movie
2007,Amexicano,Drama,7.0,good,84,average length movie
2007,Battle for Haditha,"Drama, History, War",7.0,good,97,average length movie
2006,Kurai tokoro de machiawase,"Drama, Romance, Thriller",7.0,good,130,long movie
2006,Strawberry Shortcakes,Drama,7.0,good,127,long movie
2006,Svobodnoe plavanie,"Comedy, Romance",7.0,good,101,long movie
2007,Katyn,"Drama, History, War",7.0,good,122,long movie
2008,Romance,Romance,7.0,good,105,long movie
2009,Luck by Chance,Drama,7.0,good,156,long movie
2008,Burn After Reading,"Comedy, Crime, Drama",7.0,good,96,average length movie
2007,Kings,Drama,7.0,good,88,average length movie
2008,The Children of Huang Shi,"Drama, War",7.0,good,125,long movie
2006,Ra-dee-o-seu-ta,"Comedy, Drama",7.0,good,112,long movie
2006,Waris Shah: Ishq Daa Waaris,"Drama, History",7.0,good,138,long movie
2006,Rêves de poussière,Drama,7.0,good,86,average length movie
2007,Barda,"Crime, Drama, Thriller",7.0,good,92,average length movie
2008,Julia,"Crime, Drama, Thriller",7.0,good,144,long movie
2008,Pineapple Express,"Action, Comedy, Crime",7.0,good,111,long movie
2007,Tau ming chong,"Action, Drama, History",7.0,good,126,long movie
2007,Jitsuroku Rengo Sekigun: Asama sanso e no michi,"Crime, Drama",7.0,good,190,epic movie
2006,Notebook,"Drama, Musical, Romance",7.0,good,148,long movie
2008,Gomorra,"Crime, Drama",7.0,good,137,long movie
2007,Nuodemes uzkalbejimas,Drama,7.0,good,98,average length movie
2008,Boku no kanojo wa saibôgu,"Action, Comedy, Romance",7.0,good,115,long movie
2005,Noroi,"Horror, Mystery, Thriller",7.0,good,115,long movie
2010,Rabbit Hole,Drama,7.0,good,91,average length movie
2008,Tropic Thunder,"Action, Comedy, War",7.0,good,107,long movie
2007,The Bird Can't Fly,Drama,7.0,good,89,average length movie
2007,L'uomo di vetro,Drama,7.0,good,96,average length movie
2007,Dead Time: Kala,"Crime, Fantasy, Thriller",7.0,good,102,long movie
2007,La giusta distanza,Drama,7.0,good,106,long movie
2006,Qué tan lejos,Drama,7.0,good,92,average length movie
2007,Václav,"Comedy, Drama",7.0,good,100,long movie
2005,Vennela,Romance,7.0,good,133,long movie
2008,Red,"Drama, Thriller",7.0,good,93,average length movie
2007,Immer nie am Meer,"Comedy, Drama",7.0,good,88,average length movie
2009,Like Dandelion Dust,Drama,7.0,good,100,long movie
2007,Swami,Drama,7.0,good,140,long movie
2008,K. Il bandito,Drama,7.0,good,100,long movie
2008,Traitor,"Action, Crime, Drama",7.0,good,114,long movie
2007,Ma-i pa-deo,Drama,7.0,good,107,long movie
2007,Foreldrar,Drama,7.0,good,87,average length movie
2007,Little DJ: Chiisana koi no monogatari,Romance,7.0,good,128,long movie
2007,Nailed,"Action, Comedy, Horror",7.0,good,85,average length movie
2007,Sing kung chok tse sup yut tam,Drama,7.0,good,96,average length movie
2006,Proibido Proibir,Drama,7.0,good,105,long movie
2007,Loins of Punjab Presents,"Comedy, Music",7.0,good,88,average length movie
2008,Idiots and Angels,"Animation, Comedy, Drama",7.0,good,78,average length movie
2009,A Serious Man,"Comedy, Drama",7.0,good,106,long movie
2008,Leonera,"Crime, Drama",7.0,good,113,long movie
2007,Death Proof,Thriller,7.0,good,113,long movie
2007,Slushaya tishinu,Romance,7.0,good,100,long movie
2009,The Time That Remains,"Drama, History",7.0,good,109,long movie
2007,La zona,"Drama, Thriller",7.0,good,97,average length movie
2007,The Last Lear,Drama,7.0,good,130,long movie
2008,Cadillac Records,"Biography, Drama, Music",7.0,good,109,long movie
2009,Lascars,"Animation, Comedy",7.0,good,96,average length movie
2008,Happy-Go-Lucky,"Comedy, Drama, Romance",7.0,good,118,long movie
2007,Puteshestvie s domashnimi zhivotnymi,"Drama, Romance",7.0,good,97,average length movie
2007,Hængbok,"Drama, Romance",7.0,good,124,long movie
2008,Flash of Genius,"Biography, Drama",7.0,good,119,long movie
2008,Pako to mahô no ehon,"Comedy, Drama, Family",7.0,good,105,long movie
2008,Cloverfield,"Horror, Sci-Fi, Thriller",7.0,good,85,average length movie
2007,Sözün Bittigi Yer,Drama,7.0,good,120,long movie
2009,Xin Su shi jian,"Action, Crime, Drama",7.0,good,119,long movie
2008,Aquele Querido Mês de Agosto,"Music, Romance",7.0,good,147,long movie
2008,The Wackness,"Comedy, Drama, Romance",7.0,good,99,average length movie
2007,Pa berahne dar behesht,Drama,7.0,good,80,average length movie
2007,Kuro-obi,"Action, Drama, Sport",7.0,good,95,average length movie
2007,Swopnodanay,Drama,7.0,good,84,average length movie
2009,Teenage Dirtbag,Drama,7.0,good,106,long movie
2008,Time of the Comet,"Drama, History, Romance",7.0,good,104,long movie
2008,Bride Flight,Drama,7.0,good,130,long movie
2007,Sous les bombes,"Drama, Romance, War",7.0,good,98,average length movie
2007,Contre toute espérance,Drama,7.0,good,89,average length movie
2007,Geomen tangyi sonyeo oi,Drama,7.0,good,90,average length movie
2010,Hamill,"Biography, Drama, Sport",7.0,good,108,long movie
2007,Dil Dosti Etc,"Comedy, Crime, Drama",7.0,good,112,long movie
2008,Two Lovers,"Drama, Romance",7.0,good,110,long movie
2008,One Week,"Adventure, Drama",7.0,good,94,average length movie
2008,Mannen som elsket Yngve,"Comedy, Drama, Music",7.0,good,90,average length movie
2009,Julie & Julia,"Biography, Drama, Romance",7.0,good,118,long movie
2010,Rudolfa mantojums,"Comedy, Drama",7.0,good,114,long movie
2008,American Violet,Drama,7.0,good,103,long movie
2009,Public Enemies,"Biography, Crime, Drama",7.0,good,140,long movie
2008,Maman est chez le coiffeur,Drama,7.0,good,97,average length movie
2009,"I Love You, Man","Comedy, Romance",7.0,good,105,long movie
2007,Gekijô ban Kara no kyôkai: Dai isshô - Fukan fûkei,"Animation, Action, Crime",7.0,good,49,short movie
2008,Gekijô ban Naruto: Shippûden - Kizuna,"Animation, Action, Fantasy",7.0,good,98,average length movie
2008,Hana yori dango: Fainaru,Drama,7.0,good,131,long movie
2007,Return of Hanuman,"Animation, Action, Adventu",7.0,good,110,long movie
2008,Dayereh-e zangi,"Comedy, Drama",7.0,good,110,long movie
2008,Son ders,"Comedy, Drama",7.0,good,99,average length movie
2010,The Bang Bang Club,"Biography, Drama, History",7.0,good,106,long movie
2009,Away We Go,"Comedy, Drama, Romance",7.0,good,98,average length movie
2009,The Vicious Kind,"Comedy, Drama",7.0,good,92,average length movie
2010,Welcome to the Rileys,Drama,7.0,good,110,long movie
2009,Amreeka,Drama,7.0,good,96,average length movie
2009,Get Low,"Drama, Mystery",7.0,good,103,long movie
2008,Domovoy,Thriller,7.0,good,104,long movie
2007,Koizora,"Drama, Romance",7.0,good,129,long movie
2008,Parugu,"Action, Romance",7.0,good,159,long movie
2009,La Mission,Drama,7.0,good,117,long movie
2008,Seoyang-goldong-yanggwajajeom Aentikeu,"Comedy, Drama, Romance",7.0,good,107,long movie
2008,Pidtermyai huajai wawoon,Comedy,7.0,good,122,long movie
2008,Soon-jeong-man-hwa,"Comedy, Romance",7.0,good,113,long movie
2009,Tempos de Paz,Drama,7.0,good,80,average length movie
2008,Jerichow,Drama,7.0,good,93,average length movie
2009,Io sono l'amore,"Drama, Romance",7.0,good,120,long movie
2010,Iron Man 2,"Action, Adventure, Sci-Fi",7.0,good,124,long movie
2009,Konchem Ishtam Konchem Kashtam,Romance,7.0,good,165,long movie
2008,Majimak seonmul,Drama,7.0,good,112,long movie
2010,Chico Xavier,"Biography, Drama",7.0,good,124,long movie
2008,Calatoria lui Gruber,Drama,7.0,good,100,long movie
2008,Kyûka,Drama,7.0,good,115,long movie
2010,RED,"Action, Comedy, Crime",7.0,good,111,long movie
2008,El artista,"Comedy, Drama",7.0,good,100,long movie
2009,El Traspatio,"Crime, Drama, Mystery",7.0,good,122,long movie
2010,Quartier lointain,"Drama, Fantasy",7.0,good,98,average length movie
2009,Jal al-ji-do mot-ha-myeon-seo,Drama,7.0,good,126,long movie
2008,Pranzo di ferragosto,"Comedy, Drama",7.0,good,75,average length movie
2008,Only,Drama,7.0,good,74,average length movie
2008,Pazar - Bir Ticaret Masali,Drama,7.0,good,93,average length movie
2008,Thomas,Drama,7.0,good,70,average length movie
2009,Danny Greene: The Rise and Fall of the Irishman,"Biography, Crime, History",7.0,good,60,average length movie
2008,Jiong nan hai,Drama,7.0,good,104,long movie
2008,The Hide,Thriller,7.0,good,82,average length movie
2009,The Sky Has Fallen,"Action, Drama, Horror",7.0,good,80,average length movie
2009,Coeur animal,Drama,7.0,good,91,average length movie
2008,Home,Drama,7.0,good,98,average length movie
2010,La hora cero,"Action, Drama, Thriller",7.0,good,100,long movie
2009,Broderskab,"Drama, Romance",7.0,good,97,average length movie
2010,Bold Native,"Action, Adventure, Comedy",7.0,good,105,long movie
2008,Meotjin haru,"Adventure, Comedy, Drama",7.0,good,123,long movie
2008,Fantasma de Buenos Aires,"Comedy, Fantasy",7.0,good,91,average length movie
2009,"Politist, adjectiv","Crime, Drama",7.0,good,115,long movie
2009,Samson and Delilah,"Drama, Romance",7.0,good,100,long movie
2009,Hamesh Shaot me'Pariz,Drama,7.0,good,87,average length movie
2010,Pájaros de papel,"Comedy, Drama, History",7.0,good,122,long movie
2009,Katalin Varga,"Crime, Drama, Thriller",7.0,good,82,average length movie
2010,Das letzte Schweigen,"Crime, Drama, Thriller",7.0,good,118,long movie
2009,Uzak Ihtimal,Drama,7.0,good,90,average length movie
2009,Nedodrzaný slub,"Biography, Drama, Family",7.0,good,129,long movie
2010,Karthik Calling Karthik,"Drama, Mystery, Thriller",7.0,good,135,long movie
2010,La rafle,"Drama, History, War",7.0,good,115,long movie
2009,The Best Bar in America,"Adventure, Western",7.0,good,89,average length movie
2009,Tin shui wai dik ye yu mo,"Crime, Drama",7.0,good,122,long movie
2009,Pokhoronite menya za plintusom,Drama,7.0,good,117,long movie
2010,Hesher,"Comedy, Crime, Drama",7.0,good,106,long movie
2010,Passione,"History, Music",7.0,good,90,average length movie
2009,Plan B,"Comedy, Drama, Romance",7.0,good,103,long movie
2009,Insutanto numa,Comedy,7.0,good,120,long movie
2010,Beneath Hill 60,"Drama, History, War",7.0,good,122,long movie
2009,General Nil,"Biography, Drama, History",7.0,good,125,long movie
2010,Dog Pound,Drama,7.0,good,91,average length movie
2008,Apenas o Fim,"Comedy, Romance",7.0,good,80,average length movie
2009,Kutty Srank: The Sailor of Hearts,Drama,7.0,good,127,long movie
2010,Dhobi Ghat,Drama,7.0,good,100,long movie
2010,Svinalängorna,Drama,7.0,good,99,average length movie
2008,La pasión de Gabriel,Drama,7.0,good,86,average length movie
2010,Ways to Live Forever,"Drama, Family",7.0,good,90,average length movie
2010,Poll,Drama,7.0,good,129,long movie
2008,Akasa Kusum,Drama,7.0,good,90,average length movie
2009,Insha'Allah,Drama,7.0,good,55,short movie
2009,Higashi no Eden Gekijoban I: The King of Eden,"Animation, Action, Comedy",7.0,good,80,average length movie
2010,Buried,"Drama, Mystery, Thriller",7.0,good,95,average length movie
2010,Stationspiraten,Drama,7.0,good,90,average length movie
2010,Higashi no Eden Gekijôban II: Paradise Lost,"Animation, Action, Comedy",7.0,good,90,average length movie
2010,"Marti, dupã Crãciun","Drama, Romance",7.0,good,99,average length movie
2009,Artimos sviesos,Drama,7.0,good,92,average length movie
2009,Sirta la gal ba,Drama,7.0,good,88,average length movie
2009,Kape neuwareu,"Drama, Romance",7.0,good,197,epic movie
2010,Smukke mennesker,Drama,7.0,good,93,average length movie
2009,Baanam,"Action, Drama",7.0,good,115,long movie
2010,Nightbeasts,"Horror, Sci-Fi",7.0,good,80,average length movie
2009,Maimai Shinko to sennen no mahô,"Animation, Adventure, Dram",7.0,good,93,average length movie
2009,Tenshi no koi,"Drama, Romance",7.0,good,119,long movie
2009,Bornova Bornova,Drama,7.0,good,92,average length movie
2009,Kawasakiho ruze,Drama,7.0,good,100,long movie
2009,Olhos Azuis,Drama,7.0,good,111,long movie
2010,Neds,Drama,7.0,good,124,long movie
2010,Morgen,Drama,7.0,good,100,long movie
2010,Striker,"Action, Crime, Drama",7.0,good,128,long movie
2010,Beck,"Drama, Music",7.0,good,145,long movie
2010,Gekijouban Fate/stay night: Unlimited Blade Works,"Animation, Action, Drama",7.0,good,107,long movie
2010,Kak ya provyol etim letom,Drama,7.0,good,130,long movie
2010,Eyyvah Eyvah,Comedy,7.0,good,104,long movie
2010,Vincent will Meer,Drama,7.0,good,96,average length movie
2010,Aaptharakshaka,"Horror, Mystery",7.0,good,130,long movie
2010,Johan Primero,"Comedy, Drama, Romance",7.0,good,78,average length movie
2010,Meitantei Conan: Tenkuu no rosuto shippu,"Animation, Action, Adventu",7.0,good,103,long movie
2010,Ichimai no hagaki,"Drama, Romance, War",7.0,good,114,long movie
2010,Tres metros sobre el cielo,"Action, Drama, Romance",7.0,good,118,long movie
2010,Piché: entre ciel et terre,"Adventure, Biography, Dram",7.0,good,107,long movie
2010,Best Actor,"Comedy, Drama",7.0,good,155,long movie
2010,Aakrosh,"Action, Crime, Thriller",7.0,good,115,long movie
2010,Jiabiangou,Drama,7.0,good,112,long movie
2010,The Trip,"Comedy, Drama",7.0,good,112,long movie
2010,Trolljegeren,"Drama, Fantasy, Horror",7.0,good,103,long movie
2010,Serzanta Lapina atgriesanas,"Comedy, Drama",7.0,good,80,average length movie
2010,Mee Sindhutai Sapkal,"Biography, Drama",7.0,good,110,long movie
2010,Podslon,"Comedy, Drama",7.0,good,88,average length movie
2010,Gölgeler ve Suretler,Drama,7.0,good,116,long movie
2010,The Hooker with a Heart of Gold,"Action, Comedy, Thriller",7.0,good,149,long movie
2006,Hridoyer Kotha,Drama,7.0,good,138,long movie
2009,Zenda,Drama,7.0,good,118,long movie
2008,Budhivanta,"Crime, Drama, Thriller",7.0,good,138,long movie
2008,Moggina Manasu,"Music, Romance",7.0,good,149,long movie
2009,Ilampuyal,"Action, Romance",7.0,good,140,long movie
2005,A Film by Aravind,"Horror, Mystery",7.0,good,150,long movie
2005,Hot Wheels Acceleracers the Ultimate Race,Animation,7.0,good,60,average length movie
2007,Partition,"Drama, Romance",6.9,good,116,long movie
2007,Terra Sonâmbula,Drama,6.9,good,97,average length movie
2005,Rent,"Drama, Musical, Romance",6.9,good,135,long movie
2006,Mission: Impossible III,"Action, Adventure, Thrille",6.9,good,126,long movie
2006,"Arrivederci amore, ciao","Crime, Drama, Thriller",6.9,good,107,long movie
2005,Madagascar,"Animation, Adventure, Come",6.9,good,86,average length movie
2008,The Flyboys,"Action, Adventure, Drama",6.9,good,118,long movie
2005,"The Chronicles of Narnia: The Lion, the Witch and t","Adventure, Family, Fantasy",6.9,good,143,long movie
2008,Lymelife,"Comedy, Drama, Romance",6.9,good,95,average length movie
2005,Las mantenidas sin sueños,"Comedy, Drama",6.9,good,97,average length movie
2005,Syriana,"Drama, Thriller",6.9,good,128,long movie
2005,Sorstalanság,"Drama, Romance, War",6.9,good,140,long movie
2007,I'm Not There,"Biography, Drama, Music",6.9,good,135,long movie
2008,Che: Part Two,"Biography, Drama, History",6.9,good,135,long movie
2008,Carlston za Ognjenku,"Comedy, Drama, Fantasy",6.9,good,86,average length movie
2005,Heights,"Drama, Romance",6.9,good,93,average length movie
2005,Mozart and the Whale,"Comedy, Drama, Romance",6.9,good,94,average length movie
2005,Leef!,Drama,6.9,good,110,long movie
2005,Wedding Crashers,"Comedy, Romance",6.9,good,119,long movie
2005,A fény ösvényei,Drama,6.9,good,90,average length movie
2005,The Chumscrubber,"Comedy, Drama",6.9,good,108,long movie
2006,The Guardian,"Action, Adventure, Drama",6.9,good,139,long movie
2005,The Mighty Celt,Drama,6.9,good,82,average length movie
2005,On a Clear Day,"Comedy, Drama, Romance",6.9,good,95,average length movie
2006,Taxidermia,"Comedy, Drama, Horror",6.9,good,91,average length movie
2005,Junebug,"Comedy, Drama",6.9,good,106,long movie
2006,Gridiron Gang,"Biography, Crime, Drama",6.9,good,125,long movie
2006,Alpha Dog,"Biography, Crime, Drama",6.9,good,118,long movie
2005,Eve and the Fire Horse,Drama,6.9,good,92,average length movie
2005,Der Schatz der weißen Falken,"Family, Adventure",6.9,good,92,average length movie
2008,Gå med fred Jamil - Ma salama Jamil,"Action, Drama",6.9,good,90,average length movie
2005,Harsh Times,"Action, Crime, Drama",6.9,good,116,long movie
2006,Nachtrit,"Crime, Drama, Thriller",6.9,good,90,average length movie
2005,Kalpurush,Drama,6.9,good,120,long movie
2006,Tu vida en 65',"Drama, Romance",6.9,good,100,long movie
2005,Sun gaing hup nui,"Drama, Comedy",6.9,good,93,average length movie
2006,Ein Freund von mir,"Comedy, Drama",6.9,good,84,average length movie
2005,Les amants réguliers,"Drama, Romance",6.9,good,183,epic movie
2005,Geuddae geusaramdeul,"Comedy, Drama, History",6.9,good,102,long movie
2005,Achuvinte Amma,"Comedy, Drama, Family",6.9,good,130,long movie
2006,Grounding - Die letzten Tage der Swissair,Drama,6.9,good,131,long movie
2005,15 días contigo,"Comedy, Drama",6.9,good,94,average length movie
2007,Sweetzer,Comedy,6.9,good,105,long movie
2005,Sachein,"Comedy, Drama, Romance",6.9,good,145,long movie
2006,La raison du plus faible,"Crime, Drama, Thriller",6.9,good,116,long movie
2005,Night of the Dog,"Adventure, Comedy, Romance",6.9,good,86,average length movie
2006,Requiem,"Drama, Horror",6.9,good,93,average length movie
2005,The American Ruling Class,"Comedy, Music",6.9,good,88,average length movie
2006,Goya's Ghosts,"Biography, Drama, History",6.9,good,113,long movie
2006,Dikkenek,Comedy,6.9,good,84,average length movie
2006,Un mundo maravilloso,"Comedy, Drama, Thriller",6.9,good,118,long movie
2005,Bashing,Drama,6.9,good,82,average length movie
2005,Kamyu nante shiranai,Drama,6.9,good,115,long movie
2006,Knyaz Vladimir. Film pervyy,"Animation, Action, Drama",6.9,good,78,average length movie
2006,The Holiday,"Comedy, Romance",6.9,good,136,long movie
2006,Laitakaupungin valot,"Crime, Drama",6.9,good,78,average length movie
2006,The Devil Wears Prada,"Comedy, Drama",6.9,good,109,long movie
2006,Inland Empire,"Drama, Mystery, Thriller",6.9,good,180,epic movie
2005,Geuk jang jeon,Drama,6.9,good,89,average length movie
2006,Black Snake Moan,"Drama, Music",6.9,good,116,long movie
2005,Le filmeur,Drama,6.9,good,97,average length movie
2006,Sillunu Oru Kadhal,"Drama, Romance",6.9,good,175,long movie
2005,Daenseo-ui sunjeong,"Comedy, Drama, Music",6.9,good,110,long movie
2006,Nuovomondo,"Drama, History, Romance",6.9,good,118,long movie
2005,Love + Hate,Drama,6.9,good,86,average length movie
2005,Sto je Iva snimila 21. listopada 2003.,Drama,6.9,good,92,average length movie
2005,Sto je muskarac bez brkova?,"Comedy, Drama, Romance",6.9,good,109,long movie
2006,Local Color,Drama,6.9,good,107,long movie
2006,The Half Life of Timofey Berezin,Drama,6.9,good,97,average length movie
2005,Scrap Heaven,Drama,6.9,good,117,long movie
2006,Derecho de familia,"Comedy, Drama",6.9,good,102,long movie
2006,Khadak,"Drama, Romance",6.9,good,104,long movie
2005,Shinobi,"Action, Drama, Fantasy",6.9,good,107,long movie
2005,Inu no eiga,Family,6.9,good,96,average length movie
2006,La gran final,Comedy,6.9,good,88,average length movie
2005,Odgrobadogroba,"Comedy, Drama",6.9,good,103,long movie
2005,Meet Me in Miami,"Comedy, Family, Romance",6.9,good,94,average length movie
2006,Malamaal Weekly,"Comedy, Drama, Romance",6.9,good,137,long movie
2006,Bummm!,Drama,6.9,good,103,long movie
2008,Were the World Mine,"Adventure, Comedy, Fantasy",6.9,good,95,average length movie
2005,Hong yan,Drama,6.9,good,93,average length movie
2005,Sommer vorm Balkon,Drama,6.9,good,107,long movie
2005,Viva Cuba,"Comedy, Drama",6.9,good,80,average length movie
2007,Knocked Up,"Comedy, Romance",6.9,good,129,long movie
2005,Itsuka dokusho suruhi,"Drama, Romance",6.9,good,127,long movie
2005,Karov La Bayit,Drama,6.9,good,98,average length movie
2006,Special,"Comedy, Drama, Sci-Fi",6.9,good,81,average length movie
2006,Crank,"Action, Crime, Thriller",6.9,good,88,average length movie
2005,Mein Name ist Eugen,"Adventure, Comedy, Family",6.9,good,100,long movie
2006,Saga no gabai-baachan,"Drama, Family",6.9,good,104,long movie
2006,Zuzu Angel,"Biography, Drama, History",6.9,good,108,long movie
2006,Miss Potter,"Biography, Drama",6.9,good,88,average length movie
2005,Apocalipsur,Drama,6.9,good,101,long movie
2006,"Szabadság, szerelem","Drama, History, Romance",6.9,good,123,long movie
2006,Histoire de famille,"Comedy, Drama",6.9,good,165,long movie
2006,Las manos,Drama,6.9,good,119,long movie
2006,London to Brighton,"Crime, Drama, Thriller",6.9,good,85,average length movie
2006,Somebodies,Comedy,6.9,good,88,average length movie
2005,Andel páne,"Comedy, Family, Fantasy",6.9,good,90,average length movie
2007,De laatste zomer,Drama,6.9,good,95,average length movie
2006,Dek hor,"Drama, Horror",6.9,good,110,long movie
2007,Ocean's Thirteen,"Crime, Thriller",6.9,good,122,long movie
2006,True North,"Drama, Thriller",6.9,good,96,average length movie
2005,Sandai Kozhi,Action,6.9,good,151,long movie
2006,Coeurs,"Drama, Romance",6.9,good,120,long movie
2006,Yoru no pikunikku,Drama,6.9,good,117,long movie
2005,Yamim Kfuim,"Drama, Mystery, Thriller",6.9,good,90,average length movie
2007,Le renard et l'enfant,"Adventure, Drama, Family",6.9,good,92,average length movie
2006,Lemarit Ain,"Drama, Mystery",6.9,good,86,average length movie
2009,Storm,Drama,6.9,good,103,long movie
2006,Mei man ren sheng,Drama,6.9,good,105,long movie
2006,La terra,"Crime, Drama",6.9,good,112,long movie
2007,Am Ende kommen Touristen,Drama,6.9,good,85,average length movie
2007,Nothing Is Private,Drama,6.9,good,124,long movie
2006,Sakuran,"Drama, History",6.9,good,111,long movie
2007,It Is Fine! Everything Is Fine.,Drama,6.9,good,74,average length movie
2007,Yoru no Shanghai,"Drama, Romance",6.9,good,110,long movie
2005,Hazard,"Crime, Drama",6.9,good,103,long movie
2006,Electroma,"Drama, Sci-Fi",6.9,good,74,average length movie
2006,Doraemon: Nobita no kyôryû,"Animation, Adventure, Come",6.9,good,107,long movie
2006,Mýrin,"Crime, Drama, Mystery",6.9,good,93,average length movie
2005,Air,"Animation, Adventure, Dram",6.9,good,91,average length movie
2009,The Good Heart,"Comedy, Drama",6.9,good,99,average length movie
2007,Dans la ville de Sylvia,Drama,6.9,good,84,average length movie
2009,Bright Star,"Biography, Drama, Romance",6.9,good,119,long movie
2006,Quei loro incontri,Drama,6.9,good,68,average length movie
2007,The Little Traitor,Drama,6.9,good,88,average length movie
2006,Gajokeui tansaeng,Drama,6.9,good,113,long movie
2006,Daratt,Drama,6.9,good,96,average length movie
2007,L'ennemi intime,"Drama, History, War",6.9,good,111,long movie
2006,Zarf Tarek,"Comedy, Romance",6.9,good,108,long movie
2006,Sve dzaba,"Comedy, Drama",6.9,good,94,average length movie
2008,Gardens of the Night,Drama,6.9,good,110,long movie
2007,Padre Nuestro,"Drama, Thriller",6.9,good,110,long movie
2006,Haebyeonui yeoin,"Comedy, Drama, Romance",6.9,good,127,long movie
2007,Lora,"Drama, Romance",6.9,good,116,long movie
2008,Step Brothers,Comedy,6.9,good,98,average length movie
2006,Pazachyt na myrtvite,Drama,6.9,good,105,long movie
2009,My Dog Tulip,"Animation, Drama",6.9,good,83,average length movie
2007,Still Small Voices,"Drama, Fantasy, Mystery",6.9,good,90,average length movie
2009,Cloudy with a Chance of Meatballs,"Animation, Adventure, Come",6.9,good,90,average length movie
2007,Bluff,"Comedy, Thriller",6.9,good,95,average length movie
2006,Nue propriété,Drama,6.9,good,95,average length movie
2008,The Village Barbershop,"Comedy, Drama",6.9,good,99,average length movie
2008,The Duchess,"Biography, Drama, History",6.9,good,110,long movie
2007,Iszka utazása,"Adventure, Drama",6.9,good,92,average length movie
2006,Karutha Pakshikal,Drama,6.9,good,120,long movie
2005,Gekijouban Poketto monsutâ Adobansu jenerêshon: Myu,"Animation, Action, Adventu",6.9,good,103,long movie
2005,Mahiha ashegh mishavand,"Drama, Romance",6.9,good,96,average length movie
2006,Maimuni prez zimata,Drama,6.9,good,111,long movie
2006,Tegami,Drama,6.9,good,121,long movie
2007,Giorni e nuvole,Drama,6.9,good,118,long movie
2006,Achanurangatha Veedu,Drama,6.9,good,120,long movie
2006,Franz + Polina,"Drama, Romance, War",6.9,good,124,long movie
2007,Soom,Drama,6.9,good,84,average length movie
2006,The Bridge,Drama,6.9,good,69,average length movie
2007,Sad Vacation,Drama,6.9,good,136,long movie
2008,Caos calmo,"Drama, Romance",6.9,good,105,long movie
2007,Jedné noci v jednom meste,"Animation, Comedy, Horror",6.9,good,76,average length movie
2006,Pravidla lzi,Drama,6.9,good,119,long movie
2007,¿Quién mató a la llamita blanca?,Comedy,6.9,good,112,long movie
2006,Pen choo kab pee,"Horror, Mystery, Romance",6.9,good,94,average length movie
2008,Fashion,Drama,6.9,good,167,long movie
2008,Skin,"Biography, Drama",6.9,good,107,long movie
2010,The Conspirator,"Crime, Drama, History",6.9,good,122,long movie
2007,Ceux qui restent,Drama,6.9,good,93,average length movie
2008,The Lucky Ones,"Comedy, Drama, War",6.9,good,115,long movie
2007,A Casa de Alice,Drama,6.9,good,92,average length movie
2007,Gekijô-ban Naruto shippûden,"Animation, Action, Adventu",6.9,good,94,average length movie
2007,The Debt,"Drama, Thriller",6.9,good,100,long movie
2005,Tsiou...,Comedy,6.9,good,83,average length movie
2008,L'apprenti,Drama,6.9,good,82,average length movie
2006,Huhwihaji anha,"Drama, Romance",6.9,good,113,long movie
2007,Saido kâ ni inu,Drama,6.9,good,94,average length movie
2007,Tenkôsei: Sayonara anata,Drama,6.9,good,120,long movie
2008,Tummien perhosten koti,Drama,6.9,good,108,long movie
2008,Prince of Broadway,Drama,6.9,good,100,long movie
2005,Zoo,Horror,6.9,good,120,long movie
2007,Mogari no mori,Drama,6.9,good,97,average length movie
2007,Zuo you,Drama,6.9,good,115,long movie
2007,Cão Sem Dono,Drama,6.9,good,82,average length movie
2008,Something Is Killing Tate,Drama,6.9,good,78,average length movie
2007,Khaw hai rak jong jaroen,"Drama, Romance",6.9,good,110,long movie
2007,August Evening,Drama,6.9,good,128,long movie
2007,Foster Child,Drama,6.9,good,98,average length movie
2010,The Book of Eli,"Action, Adventure, Drama",6.9,good,118,long movie
2009,Mammoth,"Drama, Romance",6.9,good,125,long movie
2007,Uahan segye,"Action, Comedy, Drama",6.9,good,109,long movie
2008,Nanayomachi,Drama,6.9,good,90,average length movie
2008,Asbe du-pa,Drama,6.9,good,101,long movie
2006,"Denias, Senandung di atas awan",Drama,6.9,good,110,long movie
2007,Rusuli samkudhedi,Thriller,6.9,good,121,long movie
2007,Rezerwat,Comedy,6.9,good,100,long movie
2007,The Photograph,Drama,6.9,good,94,average length movie
2008,"Patrik 1,5","Comedy, Drama, Romance",6.9,good,103,long movie
2009,Ink,"Action, Drama, Fantasy",6.9,good,107,long movie
2008,Tutta la vita davanti,"Comedy, Drama, Romance",6.9,good,117,long movie
2009,Ice Age: Dawn of the Dinosaurs,"Animation, Adventure, Come",6.9,good,94,average length movie
2009,Baarìa,"Comedy, Drama",6.9,good,163,long movie
2009,Joueuse,Drama,6.9,good,97,average length movie
2008,Dummy,Drama,6.9,good,86,average length movie
2007,Egon & Dönci,"Animation, Adventure, Come",6.9,good,75,average length movie
2006,Kratki stiki,Drama,6.9,good,105,long movie
2008,Frygtelig lykkelig,"Crime, Drama, Thriller",6.9,good,99,average length movie
2008,Milh Hadha al-Bahr,"Drama, Romance",6.9,good,109,long movie
2010,Louis,Drama,6.9,good,90,average length movie
2008,Fifty Dead Men Walking,"Crime, Drama, Thriller",6.9,good,117,long movie
2008,Nereikalingi zmones,Drama,6.9,good,96,average length movie
2007,Vorne ist verdammt weit weg,Comedy,6.9,good,97,average length movie
2009,Kan door huid heen,Drama,6.9,good,94,average length movie
2008,Versailles,Drama,6.9,good,102,long movie
2009,White Material,"Drama, War",6.9,good,106,long movie
2007,Russkaya igra,Comedy,6.9,good,95,average length movie
2008,Tausend Ozeane,Drama,6.9,good,83,average length movie
2009,Orphan,"Horror, Mystery, Thriller",6.9,good,123,long movie
2008,Ballast,Drama,6.9,good,96,average length movie
2009,Vincere,"Biography, Drama, Romance",6.9,good,128,long movie
2010,Na putu,Drama,6.9,good,100,long movie
2009,Cea mai fericitã fatã din lume,"Comedy, Drama",6.9,good,99,average length movie
2009,Eden à l'Ouest,Drama,6.9,good,110,long movie
2009,City of Life,"Drama, Romance",6.9,good,119,long movie
2008,Rumba,Comedy,6.9,good,77,average length movie
2009,Clancy,Drama,6.9,good,119,long movie
2009,OSS 117: Rio ne répond plus,"Action, Adventure, Comedy",6.9,good,101,long movie
2008,Somers Town,"Comedy, Drama",6.9,good,71,average length movie
2009,Whip It,"Drama, Sport",6.9,good,111,long movie
2008,Chocolate,"Action, Drama",6.9,good,110,long movie
2009,Triangle,"Fantasy, Mystery, Thriller",6.9,good,99,average length movie
2007,Ilya Muromets i Solovey Razboynik,"Animation, Adventure, Fami",6.9,good,80,average length movie
2010,Cemetery Junction,"Comedy, Drama",6.9,good,95,average length movie
2009,The Lost Skeleton Returns Again,Comedy,6.9,good,92,average length movie
2008,La siciliana ribelle,"Crime, Drama",6.9,good,115,long movie
2008,Jannat: In Search of Heaven...,"Crime, Drama, Romance",6.9,good,140,long movie
2010,Legend of the Guardians: The Owls of Ga'Hoole,"Animation, Action, Adventu",6.9,good,97,average length movie
2008,Welcome to Sajjanpur,"Comedy, Drama",6.9,good,133,long movie
2009,Made in Hungaria,"Biography, Comedy, Music",6.9,good,109,long movie
2008,Yurev den,"Drama, Mystery",6.9,good,137,long movie
2008,Ting che,Drama,6.9,good,112,long movie
2008,Valami Amerika 2,Comedy,6.9,good,110,long movie
2009,Complici del silenzio,Drama,6.9,good,100,long movie
2008,HottieBoombaLottie,Comedy,6.9,good,80,average length movie
2008,Zenzen daijobu,"Comedy, Romance",6.9,good,110,long movie
2009,A Matter of Size,"Comedy, Drama, Romance",6.9,good,90,average length movie
2007,Ai qing de ya chi,Drama,6.9,good,114,long movie
2008,Shiva,"Drama, Romance",6.9,good,103,long movie
2009,Questione di cuore,"Comedy, Drama",6.9,good,104,long movie
2009,World's Greatest Dad,"Comedy, Drama",6.9,good,99,average length movie
2008,Hái-kak chhit-ho,"Comedy, Drama, Music",6.9,good,129,long movie
2009,To Save a Life,Drama,6.9,good,120,long movie
2008,Boisko bezdomnych,"Comedy, Drama",6.9,good,119,long movie
2008,Venkovský ucitel,"Drama, Romance",6.9,good,117,long movie
2008,El cuerno de la abundancia,Comedy,6.9,good,108,long movie
2009,Mademoiselle Chambon,"Drama, Romance",6.9,good,101,long movie
2008,La journée de la jupe,Drama,6.9,good,87,average length movie
2008,Mukhbiir,"Crime, Drama, Mystery",6.9,good,132,long movie
2008,En tu ausencia,Drama,6.9,good,95,average length movie
2008,Buta ga ita kyôshitsu,"Comedy, Drama",6.9,good,109,long movie
2008,Calimucho,Drama,6.9,good,93,average length movie
2009,Johan Falk: GSI - Gruppen för särskilda insatser,"Action, Crime, Thriller",6.9,good,118,long movie
2008,Nenu Meeku Telusa...?,Thriller,6.9,good,132,long movie
2009,Gukga daepyo,"Drama, Sport",6.9,good,137,long movie
2008,Li Mi de caixiang,"Crime, Drama, Romance",6.9,good,96,average length movie
2008,Shiawase no kaori,Drama,6.9,good,124,long movie
2008,Sheva Dakot Be'gan Eden,Drama,6.9,good,94,average length movie
2008,Aoi tori,Drama,6.9,good,105,long movie
2009,Machotaildrop,"Action, Comedy, Fantasy",6.9,good,91,average length movie
2010,Da bing xiao jiang,"Action, Adventure, Comedy",6.9,good,96,average length movie
2010,Zena sa slomljenim nosem,"Comedy, Drama, Romance",6.9,good,105,long movie
2010,Gainsbourg (Vie héroïque),"Biography, Drama, Music",6.9,good,135,long movie
2008,Ching yan,"Action, Thriller",6.9,good,109,long movie
2009,Norteado,Drama,6.9,good,95,average length movie
2009,Crying with Laughter,Thriller,6.9,good,93,average length movie
2010,The Kid,Drama,6.9,good,111,long movie
2009,Kûki ningyô,"Drama, Fantasy, Romance",6.9,good,125,long movie
2009,I skuggan av värmen,Drama,6.9,good,92,average length movie
2010,En ganske snill mann,"Comedy, Crime, Drama",6.9,good,113,long movie
2009,Mal día para pescar,"Comedy, Drama, Western",6.9,good,110,long movie
2009,Kaalbela,Drama,6.9,good,120,long movie
2010,La petite chambre,Drama,6.9,good,87,average length movie
2009,Lourdes,Drama,6.9,good,96,average length movie
2009,Jaffa,Drama,6.9,good,106,long movie
2009,Carol I,"Biography, Drama, History",6.9,good,90,average length movie
2008,Hassan wa Morcus,"Comedy, Drama",6.9,good,120,long movie
2009,Jûryoku piero,Drama,6.9,good,118,long movie
2010,Diciotto anni dopo,"Comedy, Drama",6.9,good,100,long movie
2010,Mooz-Lum,"Drama, Family",6.9,good,94,average length movie
2010,Rann,"Drama, Mystery, Thriller",6.9,good,137,long movie
2010,Napapiirin sankarit,"Comedy, Drama, Romance",6.9,good,92,average length movie
2010,Pa negre,"Crime, Drama",6.9,good,108,long movie
2009,Kelin,"Drama, History",6.9,good,82,average length movie
2009,Antes Que o Mundo Acabe,Drama,6.9,good,104,long movie
2010,Lang & gelukkig,"Comedy, Fantasy, Music",6.9,good,90,average length movie
2009,Hottarake no shima - Haruka to maho no kagami,"Animation, Action, Adventu",6.9,good,93,average length movie
2010,Abel,"Comedy, Drama",6.9,good,82,average length movie
2009,Melodiya dlya sharmanki,Drama,6.9,good,153,long movie
2009,Geu-rim-ja sal-in,Thriller,6.9,good,111,long movie
2010,Till det som är vackert,Drama,6.9,good,97,average length movie
2009,Lebanon,"Drama, War",6.9,good,93,average length movie
2010,The Show Must Go On,"Drama, Sci-Fi, Thriller",6.9,good,80,average length movie
2009,Brecha,Drama,6.9,good,89,average length movie
2010,The Sentimental Engine Slayer,Drama,6.9,good,97,average length movie
2008,"Ashkan, angoshtar-e motebarek va dastan-haye digar",Drama,6.9,good,92,average length movie
2009,Khwaam jam sun... Tae rak chan yao,"Drama, Romance",6.9,good,117,long movie
2010,Obselidia,Drama,6.9,good,103,long movie
2010,Trust,"Crime, Drama, Thriller",6.9,good,106,long movie
2010,Ui-hyeong-je,"Action, Drama",6.9,good,117,long movie
2010,Treacle Jr.,Drama,6.9,good,82,average length movie
2009,Emak Ingin Naik Haji,Drama,6.9,good,98,average length movie
2010,Les émotifs anonymes,"Comedy, Romance",6.9,good,80,average length movie
2007,Adeul,Drama,6.9,good,109,long movie
2010,Inuk,"Adventure, Drama",6.9,good,90,average length movie
2010,Bindaas,"Action, Drama, Family",6.9,good,143,long movie
2010,Maen-bal-eui ggoom,"Drama, Sport",6.9,good,121,long movie
2010,Aarekti Premer Golpo,Drama,6.9,good,128,long movie
2009,Cheun,"Action, Crime, Drama",6.9,good,99,average length movie
2010,Báng-kah,"Action, Crime, Drama",6.9,good,140,long movie
2010,Loft,"Crime, Drama, Thriller",6.9,good,108,long movie
2010,Hanamizuki,"Adventure, Drama, Romance",6.9,good,128,long movie
2010,I Am,Drama,6.9,good,95,average length movie
2008,De Dhakka,Family,6.9,good,114,long movie
2010,Sin retorno,"Drama, Thriller",6.9,good,104,long movie
2010,Schaste moe,"Adventure, Drama",6.9,good,127,long movie
2010,Velódromo,Comedy,6.9,good,110,long movie
2010,Une vie de chat,"Animation, Adventure, Come",6.9,good,70,average length movie
2010,Kaitanshi jokei,Drama,6.9,good,152,long movie
2010,Di si zhang hua,Drama,6.9,good,105,long movie
2010,Principles of Life,Drama,6.9,good,97,average length movie
2010,Gekijouban Kidou senshi Gandamu 00: A wakening of t,"Animation, Action, Adventu",6.9,good,121,long movie
2010,Dus Tola,"Comedy, Drama",6.9,good,120,long movie
2010,Saya-zamurai,Comedy,6.9,good,103,long movie
2010,De Caravana,Adventure,6.9,good,100,long movie
2010,Joanna,"Drama, War",6.9,good,110,long movie
2010,Kai apkabinsiu tave,Drama,6.9,good,90,average length movie
2010,Musanilgi,Drama,6.9,good,127,long movie
2010,Piercing I,"Animation, Crime, Drama",6.9,good,103,long movie
2010,Hich,"Comedy, Drama",6.9,good,84,average length movie
2010,Marham,Drama,6.9,good,91,average length movie
2010,Yes or No: Yaak Rak Gaw Rak Loey,"Comedy, Romance",6.9,good,102,long movie
2009,Dai wo qu yuan fang,Drama,6.9,good,96,average length movie
2005,Molla Barir Bou,"Comedy, Drama, Family",6.9,good,156,long movie
2010,RiffTrax Live: House on Haunted Hill,"Comedy, Horror",6.9,good,116,long movie
2009,El Farah,Drama,6.9,good,95,average length movie
2010,Shikshanachya Aaicha Gho,Comedy,6.9,good,103,long movie
2010,Akage no An: Gurîn Gêburuzu e no michi,"Animation, Drama, Family",6.9,good,100,long movie
2006,Khoda Nazdik Ast,Drama,6.9,good,90,average length movie
2010,Vidas Em Paralelo,"Comedy, Crime, Drama",6.9,good,85,average length movie
2010,A zöld sárkány gyermekei,Drama,6.8,good,89,average length movie
2005,Iluminados por el fuego,"Adventure, Drama, War",6.8,good,100,long movie
2005,El viento,"Drama, Romance",6.8,good,92,average length movie
2005,Sabah,"Comedy, Drama, Romance",6.8,good,86,average length movie
2005,Waiting...,Comedy,6.8,good,94,average length movie
2006,Tenacious D in The Pick of Destiny,"Adventure, Comedy, Music",6.8,good,93,average length movie
2005,The Upside of Anger,"Comedy, Drama",6.8,good,118,long movie
2005,Mirrormask,"Adventure, Fantasy",6.8,good,101,long movie
2005,Stay,"Drama, Mystery, Thriller",6.8,good,99,average length movie
2006,Tristan + Isolde,"Action, Drama, Romance",6.8,good,125,long movie
2005,Schneeland,"Drama, Romance",6.8,good,142,long movie
2005,Oliver Twist,"Crime, Drama",6.8,good,130,long movie
2005,Waqt: The Race Against Time,"Comedy, Drama, Family",6.8,good,153,long movie
2006,Sportman van de Eeuw,"Comedy, Drama, Romance",6.8,good,100,long movie
2005,States of Grace,Drama,6.8,good,128,long movie
2005,The Devil's Rejects,Horror,6.8,good,107,long movie
2005,Willenbrock,"Drama, Crime",6.8,good,105,long movie
2007,Meet the Robinsons,"Animation, Adventure, Come",6.8,good,95,average length movie
2008,Bolt,"Animation, Adventure, Come",6.8,good,96,average length movie
2005,The Island,"Action, Sci-Fi, Thriller",6.8,good,136,long movie
2005,End of the Spear,"Adventure, Biography, Dram",6.8,good,108,long movie
2005,Nordkraft,"Crime, Drama, Romance",6.8,good,125,long movie
2008,Rudo y Cursi,"Comedy, Drama, Sport",6.8,good,106,long movie
2005,Kousek nebe,Romance,6.8,good,88,average length movie
2005,Cheong yeon,Romance,6.8,good,132,long movie
2005,Come Away Home,"Drama, Family",6.8,good,102,long movie
2006,The Lake House,"Drama, Fantasy, Romance",6.8,good,99,average length movie
2005,Les yeux clairs,"Comedy, Drama",6.8,good,87,average length movie
2007,Elizabeth: The Golden Age,"Biography, Drama, History",6.8,good,114,long movie
2005,The War Within,Drama,6.8,good,90,average length movie
2007,Martian Child,"Comedy, Drama, Family",6.8,good,106,long movie
2006,Der rote Kakadu,"Comedy, Drama, History",6.8,good,128,long movie
2005,Dreamer: Inspired by a True Story,"Drama, Family, Sport",6.8,good,106,long movie
2006,Princess,"Animation, Action, Drama",6.8,good,82,average length movie
2005,Wah-Wah,"Comedy, Drama",6.8,good,120,long movie
2005,Gespenster,Drama,6.8,good,85,average length movie
2006,Holly,Drama,6.8,good,114,long movie
2008,Street Kings,"Action, Crime, Drama",6.8,good,109,long movie
2005,Imagine Me & You,"Comedy, Drama, Romance",6.8,good,90,average length movie
2006,Copying Beethoven,"Biography, Drama, Music",6.8,good,104,long movie
2006,Pope Dreams,Drama,6.8,good,105,long movie
2005,De indringer,"Mystery, Thriller",6.8,good,109,long movie
2005,Four Brothers,"Action, Crime, Drama",6.8,good,109,long movie
2005,L'enfer,Drama,6.8,good,102,long movie
2008,Role Models,Comedy,6.8,good,99,average length movie
2005,Jogo Subterrâneo,"Romance, Drama",6.8,good,109,long movie
2005,Árido Movie,Drama,6.8,good,100,long movie
2005,Mørke,"Drama, Thriller",6.8,good,124,long movie
2006,Boy Culture,"Drama, Romance",6.8,good,88,average length movie
2006,Kidulthood,"Crime, Drama, Romance",6.8,good,89,average length movie
2005,Ma vie en l'air,"Comedy, Romance",6.8,good,103,long movie
2006,Ice Age: The Meltdown,"Animation, Adventure, Come",6.8,good,91,average length movie
2006,Noel: Poeta da Vila,Drama,6.8,good,99,average length movie
2005,2 Filhos de Francisco: A História de Zezé di Camarg,"Biography, Drama",6.8,good,132,long movie
2006,Strajk - Die Heldin von Danzig,Drama,6.8,good,104,long movie
2005,Netto,Drama,6.8,good,87,average length movie
2005,Gypo,"Drama, Family",6.8,good,98,average length movie
2005,Keeping Mum,"Comedy, Crime",6.8,good,99,average length movie
2006,Mon fils à moi,Drama,6.8,good,79,average length movie
2006,La stella che non c'è,Drama,6.8,good,103,long movie
2006,Kráska v nesnázích,"Comedy, Drama",6.8,good,110,long movie
2005,Qing ren jie,"Drama, Romance",6.8,good,113,long movie
2007,1408,"Fantasy, Horror, Mystery",6.8,good,104,long movie
2005,Gilane,"Drama, War",6.8,good,80,average length movie
2008,Horton Hears a Who!,"Animation, Adventure, Come",6.8,good,86,average length movie
2005,Naisu no mori: The First Contact,Comedy,6.8,good,150,long movie
2005,Die Viertelliterklasse,"Comedy, Drama",6.8,good,91,average length movie
2006,In a Day,"Comedy, Drama, Romance",6.8,good,81,average length movie
2005,AV,"Comedy, Drama, Romance",6.8,good,103,long movie
2007,Snow Angels,"Drama, Romance",6.8,good,107,long movie
2006,Caterpillar Wish,Drama,6.8,good,100,long movie
2005,'D',"Crime, Drama, Thriller",6.8,good,107,long movie
2005,Ru guo · Ai,"Drama, Musical, Romance",6.8,good,108,long movie
2005,In za pûru,Comedy,6.8,good,101,long movie
2007,The Hunting Party,"Adventure, Comedy, Drama",6.8,good,101,long movie
2006,Shin kyûseishu densetsu Hokuto no Ken: Raô den - Ju,"Animation, Action",6.8,good,95,average length movie
2006,Nachbeben,Drama,6.8,good,96,average length movie
2005,Pervye na Lune,"Mystery, Sci-Fi",6.8,good,75,average length movie
2005,Unter dem Eis,Drama,6.8,good,92,average length movie
2006,Tomorrow Is Today,"Drama, Romance",6.8,good,98,average length movie
2006,Transylvania,Drama,6.8,good,103,long movie
2006,The History Boys,"Comedy, Drama, Romance",6.8,good,109,long movie
2005,Kosmos kak predchuvstvie,Drama,6.8,good,90,average length movie
2006,Nafaka,"Action, Comedy, War",6.8,good,115,long movie
2005,Daiteiden no yoru ni,Drama,6.8,good,132,long movie
2005,Krisana,Drama,6.8,good,90,average length movie
2006,Yi ma de hou xian dai sheng huo,"Comedy, Drama, Romance",6.8,good,111,long movie
2006,Red Road,"Drama, Mystery, Thriller",6.8,good,113,long movie
2007,Rigas sargi,"Action, Drama, History",6.8,good,118,long movie
2005,Septyni nematomi zmones,Drama,6.8,good,119,long movie
2005,Espelho Mágico,"Drama, Music",6.8,good,137,long movie
2006,2:37,Drama,6.8,good,95,average length movie
2005,Yam yasothon,"Comedy, Romance",6.8,good,93,average length movie
2006,Xiaohai bu ben 2,"Comedy, Drama, Family",6.8,good,124,long movie
2006,Madeinusa,Drama,6.8,good,100,long movie
2006,Üvegtigris 2.,Comedy,6.8,good,103,long movie
2006,Mne ne bolno,"Drama, Romance",6.8,good,100,long movie
2005,Sud express,Drama,6.8,good,102,long movie
2008,21,"Crime, Drama, History",6.8,good,123,long movie
2006,Nos jours heureux,Comedy,6.8,good,103,long movie
2005,El taxista ful,Drama,6.8,good,90,average length movie
2005,"Annyeong, hyeonga",Drama,6.8,good,95,average length movie
2006,"Bon Cop, Bad Cop","Action, Comedy, Crime",6.8,good,116,long movie
2005,Naesaengae gajang areumdawun iljuil,Drama,6.8,good,129,long movie
2008,Kautokeino-opprøret,"Drama, History",6.8,good,96,average length movie
2007,Interview,Drama,6.8,good,84,average length movie
2007,Malos hábitos,Drama,6.8,good,103,long movie
2006,Electric Apricot,"Comedy, Music",6.8,good,92,average length movie
2006,Legãturi bolnãvicioase,Drama,6.8,good,86,average length movie
2006,Friss levegö,Drama,6.8,good,109,long movie
2006,Something Something... Unnakum Ennakum,Romance,6.8,good,178,long movie
2005,El colombian dream,"Comedy, Drama",6.8,good,120,long movie
2007,The Air I Breathe,"Crime, Drama, Thriller",6.8,good,95,average length movie
2007,Disturbia,"Crime, Drama, Mystery",6.8,good,105,long movie
2007,Les témoins,"Drama, Romance",6.8,good,112,long movie
2006,Big Nothing,"Comedy, Crime, Thriller",6.8,good,86,average length movie
2007,Welcome,"Comedy, Romance",6.8,good,159,long movie
2007,OrAngeLove,"Drama, Romance",6.8,good,92,average length movie
2008,Sarkar Raj,"Crime, Drama",6.8,good,125,long movie
2007,Un secret,"Drama, War",6.8,good,105,long movie
2007,Eagle vs Shark,"Comedy, Romance",6.8,good,88,average length movie
2006,Cover boy: L'ultima rivoluzione,Drama,6.8,good,93,average length movie
2006,Langer licht,Drama,6.8,good,85,average length movie
2005,Yuki ni negau koto,Drama,6.8,good,112,long movie
2006,Sutra ujutru,Drama,6.8,good,84,average length movie
2007,We Own the Night,"Crime, Drama, Thriller",6.8,good,117,long movie
2005,Yongseobadji mothan ja,Drama,6.8,good,121,long movie
2006,Pochi no kokuhaku,"Crime, Drama",6.8,good,195,epic movie
2006,Tusenbröder - Återkomsten,"Crime, Drama, Thriller",6.8,good,96,average length movie
2006,Prinzessin,"Drama, Romance",6.8,good,82,average length movie
2007,He Was a Quiet Man,"Drama, Romance, Thriller",6.8,good,95,average length movie
2006,The Nativity Story,"Drama, Family, History",6.8,good,101,long movie
2006,Fu zi,Drama,6.8,good,121,long movie
2006,Kabul Express,"Adventure, Comedy, Drama",6.8,good,105,long movie
2007,Flawless,"Crime, Drama, Thriller",6.8,good,108,long movie
2006,Kubrador,Drama,6.8,good,98,average length movie
2005,Vilniaus getas,"History, War",6.8,good,110,long movie
2007,The Jammed,"Drama, Thriller",6.8,good,89,average length movie
2007,"Ensemble, c'est tout","Drama, Romance",6.8,good,97,average length movie
2007,Den nya människan,Drama,6.8,good,104,long movie
2007,A Dog's Breakfast,Comedy,6.8,good,88,average length movie
2007,Death Sentence,"Action, Crime, Thriller",6.8,good,105,long movie
2007,Rendition,"Drama, Thriller",6.8,good,122,long movie
2005,Sangue: La morte non esiste,Drama,6.8,good,104,long movie
2006,Kogitsune Heren,"Drama, Family",6.8,good,104,long movie
2006,Machete,"Action, Adventure, Drama",6.8,good,90,average length movie
2007,Las 13 rosas,Drama,6.8,good,100,long movie
2009,The Belgrade Phantom,"Action, Crime, Drama",6.8,good,82,average length movie
2006,"De ma fenêtre, sans maison...",Drama,6.8,good,88,average length movie
2006,As esi tu,"Adventure, Romance",6.8,good,90,average length movie
2006,Anuranan,"Drama, Romance",6.8,good,113,long movie
2007,L'âge des ténèbres,"Comedy, Drama, Fantasy",6.8,good,104,long movie
2006,Horobicheu-reul wihayeo,Drama,6.8,good,108,long movie
2007,Rails & Ties,Drama,6.8,good,101,long movie
2008,Les femmes de l'ombre,"Drama, War",6.8,good,117,long movie
2006,L'étoile du soldat,"Drama, History, War",6.8,good,100,long movie
2007,Great World of Sound,"Comedy, Drama, Music",6.8,good,106,long movie
2007,The Indian,"Drama, Family, Romance",6.8,good,91,average length movie
2007,And When Did You Last See Your Father?,"Biography, Drama",6.8,good,92,average length movie
2007,Senki,"Drama, Horror, Mystery",6.8,good,129,long movie
2008,Goodnight Irene,"Comedy, Drama",6.8,good,98,average length movie
2007,Unfinished Sky,"Drama, Romance",6.8,good,94,average length movie
2007,2 Days in Paris,"Comedy, Drama, Romance",6.8,good,96,average length movie
2007,Walk Hard: The Dewey Cox Story,"Comedy, Music",6.8,good,96,average length movie
2008,The Brothers Bloom,"Action, Adventure, Comedy",6.8,good,114,long movie
2006,Eve Dönüs,Drama,6.8,good,101,long movie
2007,"Piano, solo","Biography, Drama, Music",6.8,good,104,long movie
2008,Vox Populi,"Comedy, Drama",6.8,good,100,long movie
2007,Grow Your Own,Comedy,6.8,good,101,long movie
2008,I'll Come Running,"Drama, Romance",6.8,good,112,long movie
2006,Ahlaam,Drama,6.8,good,110,long movie
2006,Prag,Drama,6.8,good,92,average length movie
2007,À l'intérieur,Horror,6.8,good,82,average length movie
2008,Clubbed,"Crime, Drama",6.8,good,95,average length movie
2006,Ilk Ask,"Comedy, Drama",6.8,good,120,long movie
2007,Ladrón que roba a ladrón,"Action, Adventure, Comedy",6.8,good,98,average length movie
2008,Sunshine Cleaning,"Comedy, Drama",6.8,good,91,average length movie
2007,Trick 'r Treat,"Comedy, Horror",6.8,good,82,average length movie
2007,Notturno bus,"Comedy, Crime, Drama",6.8,good,105,long movie
2007,The Jane Austen Book Club,"Comedy, Drama, Romance",6.8,good,106,long movie
2008,Paris,"Comedy, Drama, Romance",6.8,good,130,long movie
2006,Chuyen cua Pao,Drama,6.8,good,98,average length movie
2006,Nirontor,Drama,6.8,good,95,average length movie
2006,Os 12 Trabalhos,Drama,6.8,good,90,average length movie
2006,Margo,Drama,6.8,good,93,average length movie
2007,Der geköpfte Hahn,Drama,6.8,good,98,average length movie
2007,Sem Controle,"Drama, Thriller",6.8,good,90,average length movie
2006,Yi nian zhi chu,"Drama, Fantasy",6.8,good,113,long movie
2007,How About You...,"Comedy, Drama",6.8,good,87,average length movie
2006,Fascisti su Marte,"Comedy, Sci-Fi",6.8,good,100,long movie
2006,Pongryeok-sseokeul,"Action, Crime",6.8,good,100,long movie
2006,Buntat na L.,"Action, Drama",6.8,good,106,long movie
2007,Blodsbånd,"Crime, Drama",6.8,good,100,long movie
2007,Rise of the Footsoldier,"Action, Biography, Crime",6.8,good,119,long movie
2007,Breakfast with Scot,"Comedy, Drama, Music",6.8,good,90,average length movie
2008,Cosas insignificantes,Drama,6.8,good,98,average length movie
2008,Bottle Shock,"Comedy, Drama",6.8,good,110,long movie
2008,"Falco - Verdammt, wir leben noch!","Biography, Drama, Music",6.8,good,109,long movie
2007,Ainda Orangotangos,"Comedy, Drama, Music",6.8,good,81,average length movie
2007,Un baiser s'il vous plaît,"Comedy, Romance",6.8,good,96,average length movie
2008,Les hauts murs,Drama,6.8,good,92,average length movie
2007,Jagadam,Action,6.8,good,163,long movie
2009,The Boys Are Back,Drama,6.8,good,104,long movie
2006,Minyeo-neun goerowo,"Comedy, Drama, Music",6.8,good,120,long movie
2007,Querô,Drama,6.8,good,88,average length movie
2007,Le ring,Drama,6.8,good,87,average length movie
2010,Green Zone,"Action, Drama, Thriller",6.8,good,115,long movie
2008,Noah's Arc: Jumping the Broom,"Drama, Romance",6.8,good,101,long movie
2007,Armin,Drama,6.8,good,82,average length movie
2008,The Escapist,"Crime, Drama, Thriller",6.8,good,102,long movie
2009,Tetro,Drama,6.8,good,127,long movie
2007,Geu nom moksori,"Drama, Thriller",6.8,good,122,long movie
2007,Bekushiru: 2077 Nihon sakoku,"Animation, Action, Sci-Fi",6.8,good,109,long movie
2006,Aachi & Ssipak,"Animation, Action, Comedy",6.8,good,90,average length movie
2007,Chacun son cinéma ou Ce petit coup au coeur quand l,"Comedy, Drama",6.8,good,100,long movie
2006,Saep sanit sid saai naa,"Comedy, Romance",6.8,good,95,average length movie
2007,Cheeni Kum,"Comedy, Romance",6.8,good,140,long movie
2010,Fair Game,"Biography, Drama, Thriller",6.8,good,108,long movie
2008,Ulak,"Fantasy, Mystery",6.8,good,109,long movie
2006,Shi san ke pao tong,Drama,6.8,good,100,long movie
2006,Cafe Setareh,"Drama, Romance",6.8,good,100,long movie
2007,Dou foh sin,"Action, Crime, Thriller",6.8,good,88,average length movie
2007,Ploy,Drama,6.8,good,105,long movie
2007,Hero,Drama,6.8,good,130,long movie
2007,Jigyaku no uta,"Comedy, Drama, Romance",6.8,good,115,long movie
2007,Sebeun deijeu,"Crime, Thriller",6.8,good,125,long movie
2008,Varg Veum - Falne engler,"Crime, Drama, Thriller",6.8,good,95,average length movie
2007,Megane,"Comedy, Drama",6.8,good,106,long movie
2009,À Deriva,Drama,6.8,good,97,average length movie
2008,Days of Wrath,Drama,6.8,good,94,average length movie
2008,Eden Lake,"Horror, Thriller",6.8,good,91,average length movie
2008,Absurdistan,Comedy,6.8,good,88,average length movie
2007,Lo kong ching chuen,"Comedy, Drama",6.8,good,110,long movie
2007,Aleksandra,"Drama, War",6.8,good,95,average length movie
2008,Stone of Destiny,"Adventure, Comedy, Crime",6.8,good,96,average length movie
2008,Flashbacks of a Fool,Drama,6.8,good,109,long movie
2006,Awqat faragh,Drama,6.8,good,94,average length movie
2008,Johnny Mad Dog,"Drama, War",6.8,good,98,average length movie
2007,Ashita e no yuigon,"Drama, War",6.8,good,110,long movie
2009,The Imaginarium of Doctor Parnassus,"Adventure, Comedy, Fantasy",6.8,good,123,long movie
2008,BirdWatchers - La terra degli uomini rossi,Drama,6.8,good,104,long movie
2008,Sukai kurora,"Animation, Action, Adventu",6.8,good,122,long movie
2007,Strangers,"Drama, Romance",6.8,good,80,average length movie
2009,A Christmas Carol,"Animation, Drama, Family",6.8,good,96,average length movie
2008,The Burning Plain,"Crime, Drama, Romance",6.8,good,107,long movie
2008,Yes Man,"Comedy, Romance",6.8,good,104,long movie
2008,Marcello Marcello,"Comedy, Romance",6.8,good,97,average length movie
2008,Himlens hjärta,Drama,6.8,good,95,average length movie
2007,Quickie Express,"Comedy, Romance",6.8,good,117,long movie
2007,Cheon-nyeon-yeo-woo-yeo-woo-bi,"Animation, Fantasy",6.8,good,86,average length movie
2008,Johnny Got His Gun,Drama,6.8,good,75,average length movie
2009,Adventureland,"Comedy, Drama, Romance",6.8,good,107,long movie
2007,Tejút,Drama,6.8,good,82,average length movie
2007,Non pensarci,"Comedy, Drama",6.8,good,105,long movie
2007,"Continental, un film sans fusil","Comedy, Drama",6.8,good,103,long movie
2009,Follow the Prophet,"Drama, Thriller",6.8,good,91,average length movie
2008,Skin,"Drama, History",6.8,good,85,average length movie
2007,Tussenstand,Drama,6.8,good,80,average length movie
2008,Admiral,"Biography, Drama, History",6.8,good,124,long movie
2010,Tron,"Action, Adventure, Sci-Fi",6.8,good,125,long movie
2007,Kayfabe,Comedy,6.8,good,100,long movie
2007,Unrelated,Drama,6.8,good,100,long movie
2007,Artistka,Romance,6.8,good,100,long movie
2007,Tricks.,"Comedy, Drama",6.8,good,90,average length movie
2008,Chiko,"Crime, Drama",6.8,good,92,average length movie
2007,Ssonda,"Action, Comedy, Drama",6.8,good,118,long movie
2007,14 kilómetros,Drama,6.8,good,95,average length movie
2008,Twenty:20,"Action, Crime, Drama",6.8,good,195,epic movie
2009,Täällä Pohjantähden alla,"Drama, Romance, War",6.8,good,193,epic movie
2008,L'empreinte de l'ange,Drama,6.8,good,95,average length movie
2008,Dare mo mamotte kurenai,Drama,6.8,good,118,long movie
2008,Meitantei Conan: Senritsu no furu sukoa,"Animation, Action, Adventu",6.8,good,116,long movie
2008,Kids,"Drama, Fantasy",6.8,good,109,long movie
2010,Las buenas hierbas,Drama,6.8,good,117,long movie
2008,Parque vía,Drama,6.8,good,86,average length movie
2009,"Road, Movie","Adventure, Comedy, Crime",6.8,good,95,average length movie
2008,My iz budushchego,"Action, Drama, Fantasy",6.8,good,110,long movie
2008,Summer,Drama,6.8,good,83,average length movie
2009,Barah Aana,"Comedy, Crime, Drama",6.8,good,97,average length movie
2008,Un été sans point ni coup sûr,"Drama, Sport",6.8,good,104,long movie
2006,Joyong-han saesang,"Drama, Mystery, Thriller",6.8,good,110,long movie
2008,Kotha Bangaru Lokam,Romance,6.8,good,160,long movie
2008,Billy: The Early Years,"Biography, Drama",6.8,good,98,average length movie
2009,Viaje redondo,Drama,6.8,good,102,long movie
2008,Ischeznuvshaya imperiya,Drama,6.8,good,105,long movie
2009,The President Is Coming,Comedy,6.8,good,90,average length movie
2009,The Be All and End All,"Comedy, Drama",6.8,good,100,long movie
2008,Tony Manero,"Drama, Music",6.8,good,97,average length movie
2008,Cztery noce z Anna,"Crime, Drama, Horror",6.8,good,87,average length movie
2010,The Debt,"Drama, Thriller",6.8,good,113,long movie
2009,London River,"Drama, Mystery",6.8,good,84,average length movie
2009,Cole,"Drama, Romance",6.8,good,95,average length movie
2007,Nae sarang,"Comedy, Romance",6.8,good,111,long movie
2008,Novaya Zemlya,"Action, Drama, Thriller",6.8,good,119,long movie
2010,Wild Target,"Action, Comedy, Crime",6.8,good,98,average length movie
2009,Ondine,"Drama, Mystery, Romance",6.8,good,111,long movie
2009,De laatste dagen van Emma Blank,"Comedy, Drama",6.8,good,89,average length movie
2009,Dark and Stormy Night,"Comedy, Mystery",6.8,good,93,average length movie
2009,Middle Men,"Comedy, Crime, Drama",6.8,good,105,long movie
2008,Dive!!,Drama,6.8,good,115,long movie
2009,Exam,"Mystery, Thriller",6.8,good,101,long movie
2008,O rodicích a detech,"Comedy, Drama",6.8,good,110,long movie
2007,Doraemon: Nobita no shin makai daibôken,"Animation, Adventure, Come",6.8,good,112,long movie
2008,Cirque du Soleil: Delirium,"Family, Fantasy, Music",6.8,good,101,long movie
2008,Jaji no futari,Comedy,6.8,good,93,average length movie
2007,La Vida Me Mata,"Comedy, Drama",6.8,good,92,average length movie
2008,Mar nero,Drama,6.8,good,95,average length movie
2009,This Is Love,Drama,6.8,good,106,long movie
2010,Transfer,"Drama, Sci-Fi",6.8,good,93,average length movie
2009,Love Aaj Kal,"Comedy, Drama, Romance",6.8,good,128,long movie
2008,Pedro,Drama,6.8,good,90,average length movie
2008,Eid milad Laila,Drama,6.8,good,71,average length movie
2010,Anton Chekhov's The Duel,Drama,6.8,good,95,average length movie
2009,L'homme de chevet,"Drama, Romance",6.8,good,92,average length movie
2009,Pintu Terlarang,"Horror, Mystery, Thriller",6.8,good,115,long movie
2008,One Day Removals,Comedy,6.8,good,85,average length movie
2007,Mina-ye shahr-e khamoosh,Drama,6.8,good,102,long movie
2009,The Trotsky,"Comedy, Drama",6.8,good,120,long movie
2009,Jernanger,Drama,6.8,good,92,average length movie
2008,Ein Shams,Drama,6.8,good,90,average length movie
2008,"Traktor, ljubezen in Rock'n'Roll","Comedy, Drama, Romance",6.8,good,105,long movie
2009,Defendor,"Comedy, Crime, Drama",6.8,good,101,long movie
2009,Les doigts croches,"Adventure, Comedy, Crime",6.8,good,108,long movie
2009,Hua Mulan,"Adventure, Drama, Romance",6.8,good,114,long movie
2010,Cherry,"Comedy, Drama",6.8,good,99,average length movie
2009,Altiplano,Drama,6.8,good,109,long movie
2008,1 and 0 nly,"Drama, Fantasy, Mystery",6.8,good,84,average length movie
2008,"31 minutos, la película","Animation, Adventure, Come",6.8,good,87,average length movie
2008,Eli & Ben,"Drama, Family",6.8,good,91,average length movie
2008,Issiz Adam,"Drama, Romance",6.8,good,113,long movie
2008,La Buena Vida,Drama,6.8,good,108,long movie
2009,New York,"Crime, Drama, Thriller",6.8,good,153,long movie
2008,Fei cheng wu rao,"Comedy, Romance",6.8,good,130,long movie
2010,The Perfect Host,"Comedy, Crime, Thriller",6.8,good,93,average length movie
2010,Der Räuber,"Biography, Crime, Drama",6.8,good,90,average length movie
2008,Kdopak by se vlka bál,Family,6.8,good,90,average length movie
2008,Gekijô ban Kara no kyôkai: Dai roku shô - Bôkyaku r,"Animation, Action, Drama",6.8,good,59,short movie
2009,La donation,Drama,6.8,good,96,average length movie
2010,Lullaby for Pi,Drama,6.8,good,98,average length movie
2009,Les grandes chaleurs,Drama,6.8,good,99,average length movie
2009,Gigante,Drama,6.8,good,84,average length movie
2009,Dieci inverni,Romance,6.8,good,99,average length movie
2009,Komt een vrouw bij de dokter,"Drama, Romance",6.8,good,113,long movie
2008,Chakk De Phatte,"Comedy, Drama",6.8,good,140,long movie
2010,Jean Gentil,Drama,6.8,good,84,average length movie
2010,Sayonara itsuka,"Drama, Romance",6.8,good,170,long movie
2010,Das Lied in mir,Drama,6.8,good,94,average length movie
2010,Vénus noire,"Drama, History",6.8,good,162,long movie
2010,Sedamdeset i dva dana,"Comedy, Drama",6.8,good,93,average length movie
2009,Shi yue wei cheng,"Action, Drama, History",6.8,good,139,long movie
2009,Havukka-ahon ajattelija,"Comedy, Drama",6.8,good,110,long movie
2009,La régate,Drama,6.8,good,100,long movie
2009,Tsar,"Drama, History",6.8,good,116,long movie
2010,Skeletons,"Comedy, Drama, Fantasy",6.8,good,94,average length movie
2009,Irène,Drama,6.8,good,83,average length movie
2007,Otobuse shab,"Drama, Romance, War",6.8,good,90,average length movie
2008,Nokta,"Crime, Drama, Thriller",6.8,good,85,average length movie
2010,Täällä Pohjantähden alla II,"Drama, War",6.8,good,138,long movie
2010,Mabul,Drama,6.8,good,100,long movie
2009,"Wszystko, co kocham","Comedy, Drama, Music",6.8,good,95,average length movie
2010,"Beli, beli svet",Drama,6.8,good,121,long movie
2009,Chanto tsutaeru,Drama,6.8,good,109,long movie
2009,Let's Rob the Cheese Shop,"Comedy, Romance",6.8,good,82,average length movie
2010,Boy Wonder,"Action, Crime, Drama",6.8,good,93,average length movie
2009,Yeobaeudeul,Drama,6.8,good,104,long movie
2010,Jian yu,"Action, Adventure",6.8,good,117,long movie
2010,Autoreiji,"Action, Crime, Drama",6.8,good,109,long movie
2009,Viola di mare,"Drama, History, Romance",6.8,good,105,long movie
2010,The High Cost of Living,Drama,6.8,good,92,average length movie
2010,Happythankyoumoreplease,"Comedy, Drama, Romance",6.8,good,100,long movie
2010,Spork,Comedy,6.8,good,86,average length movie
2010,Hana no ato,"Action, Drama",6.8,good,107,long movie
2009,Keramat,Horror,6.8,good,80,average length movie
2009,Tehroun,Drama,6.8,good,95,average length movie
2010,Illégal,Drama,6.8,good,90,average length movie
2009,La bella gente,Drama,6.8,good,98,average length movie
2010,La nostra vita,Drama,6.8,good,98,average length movie
2009,Yan lei,Drama,6.8,good,111,long movie
2009,Kino Caravan,Drama,6.8,good,100,long movie
2009,Zero,"Action, Drama",6.8,good,110,long movie
2010,Una vita tranquilla,"Crime, Drama",6.8,good,105,long movie
2010,Iti Mrinalini: An Unfinished Letter...,Drama,6.8,good,131,long movie
2009,Nasty Old People,Drama,6.8,good,84,average length movie
2009,Koshechka,Comedy,6.8,good,95,average length movie
2010,Sin yan,"Action, Drama, Thriller",6.8,good,113,long movie
2009,The Watercolor,Animation,6.8,good,84,average length movie
2010,Carancho,"Crime, Drama, Romance",6.8,good,107,long movie
2010,À bout portant,"Action, Crime, Drama",6.8,good,81,average length movie
2009,Gekijouban Makurosu F: Itsuwari no utahime,"Animation, Sci-Fi",6.8,good,120,long movie
2010,White Irish Drinkers,Drama,6.8,good,109,long movie
2009,Prem Amar,Romance,6.8,good,140,long movie
2009,Shob Charitro Kalponik,Drama,6.8,good,135,long movie
2010,Vallanzasca - Gli angeli del male,"Biography, Crime, Drama",6.8,good,125,long movie
2009,Sang Pemimpi,Drama,6.8,good,120,long movie
2010,Adhurs,"Action, Comedy, Thriller",6.8,good,150,long movie
2009,Tera Mera Ki Rishta,"Drama, Romance",6.8,good,166,long movie
2010,Insidious,"Horror, Mystery, Thriller",6.8,good,103,long movie
2010,Im Schatten,"Crime, Drama",6.8,good,86,average length movie
2010,Chicogrande,"Drama, History, War",6.8,good,95,average length movie
2010,City of Gold - Mumbai 1982: Ek Ankahee Kahani,"Crime, Drama",6.8,good,145,long movie
2010,My Brothers,Drama,6.8,good,87,average length movie
2010,Kawa no soko kara konnichi wa,Drama,6.8,good,112,long movie
2010,Zeny v pokusení,Comedy,6.8,good,118,long movie
2010,À l'origine d'un cri,Drama,6.8,good,115,long movie
2010,Órói,"Drama, Romance",6.8,good,93,average length movie
2010,Sambo Siva Sambho,"Action, Drama",6.8,good,160,long movie
2010,The Encounter,Drama,6.8,good,85,average length movie
2010,Kamen raidâ Daburu fôebâ: Ê tu zetto/Unmei no gaia ,"Action, Adventure, Fantasy",6.8,good,66,average length movie
2010,Raavanan,"Action, Adventure, Drama",6.8,good,128,long movie
2010,Der letzte schöne Herbsttag,"Comedy, Drama, Romance",6.8,good,85,average length movie
2009,Osebna prtljaga,"Drama, Thriller",6.8,good,124,long movie
2010,La Vida de los Peces,"Drama, Romance",6.8,good,84,average length movie
2010,Nae kkangpae gateun aein,Comedy,6.8,good,105,long movie
2010,Ivory Tower,"Comedy, Drama",6.8,good,75,average length movie
2010,Uchû shô e yôkoso,"Animation, Adventure, Fami",6.8,good,136,long movie
2010,La pecora nera,"Comedy, Drama",6.8,good,93,average length movie
2010,Gatos Viejos,Drama,6.8,good,89,average length movie
2010,Wenecja,Drama,6.8,good,110,long movie
2010,Iggi,"Crime, Drama, Mystery",6.8,good,163,long movie
2010,Promises Written in Water,Drama,6.8,good,75,average length movie
2010,Belvedere,Drama,6.8,good,90,average length movie
2010,Ren zai jiong tu,Comedy,6.8,good,91,average length movie
2010,Sang Pencerah,"Biography, Drama",6.8,good,112,long movie
2010,Erratum,Drama,6.8,good,95,average length movie
2010,Doenjang,"Drama, Mystery, Romance",6.8,good,107,long movie
2010,Chelovek u okna,Drama,6.8,good,96,average length movie
2010,Fuk sau che ji sei,"Crime, Mystery, Thriller",6.8,good,90,average length movie
2010,Parse Dar Meh,Drama,6.8,good,87,average length movie
2010,Baan Chan Talok Wai Gon,"Comedy, Drama",6.8,good,129,long movie
2009,Cheon-gook-eui woo-pyeon-bae-dal-boo,"Drama, Fantasy, Romance",6.8,good,107,long movie
2010,Gorosthane Sabdhan,Mystery,6.8,good,100,long movie
2006,Bêrîtan,"Drama, War",6.8,good,162,long movie
2006,Hyderabad Nawabs,Comedy,6.8,good,118,long movie
2008,Amar Ache Jol,Family,6.8,good,123,long movie
2010,Pál Adrienn,Drama,6.7,good,136,long movie
2005,The Great Raid,"Action, Drama, War",6.7,good,132,long movie
2006,Over the Hedge,"Animation, Adventure, Come",6.7,good,83,average length movie
2006,The Good Shepherd,"Drama, History, Thriller",6.7,good,167,long movie
2009,Blood and Bone,"Action, Crime, Drama",6.7,good,93,average length movie
2007,Regresados,Drama,6.7,good,95,average length movie
2005,The Matador,"Comedy, Crime, Thriller",6.7,good,96,average length movie
2005,Hallesche Kometen,Drama,6.7,good,83,average length movie
2005,The Hitchhiker's Guide to the Galaxy,"Adventure, Comedy, Sci-Fi",6.7,good,109,long movie
2005,The Shadow Dancer,"Comedy, Drama, Romance",6.7,good,100,long movie
2006,X-Men: The Last Stand,"Action, Sci-Fi",6.7,good,104,long movie
2005,Proof,"Drama, Mystery",6.7,good,100,long movie
2005,Goal!,"Drama, Romance, Sport",6.7,good,118,long movie
2009,The Lovely Bones,"Drama, Fantasy, Thriller",6.7,good,135,long movie
2005,Police Beat,"Crime, Drama",6.7,good,80,average length movie
2009,Where the Wild Things Are,"Adventure, Drama, Family",6.7,good,101,long movie
2006,Renaissance,"Animation, Action, Sci-Fi",6.7,good,105,long movie
2005,Aurora Borealis,"Drama, Romance",6.7,good,110,long movie
2005,O Signo do Caos,Drama,6.7,good,80,average length movie
2005,The King,"Drama, Thriller",6.7,good,105,long movie
2005,Special Ed,Drama,6.7,good,108,long movie
2006,Underworld: Evolution,"Action, Adventure, Fantasy",6.7,good,106,long movie
2005,The New World,"Biography, Drama, History",6.7,good,135,long movie
2006,Sólo Dios sabe,"Drama, Mystery, Romance",6.7,good,115,long movie
2005,The Exorcism of Emily Rose,"Drama, Horror, Thriller",6.7,good,119,long movie
2008,Brideshead Revisited,"Drama, Romance",6.7,good,133,long movie
2005,Off Screen,"Crime, Drama, Thriller",6.7,good,94,average length movie
2005,7 días,Comedy,6.7,good,95,average length movie
2005,Lemming,"Drama, Mystery, Thriller",6.7,good,129,long movie
2007,Resurrecting the Champ,"Drama, Sport",6.7,good,112,long movie
2005,Quando sei nato non puoi più nasconderti,"Adventure, Drama",6.7,good,115,long movie
2006,Phir Hera Pheri,"Comedy, Crime",6.7,good,153,long movie
2005,Nine Lives,Drama,6.7,good,115,long movie
2006,A Prairie Home Companion,"Comedy, Drama, Music",6.7,good,105,long movie
2005,Como un avión estrellado,"Comedy, Drama",6.7,good,80,average length movie
2007,Surf's Up,"Animation, Comedy, Family",6.7,good,85,average length movie
2005,A Cock and Bull Story,Comedy,6.7,good,94,average length movie
2005,Drabet,Drama,6.7,good,100,long movie
2006,Heavens Fall,"Crime, Drama",6.7,good,105,long movie
2005,Just Like Heaven,"Comedy, Drama, Fantasy",6.7,good,95,average length movie
2005,Slunecní stát aneb hrdinové delnické trídy,"Comedy, Drama",6.7,good,95,average length movie
2005,Un Buda,Drama,6.7,good,115,long movie
2005,La moustache,"Drama, Mystery",6.7,good,87,average length movie
2010,The A-Team,"Action, Adventure, Thrille",6.7,good,117,long movie
2005,The Business,"Crime, Drama, Thriller",6.7,good,97,average length movie
2006,Il caimano,"Comedy, Drama, Romance",6.7,good,112,long movie
2005,Lassie,"Adventure, Comedy, Drama",6.7,good,100,long movie
2005,Tapas,"Comedy, Drama",6.7,good,94,average length movie
2005,Se Arrienda,Drama,6.7,good,109,long movie
2005,The Motel,"Comedy, Drama",6.7,good,75,average length movie
2006,Catch a Fire,"Biography, Drama, History",6.7,good,101,long movie
2006,Something New,"Comedy, Drama, Romance",6.7,good,99,average length movie
2006,Behind the Mask: The Rise of Leslie Vernon,"Comedy, Horror, Thriller",6.7,good,92,average length movie
2005,Eine andere Liga,"Drama, Sport",6.7,good,100,long movie
2005,Eläville ja kuolleille,"Biography, Drama",6.7,good,95,average length movie
2006,Fauteuils d'orchestre,"Comedy, Drama, Romance",6.7,good,106,long movie
2006,Driving Lessons,"Comedy, Drama",6.7,good,98,average length movie
2005,Mutual Appreciation,Comedy,6.7,good,109,long movie
2005,Oechul,"Drama, Romance",6.7,good,105,long movie
2005,Je vous trouve très beau,"Comedy, Romance",6.7,good,97,average length movie
2005,Garam Masala,"Comedy, Romance",6.7,good,146,long movie
2007,Aqua Teen Hunger Force Colon Movie Film for Theater,"Animation, Action, Adventu",6.7,good,86,average length movie
2005,Kanaa Kanden,"Romance, Thriller",6.7,good,146,long movie
2006,Scoop,"Comedy, Crime, Mystery",6.7,good,96,average length movie
2006,Fido,"Comedy, Drama, Horror",6.7,good,93,average length movie
2008,Tintorettor Jishu,"Adventure, Crime, Family",6.7,good,100,long movie
2009,Die Päpstin,"Drama, Romance",6.7,good,149,long movie
2007,Morirse está en Hebreo,Comedy,6.7,good,98,average length movie
2006,Lady Chatterley,"Drama, Romance",6.7,good,168,long movie
2005,Paréntesis,Drama,6.7,good,97,average length movie
2005,Eminescu versus Eminem,Comedy,6.7,good,80,average length movie
2006,The Work and the Glory III: A House Divided,"Drama, Western",6.7,good,89,average length movie
2008,Chaos Theory,"Comedy, Drama, Romance",6.7,good,87,average length movie
2005,The Magician,"Crime, Drama",6.7,good,85,average length movie
2006,The Hoax,"Comedy, Drama",6.7,good,116,long movie
2005,Hyeol-eui-noo,"Mystery, Thriller",6.7,good,119,long movie
2006,Hana yori mo naho,"Comedy, Drama",6.7,good,127,long movie
2006,Chup Chup Ke,"Comedy, Drama, Romance",6.7,good,164,long movie
2005,Hoshi ni natta shônen,"Drama, Family",6.7,good,113,long movie
2007,Shoot 'Em Up,Action,6.7,good,86,average length movie
2005,The Perfect Stranger,Drama,6.7,good,90,average length movie
2008,The Other Boleyn Girl,"Biography, Drama, History",6.7,good,115,long movie
2006,Old Joy,Drama,6.7,good,76,average length movie
2005,Haru no yuki,"Drama, History, Romance",6.7,good,150,long movie
2006,Direktøren for det hele,Comedy,6.7,good,99,average length movie
2006,Yun Hota Toh Kya Hota,Drama,6.7,good,115,long movie
2005,Brudermord,Drama,6.7,good,90,average length movie
2005,Un couple parfait,Drama,6.7,good,104,long movie
2005,Shinku,"Drama, Thriller",6.7,good,117,long movie
2006,Penelope,"Comedy, Fantasy, Romance",6.7,good,104,long movie
2009,Notorious,"Biography, Crime, Drama",6.7,good,122,long movie
2005,Kukumi,Drama,6.7,good,107,long movie
2005,La seconda notte di nozze,"Comedy, Drama",6.7,good,103,long movie
2005,Fetching Cody,"Drama, Fantasy, Romance",6.7,good,86,average length movie
2006,Smokin' Aces,"Action, Crime, Drama",6.7,good,109,long movie
2005,Ramji Londonwaley,"Comedy, Drama, Family",6.7,good,154,long movie
2007,The Brave One,"Action, Crime, Drama",6.7,good,122,long movie
2006,Das Fräulein,Drama,6.7,good,81,average length movie
2010,Unstoppable,"Action, Thriller",6.7,good,98,average length movie
2006,Starter for 10,"Comedy, Drama, Romance",6.7,good,92,average length movie
2005,Tung mung kei yun,"Comedy, Drama, Sci-Fi",6.7,good,92,average length movie
2006,Prête-moi ta main,"Comedy, Romance",6.7,good,90,average length movie
2005,"Pare osób, maly czas","Biography, Drama, Romance",6.7,good,104,long movie
2006,Seraphim Falls,"Action, Drama, Thriller",6.7,good,115,long movie
2007,Dan in Real Life,"Comedy, Drama, Romance",6.7,good,98,average length movie
2006,Pyaar Ke Side Effects,"Comedy, Drama, Romance",6.7,good,132,long movie
2006,Ficció,Drama,6.7,good,107,long movie
2006,The Curiosity of Chance,Comedy,6.7,good,98,average length movie
2010,Bandeiji,"Drama, Music, Romance",6.7,good,119,long movie
2006,"Lovers, Liars and Lunatics","Comedy, Crime",6.7,good,87,average length movie
2005,L'iceberg,Comedy,6.7,good,84,average length movie
2005,I horodia tou Haritona,"Comedy, Music",6.7,good,135,long movie
2006,Mo gong,"Action, Drama, War",6.7,good,133,long movie
2006,The Bong Connection,Drama,6.7,good,131,long movie
2006,Kidô senshi Z Gandamu III: Hoshi no kodô wa ai,"Animation, Action, Drama",6.7,good,99,average length movie
2005,Gwangshiki dongsaeng gwangtae,"Comedy, Romance",6.7,good,104,long movie
2006,Verfolgt,Drama,6.7,good,87,average length movie
2006,Coisa Ruim,"Horror, Mystery",6.7,good,97,average length movie
2007,Butterfly on a Wheel,"Crime, Drama, Mystery",6.7,good,95,average length movie
2007,Dedication,"Comedy, Drama, Romance",6.7,good,95,average length movie
2008,Man jeuk,"Drama, Romance",6.7,good,87,average length movie
2006,Kan shang qu hen mei,"Comedy, Drama",6.7,good,92,average length movie
2006,Sixty Six,"Biography, Comedy, Drama",6.7,good,93,average length movie
2008,Wanted,"Action, Crime, Fantasy",6.7,good,110,long movie
2006,Baciami piccina,"Comedy, Drama, History",6.7,good,111,long movie
2007,Buscando a Miguel,"Comedy, Drama",6.7,good,107,long movie
2006,Una estrella y dos cafés,"Drama, Romance",6.7,good,85,average length movie
2006,Ssaum-ui gisul,"Comedy, Drama",6.7,good,100,long movie
2006,46-okunen no koi,"Drama, Fantasy",6.7,good,85,average length movie
2006,Zemestan,Drama,6.7,good,86,average length movie
2005,Ninas resa,Drama,6.7,good,120,long movie
2006,Poludnie - Pólnoc,"Drama, Romance",6.7,good,93,average length movie
2008,Beautiful Loser,"Comedy, Drama",6.7,good,94,average length movie
2007,Beaufort,"Action, Drama, War",6.7,good,131,long movie
2010,Love & Other Drugs,"Comedy, Drama, Romance",6.7,good,112,long movie
2007,Grace Is Gone,"Drama, Family",6.7,good,85,average length movie
2007,Save Me,"Drama, Romance",6.7,good,96,average length movie
2006,Mon meilleur ami,Comedy,6.7,good,94,average length movie
2006,Shock to the System,"Crime, Drama, Mystery",6.7,good,91,average length movie
2006,Cenneti Beklerken,"Drama, History",6.7,good,107,long movie
2007,Hot Rod,"Comedy, Sport",6.7,good,88,average length movie
2008,$9.99,"Animation, Drama, Fantasy",6.7,good,78,average length movie
2008,Mia et le Migou,"Animation, Family",6.7,good,91,average length movie
2007,Peur(s) du noir,"Animation, Horror, Mystery",6.7,good,83,average length movie
2007,Numb,"Comedy, Drama, Romance",6.7,good,93,average length movie
2007,Cassandra's Dream,"Crime, Drama, Romance",6.7,good,108,long movie
2008,The Incredible Hulk,"Action, Adventure, Sci-Fi",6.7,good,112,long movie
2008,Transsiberian,"Crime, Drama, Mystery",6.7,good,111,long movie
2008,Appaloosa,"Action, Crime, Drama",6.7,good,115,long movie
2006,Sei dai tinwong,"Comedy, Drama, Music",6.7,good,83,average length movie
2006,Kisarazu Cat's Eye: World Series,"Comedy, Drama",6.7,good,131,long movie
2005,Bhadra,Action,6.7,good,153,long movie
2009,Angels & Demons,"Mystery, Thriller",6.7,good,138,long movie
2008,Easy Virtue,"Comedy, Romance",6.7,good,97,average length movie
2009,Hilde,"Biography, Drama, Music",6.7,good,137,long movie
2008,Conozca la cabeza de Juan Pérez,Comedy,6.7,good,83,average length movie
2007,Noise,"Crime, Drama, Mystery",6.7,good,108,long movie
2007,Free Rainer,"Comedy, Drama",6.7,good,130,long movie
2007,La soledad,Drama,6.7,good,135,long movie
2006,Matichya Chuli,"Comedy, Drama",6.7,good,132,long movie
2007,Anna M.,Drama,6.7,good,106,long movie
2006,Bamako,Drama,6.7,good,115,long movie
2006,Gukgyeong-ui namjjok,Drama,6.7,good,109,long movie
2007,Ruby Blue,Drama,6.7,good,106,long movie
2006,Jjakpae,Action,6.7,good,92,average length movie
2009,The Soloist,"Biography, Drama, Music",6.7,good,117,long movie
2007,Contre-enquête,"Crime, Thriller",6.7,good,85,average length movie
2007,Délice Paloma,Drama,6.7,good,134,long movie
2007,Blöde Mütze!,"Adventure, Family",6.7,good,90,average length movie
2006,Razsledvane,"Crime, Drama",6.7,good,95,average length movie
2007,Polis,"Action, Comedy, Crime",6.7,good,113,long movie
2007,Reservation Road,"Crime, Drama, Thriller",6.7,good,102,long movie
2006,Schwarze Schafe,Comedy,6.7,good,94,average length movie
2006,Bezmiar sprawiedliwosci,"Crime, Drama, Mystery",6.7,good,128,long movie
2007,Reine Geschmacksache,"Comedy, Romance",6.7,good,105,long movie
2007,A Thousand Years of Good Prayers,"Drama, Romance",6.7,good,83,average length movie
2007,Paranoid Park,"Crime, Drama, Mystery",6.7,good,85,average length movie
2007,Fairway to Heaven,"Comedy, Sport",6.7,good,90,average length movie
2007,Risk,"Action, Crime, Drama",6.7,good,155,long movie
2007,Jan Uuspõld läheb Tartusse,"Comedy, Drama",6.7,good,106,long movie
2007,Raja 1918,"Drama, History, Romance",6.7,good,114,long movie
2007,Battle in Seattle,"Action, Drama",6.7,good,99,average length movie
2006,Faith Like Potatoes,Drama,6.7,good,97,average length movie
2008,Mei Lanfang,"Biography, Drama, History",6.7,good,147,long movie
2006,Khoon bazi,Drama,6.7,good,77,average length movie
2006,Nada sô sô,"Drama, Romance",6.7,good,118,long movie
2006,Koi suru nichiyobi,Drama,6.7,good,89,average length movie
2006,Gaeulro,"Drama, Romance",6.7,good,108,long movie
2007,Darling,"Biography, Drama",6.7,good,93,average length movie
2006,13 game sayawng,"Comedy, Crime, Drama",6.7,good,114,long movie
2007,Crni Gruja i kamen mudrosti,"Comedy, Fantasy",6.7,good,98,average length movie
2006,Mannat,"Action, Crime, Drama",6.7,good,165,long movie
2006,Cheonhajangsa madonna,"Comedy, Sport",6.7,good,116,long movie
2007,Musta jää,"Drama, Thriller",6.7,good,110,long movie
2007,Saturno contro,"Drama, Romance",6.7,good,110,long movie
2007,Gun chung,"Action, Crime, Thriller",6.7,good,90,average length movie
2007,Sis ve Gece,"Adventure, Drama, Mystery",6.7,good,90,average length movie
2006,Aju teukbyeolhan sonnim,Drama,6.7,good,99,average length movie
2006,Sarang-ttawin piryo-eopseo,"Drama, Romance",6.7,good,119,long movie
2007,Baburu e go!! Taimu mashin wa doramu-shiki,"Comedy, Sci-Fi",6.7,good,116,long movie
2007,Pas douce,Drama,6.7,good,84,average length movie
2010,De gelukkige huisvrouw,"Comedy, Drama, Romance",6.7,good,100,long movie
2008,Gitmek: Benim Marlon ve Brandom,"Drama, Romance, War",6.7,good,93,average length movie
2008,MR 73,"Crime, Drama, Thriller",6.7,good,125,long movie
2009,Crossing Over,"Crime, Drama",6.7,good,113,long movie
2007,Mayavi,"Action, Comedy, Drama",6.7,good,124,long movie
2005,Athanokkade,"Action, Drama",6.7,good,147,long movie
2008,Le jour avant le lendemain,Drama,6.7,good,93,average length movie
2005,"Loranga, Masarin & Dartanjang","Animation, Family",6.7,good,52,short movie
2007,Mavi Gözlü Dev,"Biography, Drama",6.7,good,118,long movie
2006,Dikari,Comedy,6.7,good,100,long movie
2007,Was am Ende zählt,Drama,6.7,good,100,long movie
2008,Baksy,"Drama, Fantasy",6.7,good,87,average length movie
2007,Ping guo,Drama,6.7,good,112,long movie
2007,Anwar,"Drama, Romance, Thriller",6.7,good,144,long movie
2008,The Yellow Handkerchief,"Drama, Romance",6.7,good,102,long movie
2006,"Realita, Cinta, dan Rock n' Roll","Drama, Romance",6.7,good,114,long movie
2007,O' Horten,"Comedy, Drama",6.7,good,90,average length movie
2007,Survivre avec les loups,Drama,6.7,good,118,long movie
2009,Creation,"Biography, Drama, Romance",6.7,good,108,long movie
2008,Elegy,"Drama, Romance",6.7,good,112,long movie
2007,Oram Po,"Action, Drama",6.7,good,120,long movie
2007,Tajnosti,Drama,6.7,good,93,average length movie
2008,Real Time,"Comedy, Drama",6.7,good,90,average length movie
2007,Naalu Pennungal,Drama,6.7,good,105,long movie
2007,Partes usadas,Drama,6.7,good,95,average length movie
2007,Beste Zeit,"Comedy, Drama",6.7,good,95,average length movie
2008,Ghost Town,"Comedy, Drama, Fantasy",6.7,good,102,long movie
2007,Nam yee boon sik,"Action, Crime, Thriller",6.7,good,129,long movie
2006,Urutoraman Mebiusu ando Urutora kyôdai,"Action, Fantasy, Sci-Fi",6.7,good,119,long movie
2007,Henjel gwa Geuretel,"Drama, Fantasy, Horror",6.7,good,117,long movie
2007,Dva v odnom,"Comedy, Drama",6.7,good,124,long movie
2007,Hofshat Kaits,Drama,6.7,good,72,average length movie
2007,Mal Nascida,Drama,6.7,good,117,long movie
2008,Redbelt,"Drama, Sport",6.7,good,99,average length movie
2007,Ulzhan,Drama,6.7,good,105,long movie
2007,La habitación de Fermat,"Mystery, Thriller",6.7,good,89,average length movie
2010,Patagonia,"Adventure, Drama",6.7,good,119,long movie
2007,Mui dong bin wan si,"Comedy, Drama, Romance",6.7,good,97,average length movie
2007,Cartouches gauloises,Drama,6.7,good,92,average length movie
2007,Om Shanti Om,"Action, Comedy, Drama",6.7,good,162,long movie
2009,From Time to Time,"Adventure, Drama, Fantasy",6.7,good,92,average length movie
2007,Munyurangabo,Drama,6.7,good,97,average length movie
2007,PVC-1,"Drama, Thriller",6.7,good,85,average length movie
2009,Coco avant Chanel,"Biography, Drama",6.7,good,105,long movie
2007,Dear Friends,Drama,6.7,good,115,long movie
2007,The Life of Buddha,"Animation, Biography, Dram",6.7,good,105,long movie
2009,The Proposal,"Comedy, Drama, Romance",6.7,good,108,long movie
2010,Howl,"Biography, Drama, Romance",6.7,good,84,average length movie
2009,Goemon,"Action, Drama, History",6.7,good,128,long movie
2009,The Strength of Water,Drama,6.7,good,86,average length movie
2006,One piece: Karakuri shiro no Mecha Kyohei,"Animation, Action, Comedy",6.7,good,94,average length movie
2010,Spud,"Comedy, Drama",6.7,good,103,long movie
2006,Mabei shang de fating,Drama,6.7,good,101,long movie
2008,Cordero de Dios,Drama,6.7,good,90,average length movie
2007,Closed Note,Drama,6.7,good,138,long movie
2008,The Secrets of Jonathan Sperry,Drama,6.7,good,96,average length movie
2007,Die Stille vor Bach,Musical,6.7,good,102,long movie
2008,Le banquet,"Crime, Drama",6.7,good,95,average length movie
2009,Dirty Mind,"Action, Comedy",6.7,good,102,long movie
2008,Rachel Getting Married,"Drama, Romance",6.7,good,113,long movie
2007,Postales de Leningrado,Drama,6.7,good,85,average length movie
2008,The Square,"Crime, Drama, Thriller",6.7,good,105,long movie
2008,Het echte leven,Drama,6.7,good,87,average length movie
2008,Trucker,Drama,6.7,good,90,average length movie
2007,Coyote,"Comedy, Crime, Drama",6.7,good,94,average length movie
2008,Emma Smith: My Story,"Biography, Drama, History",6.7,good,98,average length movie
2008,Eszter hagyatéka,Drama,6.7,good,90,average length movie
2007,Dans la vie,"Comedy, Drama",6.7,good,73,average length movie
2007,Tirador,"Crime, Drama",6.7,good,86,average length movie
2008,Lake Tahoe,Drama,6.7,good,89,average length movie
2008,Bajo la sal,"Horror, Mystery, Thriller",6.7,good,112,long movie
2008,Brúðguminn,"Comedy, Drama",6.7,good,96,average length movie
2008,Little Zizou,"Drama, Family",6.7,good,96,average length movie
2009,Pinoy Sunday,"Comedy, Drama",6.7,good,84,average length movie
2007,Vasermil,Drama,6.7,good,93,average length movie
2009,Taking Woodstock,"Biography, Comedy, Drama",6.7,good,120,long movie
2008,Is Anybody There?,Drama,6.7,good,94,average length movie
2009,Atletu,"Biography, Drama",6.7,good,92,average length movie
2008,Medicine for Melancholy,"Drama, Romance",6.7,good,88,average length movie
2009,É Proibido Fumar,"Drama, Romance, Thriller",6.7,good,89,average length movie
2008,A Film with Me in It,"Comedy, Thriller",6.7,good,89,average length movie
2008,Tôkyô shôjo,"Fantasy, Romance",6.7,good,98,average length movie
2009,Within the Whirlwind,"Biography, Drama",6.7,good,90,average length movie
2008,Detoroito Metaru Shiti,"Comedy, Drama, Music",6.7,good,104,long movie
2008,Cook County,Drama,6.7,good,93,average length movie
2009,Yuki & Nina,Drama,6.7,good,92,average length movie
2007,Por see yee,Comedy,6.7,good,91,average length movie
2008,Ara,Drama,6.7,good,89,average length movie
2008,Räuber Kneißl,Drama,6.7,good,114,long movie
2008,20-seiki shônen: Honkaku kagaku bôken eiga,"Adventure, Fantasy, Myster",6.7,good,142,long movie
2008,Perro come perro,Thriller,6.7,good,106,long movie
2010,L'immortel,"Action, Crime, Drama",6.7,good,117,long movie
2010,The Company Men,Drama,6.7,good,104,long movie
2008,Me and Orson Welles,"Comedy, Drama",6.7,good,114,long movie
2008,Novemberkind,Drama,6.7,good,95,average length movie
2008,Eldorado,"Comedy, Drama",6.7,good,80,average length movie
2009,La vergüenza,Drama,6.7,good,90,average length movie
2009,Cracks,"Drama, Thriller",6.7,good,104,long movie
2008,Paper Covers Rock,Drama,6.7,good,90,average length movie
2009,Pandorum,"Action, Horror, Mystery",6.7,good,108,long movie
2008,A Necessary Death,"Drama, Thriller",6.7,good,101,long movie
2008,Das Fremde in mir,Drama,6.7,good,99,average length movie
2008,Nishi no majo ga shinda,"Drama, Family",6.7,good,115,long movie
2007,Son of a Lion,"Drama, War",6.7,good,92,average length movie
2008,Detsembrikuumus,"Action, Drama, History",6.7,good,92,average length movie
2009,Alle Anderen,"Drama, Romance",6.7,good,119,long movie
2008,Gogo chilship,"Comedy, Music",6.7,good,118,long movie
2009,La teta asustada,"Drama, Music",6.7,good,95,average length movie
2009,Engelen,Drama,6.7,good,97,average length movie
2009,Beautiful Kate,"Drama, Mystery",6.7,good,100,long movie
2009,Brooklyn's Finest,"Crime, Drama, Thriller",6.7,good,132,long movie
2008,Box Elder,Comedy,6.7,good,89,average length movie
2009,13 Semester,"Comedy, Drama, Romance",6.7,good,101,long movie
2009,Die Tür,"Drama, Mystery, Sci-Fi",6.7,good,103,long movie
2008,Dernier maquis,Drama,6.7,good,93,average length movie
2009,Rööperi,"Biography, Crime, Drama",6.7,good,133,long movie
2009,Big Fan,"Comedy, Crime, Drama",6.7,good,88,average length movie
2007,Jugeodo haepi ending,"Comedy, Crime, Drama",6.7,good,94,average length movie
2008,Afutâ sukûru,"Comedy, Mystery",6.7,good,102,long movie
2008,Jun kissa Isobe,"Comedy, Drama",6.7,good,113,long movie
2007,Yeolhan-beonjjae eomma,Drama,6.7,good,104,long movie
2008,Reykjavík-Rotterdam,Thriller,6.7,good,88,average length movie
2009,Last Ride,Drama,6.7,good,90,average length movie
2009,Ganz nah bei Dir,"Comedy, Drama",6.7,good,88,average length movie
2009,Mystery Team,"Comedy, Crime, Mystery",6.7,good,97,average length movie
2009,Doroppu,Comedy,6.7,good,122,long movie
2008,Robert Zimmermann wundert sich über die Liebe,"Comedy, Romance",6.7,good,102,long movie
2009,Shrink,"Comedy, Drama",6.7,good,104,long movie
2009,Gama no abura,Drama,6.7,good,131,long movie
2008,Il papà di Giovanna,"Drama, War",6.7,good,104,long movie
2008,Hotaru no haka,"Drama, War",6.7,good,100,long movie
2009,Bunny and the Bull,"Comedy, Drama",6.7,good,101,long movie
2009,Nord,"Comedy, Drama",6.7,good,79,average length movie
2009,Hadewijch,Drama,6.7,good,105,long movie
2009,L'armée du crime,"Drama, History, War",6.7,good,139,long movie
2009,De père en flic,"Action, Comedy, Crime",6.7,good,107,long movie
2008,La belle personne,"Comedy, Drama",6.7,good,97,average length movie
2008,Muallaf,Drama,6.7,good,80,average length movie
2008,Le chant des mariées,"Drama, War",6.7,good,100,long movie
2009,Chance,"Comedy, Drama",6.7,good,91,average length movie
2009,Tres dies amb la família,Drama,6.7,good,86,average length movie
2007,Jeul-geo-woon in-saeng,"Comedy, Drama",6.7,good,112,long movie
2010,Kandagar,"Action, Drama, War",6.7,good,103,long movie
2007,Sa-rang,"Action, Drama",6.7,good,104,long movie
2009,Sumasshedshaya pomoshch,Comedy,6.7,good,119,long movie
2008,Nak prok,"Drama, Thriller",6.7,good,94,average length movie
2008,Nat-sool,"Comedy, Drama",6.7,good,116,long movie
2008,Un novio para mi mujer,"Comedy, Romance",6.7,good,100,long movie
2008,Khamsa,Drama,6.7,good,110,long movie
2009,Blessed,Drama,6.7,good,113,long movie
2008,Vegas: Based on a True Story,Drama,6.7,good,102,long movie
2008,Shirin,Drama,6.7,good,92,average length movie
2008,Süt,Drama,6.7,good,102,long movie
2008,La ventana,Drama,6.7,good,85,average length movie
2009,Dossier K.,"Action, Crime, Drama",6.7,good,120,long movie
2009,SM-rechter,"Biography, Drama",6.7,good,90,average length movie
2008,Mala Moskwa,"Drama, Romance",6.7,good,114,long movie
2010,Snabba cash,"Action, Crime, Drama",6.7,good,124,long movie
2008,See prang,"Drama, Horror, Mystery",6.7,good,120,long movie
2009,Complices,"Crime, Romance",6.7,good,93,average length movie
2009,Le fil,"Drama, Romance",6.7,good,93,average length movie
2008,Deo ge-im,"Drama, Thriller",6.7,good,116,long movie
2008,Mascarades,Comedy,6.7,good,94,average length movie
2008,Shonen merikensakku,"Comedy, Music",6.7,good,125,long movie
2009,Applaus,Drama,6.7,good,85,average length movie
2009,The Loved Ones,"Horror, Thriller",6.7,good,84,average length movie
2008,Bergfest,Drama,6.7,good,89,average length movie
2008,Boys Briefs 5: Schoolboys,Drama,6.7,good,114,long movie
2009,Son of the Sunshine,Drama,6.7,good,88,average length movie
2009,Alles stroomt,Drama,6.7,good,100,long movie
2008,Ne dumay pro belykh obezyan,"Comedy, Drama",6.7,good,120,long movie
2010,L'arbre et la forêt,Drama,6.7,good,97,average length movie
2008,Baska Semtin Çocuklari,"Action, Crime, Drama",6.7,good,95,average length movie
2009,Talentime,Drama,6.7,good,120,long movie
2009,Perempuan berkalung sorban,Drama,6.7,good,131,long movie
2009,Le père de mes enfants,Drama,6.7,good,110,long movie
2010,Zenith,"Sci-Fi, Thriller",6.7,good,93,average length movie
2009,Merantau,"Action, Drama",6.7,good,134,long movie
2009,Same Same But Different,Drama,6.7,good,107,long movie
2008,"Pro Fedota-streltsa, udalogo molodtsa","Animation, Adventure, Fami",6.7,good,70,average length movie
2009,The Disappearance of Alice Creed,"Crime, Thriller",6.7,good,100,long movie
2009,La doppia ora,"Crime, Drama, Mystery",6.7,good,95,average length movie
2009,Kuulustelu,"Drama, War",6.7,good,110,long movie
2009,Cuestión de principios,Comedy,6.7,good,110,long movie
2010,Rare Exports,"Adventure, Fantasy, Horror",6.7,good,84,average length movie
2010,Aurora,Drama,6.7,good,181,epic movie
2009,Je suis heureux que ma mère soit vivante,Drama,6.7,good,91,average length movie
2005,Dejitaru monsuta no X-shinka,"Animation, Action, Sci-Fi",6.7,good,80,average length movie
2010,Vreemd bloed,Drama,6.7,good,87,average length movie
2010,Entrelobos,Drama,6.7,good,113,long movie
2009,Harragas,Drama,6.7,good,95,average length movie
2010,Goa,Comedy,6.7,good,164,long movie
2009,Go Get Some Rosemary,"Comedy, Drama",6.7,good,100,long movie
2008,Neninthe,"Action, Drama",6.7,good,126,long movie
2009,Kohtaamisia,Drama,6.7,good,86,average length movie
2009,"Kérity, la maison des contes","Animation, Adventure, Fami",6.7,good,80,average length movie
2009,Rapt,"Drama, Thriller",6.7,good,125,long movie
2009,Vaghti hame khaabim,Drama,6.7,good,107,long movie
2009,Mohandas,Thriller,6.7,good,112,long movie
2009,"Buben, baraban",Drama,6.7,good,105,long movie
2009,Gölgesizler,"Drama, Fantasy, Mystery",6.7,good,94,average length movie
2010,Ces amours-là,Drama,6.7,good,120,long movie
2010,Goethe!,"Biography, Romance",6.7,good,102,long movie
2009,Schwerkraft,"Crime, Drama",6.7,good,97,average length movie
2009,Garuda di Dadaku,Drama,6.7,good,97,average length movie
2010,Bones,Drama,6.7,good,88,average length movie
2010,Between Two Fires,"Drama, Romance, Thriller",6.7,good,130,long movie
2010,Copacabana,Comedy,6.7,good,107,long movie
2009,Oy!,Romance,6.7,good,166,long movie
2010,Happy Family,Comedy,6.7,good,90,average length movie
2009,Es kommt der Tag,Drama,6.7,good,104,long movie
2010,L'arnacoeur,"Comedy, Romance",6.7,good,105,long movie
2009,Kimmy Dora: Kambal sa kiyeme,"Comedy, Romance",6.7,good,105,long movie
2009,King-kong-eul deul-da,"Comedy, Drama",6.7,good,120,long movie
2009,40,Drama,6.7,good,89,average length movie
2009,Ehky ya Scheherazade,Drama,6.7,good,150,long movie
2010,Amador,Drama,6.7,good,112,long movie
2010,Jasmina,Drama,6.7,good,89,average length movie
2009,Os Famosos e os Duendes da Morte,Drama,6.7,good,101,long movie
2009,Eiga Reiton-kyôju to eien no utahime,"Animation, Adventure, Crim",6.7,good,99,average length movie
2010,Children of God,Drama,6.7,good,104,long movie
2010,Kyatapirâ,"Drama, War",6.7,good,85,average length movie
2010,Janie Jones,"Biography, Drama, Music",6.7,good,114,long movie
2010,Super,"Action, Comedy, Drama",6.7,good,96,average length movie
2010,Los ojos de Julia,"Horror, Mystery, Thriller",6.7,good,118,long movie
2009,Jao nok krajok,Drama,6.7,good,82,average length movie
2010,"Bi, dung so!",Drama,6.7,good,91,average length movie
2010,3,"Comedy, Drama, Romance",6.7,good,119,long movie
2009,Rompecabezas,Drama,6.7,good,87,average length movie
2010,Suma summarum,"Comedy, Thriller",6.7,good,120,long movie
2009,Ha phraeng,"Comedy, Fantasy, Horror",6.7,good,125,long movie
2009,Angshumaner Chhobi,Drama,6.7,good,125,long movie
2009,Natimorto,Drama,6.7,good,92,average length movie
2010,Win/Win,Drama,6.7,good,81,average length movie
2009,Alza la testa,Drama,6.7,good,86,average length movie
2010,Basilicata Coast to Coast,"Comedy, Musical",6.7,good,105,long movie
2009,Sikeurit,Thriller,6.7,good,105,long movie
2010,L'homme qui voulait vivre sa vie,"Drama, Thriller",6.7,good,114,long movie
2010,Sandheden om mænd,"Comedy, Drama, Romance",6.7,good,91,average length movie
2010,Man-choo,Drama,6.7,good,116,long movie
2010,Por el camino,"Drama, Romance",6.7,good,85,average length movie
2009,Les barons,Comedy,6.7,good,111,long movie
2007,Made in Europe,Drama,6.7,good,98,average length movie
2005,Cheap,"Crime, Drama, Horror",6.7,good,117,long movie
2010,Parked,Drama,6.7,good,94,average length movie
2010,Por tu culpa,Drama,6.7,good,87,average length movie
2010,That Girl in Yellow Boots,"Crime, Drama, Mystery",6.7,good,103,long movie
2010,Soul Boy,Drama,6.7,good,61,average length movie
2010,Bodyguard,Comedy,6.7,good,152,long movie
2010,Loong Boonmee raleuk chat,"Drama, Fantasy",6.7,good,114,long movie
2010,Bôizu on za ran,"Comedy, Drama",6.7,good,114,long movie
2010,Susa,Drama,6.7,good,75,average length movie
2010,I Am Slave,Thriller,6.7,good,82,average length movie
2010,Het geheim,"Comedy, Family, Fantasy",6.7,good,90,average length movie
2010,Darah Garuda,"Action, Drama, War",6.7,good,100,long movie
2010,Sinyora Enrica ile Italyan Olmak,"Comedy, Drama",6.7,good,110,long movie
2010,You Should Meet My Son!,"Comedy, Romance",6.7,good,85,average length movie
2010,White Lion,"Drama, Family",6.7,good,88,average length movie
2010,De Mai tính,"Comedy, Romance",6.7,good,95,average length movie
2010,Flowers,Drama,6.7,good,110,long movie
2010,Un homme qui crie,Drama,6.7,good,92,average length movie
2010,Taulukauppiaat,Drama,6.7,good,58,short movie
2010,Periferic,"Drama, Thriller",6.7,good,87,average length movie
2010,"5x Favela, Agora por Nós Mesmos","Comedy, Crime, Drama",6.7,good,96,average length movie
2010,Singam,"Action, Thriller",6.7,good,160,long movie
2010,Chrzest,"Drama, Thriller",6.7,good,86,average length movie
2010,Di 36 ge gu shi,"Comedy, Drama",6.7,good,82,average length movie
2010,Ovsyanki,"Drama, Romance",6.7,good,78,average length movie
2010,Strapped,"Drama, Romance",6.7,good,95,average length movie
2010,Ok-hui-ui yeonghwa,"Comedy, Drama",6.7,good,80,average length movie
2010,Good Night Good Morning,"Drama, Romance",6.7,good,81,average length movie
2010,Fu hou qi ri,"Drama, Family",6.7,good,93,average length movie
2010,Guan yin shan,Drama,6.7,good,105,long movie
2010,Prensesin Uykusu,"Comedy, Drama",6.7,good,110,long movie
2010,23,"Action, Comedy",6.7,good,104,long movie
2010,My Amnesia Girl,Comedy,6.7,good,110,long movie
2009,Raam,"Comedy, Drama",6.7,good,149,long movie
2010,Boo-dang-geo-rae,"Action, Crime, Drama",6.7,good,119,long movie
2009,Nee Dtaam Galileo,"Comedy, Drama, Romance",6.7,good,130,long movie
2010,Dol-i-kil soo eobs-neun,Drama,6.7,good,90,average length movie
2007,Midnight Heat,"Crime, Drama, Thriller",6.7,good,98,average length movie
2010,Naanayam,"Mystery, Thriller",6.7,good,136,long movie
2005,Thumbsucker,"Comedy, Drama",6.6,good,96,average length movie
2005,Hostage,"Action, Crime, Drama",6.6,good,113,long movie
2005,Dear Wendy,"Comedy, Crime, Drama",6.6,good,105,long movie
2005,The Lost City,"Drama, Romance",6.6,good,144,long movie
2005,Mangal Pandey: The Rising,"Biography, Drama, History",6.6,good,150,long movie
2005,The Ballad of Jack and Rose,Drama,6.6,good,112,long movie
2005,Charlie and the Chocolate Factory,"Adventure, Comedy, Family",6.6,good,115,long movie
2007,32A,Drama,6.6,good,89,average length movie
2005,Don't Come Knocking,"Drama, Music",6.6,good,122,long movie
2005,Die Bluthochzeit,"Action, Comedy, Drama",6.6,good,92,average length movie
2006,The Da Vinci Code,"Mystery, Thriller",6.6,good,149,long movie
2005,The White Countess,"Drama, History, Romance",6.6,good,135,long movie
2005,Missing in America,"Drama, War",6.6,good,102,long movie
2005,Lonesome Jim,"Comedy, Drama",6.6,good,91,average length movie
2006,Monster House,"Animation, Adventure, Come",6.6,good,91,average length movie
2005,Hitch,"Comedy, Romance",6.6,good,118,long movie
2006,Idiocracy,"Adventure, Comedy, Sci-Fi",6.6,good,84,average length movie
2007,King of California,"Comedy, Drama",6.6,good,93,average length movie
2007,30 Days of Night,"Action, Horror, Thriller",6.6,good,113,long movie
2005,A Lot Like Love,"Comedy, Drama, Romance",6.6,good,107,long movie
2005,Derailed,"Crime, Drama, Thriller",6.6,good,108,long movie
2005,Nordeste,Drama,6.6,good,104,long movie
2005,Duane Hopwood,"Comedy, Drama",6.6,good,84,average length movie
2005,Chanthupottu,"Comedy, Drama, Romance",6.6,good,127,long movie
2009,House of Boys,"Drama, Music, Romance",6.6,good,117,long movie
2005,Knetter,"Comedy, Drama",6.6,good,83,average length movie
2005,The Life and Hard Times of Guy Terrifico,Comedy,6.6,good,86,average length movie
2005,Marilyn Hotchkiss' Ballroom Dancing & Charm School,"Comedy, Drama, Musical",6.6,good,103,long movie
2005,The Unseen,Drama,6.6,good,99,average length movie
2006,Talladega Nights: The Ballad of Ricky Bobby,"Comedy, Sport",6.6,good,108,long movie
2007,Dangerous Parking,Drama,6.6,good,110,long movie
2005,Factotum,"Comedy, Drama, Romance",6.6,good,94,average length movie
2005,Ma quando arrivano le ragazze?,"Comedy, Drama, Romance",6.6,good,106,long movie
2005,Neverwas,"Drama, Fantasy, Mystery",6.6,good,103,long movie
2005,Living 'til the End,"Drama, Romance",6.6,good,87,average length movie
2006,Opal Dream,"Drama, Family",6.6,good,85,average length movie
2005,La guerra di Mario,Drama,6.6,good,100,long movie
2005,20 centímetros,"Comedy, Musical",6.6,good,112,long movie
2005,A Simple Curve,Drama,6.6,good,92,average length movie
2006,Sherrybaby,Drama,6.6,good,96,average length movie
2006,Sonhos de Peixe,Drama,6.6,good,111,long movie
2005,Zim and Co.,Comedy,6.6,good,88,average length movie
2006,Flushed Away,"Animation, Adventure, Come",6.6,good,85,average length movie
2005,Allegro,"Drama, Romance, Sci-Fi",6.6,good,88,average length movie
2007,Run Fatboy Run,"Comedy, Romance, Sport",6.6,good,100,long movie
2005,Runaway,"Drama, Thriller",6.6,good,80,average length movie
2006,Vadakkum Nathan,"Drama, Musical, Romance",6.6,good,135,long movie
2006,Les filles du botaniste,"Drama, Romance",6.6,good,105,long movie
2005,Go West,"Comedy, Drama, War",6.6,good,97,average length movie
2007,Hairspray,"Comedy, Drama, Musical",6.6,good,117,long movie
2005,Crustacés & coquillages,"Comedy, Musical, Romance",6.6,good,96,average length movie
2005,La petite Jérusalem,Drama,6.6,good,96,average length movie
2006,The Second Chance,Drama,6.6,good,102,long movie
2006,Elementarteilchen,"Drama, Romance",6.6,good,113,long movie
2005,Saw II,"Horror, Mystery",6.6,good,93,average length movie
2005,Dura,"Comedy, Drama",6.6,good,95,average length movie
2006,East Side Story,"Comedy, Romance",6.6,good,88,average length movie
2009,Paper Man,"Comedy, Drama",6.6,good,110,long movie
2005,La trahison,"Drama, War",6.6,good,80,average length movie
2005,Yek boos-e koochooloo,Drama,6.6,good,100,long movie
2005,Shisha no sho,"Animation, Drama, Fantasy",6.6,good,70,average length movie
2008,Vantage Point,"Action, Crime, Drama",6.6,good,90,average length movie
2005,Wahrheit oder Pflicht,"Comedy, Drama",6.6,good,89,average length movie
2008,Crazy,"Biography, Drama, Music",6.6,good,106,long movie
2005,U-Carmen eKhayelitsha,"Musical, Drama, Romance",6.6,good,122,long movie
2006,Take the Lead,"Drama, Music",6.6,good,118,long movie
2005,Elephant Shoes,Romance,6.6,good,80,average length movie
2007,Concursante,"Comedy, Drama",6.6,good,84,average length movie
2005,Zozo,"Drama, Family, War",6.6,good,105,long movie
2007,The Final Season,"Drama, Sport",6.6,good,119,long movie
2006,16 Blocks,"Action, Crime, Drama",6.6,good,102,long movie
2006,Ik omhels je met 1000 armen,"Comedy, Drama, Romance",6.6,good,110,long movie
2005,No Entry,"Comedy, Drama, Musical",6.6,good,158,long movie
2006,The Conclave,"Biography, Drama, History",6.6,good,100,long movie
2006,No. 2,"Comedy, Drama",6.6,good,94,average length movie
2005,One Last Thing...,"Comedy, Drama",6.6,good,93,average length movie
2005,Bubble,"Crime, Drama, Mystery",6.6,good,73,average length movie
2008,The Sensei,"Action, Drama, Sport",6.6,good,103,long movie
2005,Kirikou et les bêtes sauvages,"Animation, Adventure, Fami",6.6,good,75,average length movie
2005,Kame wa igai to hayaku oyogu,Comedy,6.6,good,90,average length movie
2008,Australia,"Adventure, Comedy, Drama",6.6,good,165,long movie
2005,Densha otoko,"Comedy, Romance",6.6,good,105,long movie
2005,Cidade Baixa,Drama,6.6,good,98,average length movie
2005,Jo sok,"Drama, Romance",6.6,good,107,long movie
2005,The Work and the Glory II: American Zion,"Drama, Western",6.6,good,100,long movie
2009,X-Men Origins: Wolverine,"Action, Adventure, Sci-Fi",6.6,good,107,long movie
2006,Efectos secundarios,Comedy,6.6,good,111,long movie
2005,La vie avec mon père,"Comedy, Drama",6.6,good,105,long movie
2007,Georg,"Biography, Drama, Music",6.6,good,105,long movie
2006,Der letzte Zug,"Drama, War",6.6,good,123,long movie
2005,Hôrudo appu daun,Comedy,6.6,good,96,average length movie
2005,Umoregi,Drama,6.6,good,93,average length movie
2005,Whole New Thing,"Comedy, Drama",6.6,good,92,average length movie
2005,Lü cao di,"Comedy, Drama",6.6,good,102,long movie
2006,Invisible Waves,"Drama, Thriller",6.6,good,115,long movie
2007,"Romulus, My Father","Biography, Drama",6.6,good,104,long movie
2006,L'homme de sa vie,"Drama, Romance",6.6,good,114,long movie
2006,The Boys & Girls Guide to Getting Down,Comedy,6.6,good,92,average length movie
2007,Max Minsky und ich,"Comedy, Romance",6.6,good,94,average length movie
2005,Vremya sobirat kamni,War,6.6,good,110,long movie
2006,Chiisaki yûsha-tachi: Gamera,"Action, Adventure, Family",6.6,good,96,average length movie
2005,Hasami otoko,"Crime, Thriller",6.6,good,124,long movie
2007,Shanghai Kiss,"Comedy, Drama, Romance",6.6,good,106,long movie
2006,Le rose del deserto,"Comedy, War",6.6,good,102,long movie
2006,La edad de la peseta,Drama,6.6,good,90,average length movie
2005,Les états nordiques,Drama,6.6,good,91,average length movie
2005,Persona non grata,Drama,6.6,good,110,long movie
2010,Prince of Persia: The Sands of Time,"Action, Fantasy",6.6,good,116,long movie
2006,The Magic Flute,"Drama, Musical, Romance",6.6,good,135,long movie
2005,Bluffmaster!,"Comedy, Crime, Drama",6.6,good,137,long movie
2007,Rocket Science,"Comedy, Drama",6.6,good,101,long movie
2005,À travers la forêt,"Drama, Fantasy",6.6,good,65,average length movie
2007,Michou d'Auber,Drama,6.6,good,124,long movie
2007,Dante's Inferno,"Animation, Comedy",6.6,good,88,average length movie
2007,Bajo las estrellas,"Comedy, Drama",6.6,good,108,long movie
2007,The Go-Getter,"Comedy, Drama",6.6,good,93,average length movie
2008,Madagascar: Escape 2 Africa,"Animation, Adventure, Come",6.6,good,89,average length movie
2006,Off the Black,Drama,6.6,good,90,average length movie
2006,The Sensation of Sight,Drama,6.6,good,134,long movie
2005,Oda do radosci,Drama,6.6,good,118,long movie
2008,Harold & Kumar Escape from Guantanamo Bay,"Adventure, Comedy",6.6,good,104,long movie
2006,Polumgla,"Drama, War",6.6,good,100,long movie
2008,Pride and Glory,"Crime, Drama, Thriller",6.6,good,130,long movie
2007,De profundis,"Animation, Adventure, Fant",6.6,good,80,average length movie
2006,Hamaca paraguaya,Drama,6.6,good,78,average length movie
2005,The Tiger,"Action, Thriller",6.6,good,152,long movie
2005,Yasuwa minyeo,"Comedy, Romance",6.6,good,102,long movie
2006,Bo bui gai wak,"Action, Comedy, Crime",6.6,good,136,long movie
2006,U,"Animation, Family, Musical",6.6,good,75,average length movie
2007,Dupa ea,Drama,6.6,good,90,average length movie
2005,Orora gongju,"Crime, Drama, Mystery",6.6,good,106,long movie
2009,Fanboys,"Adventure, Comedy, Drama",6.6,good,90,average length movie
2006,Conversations with God,"Adventure, Drama",6.6,good,109,long movie
2005,Haze,"Horror, Mystery",6.6,good,49,short movie
2006,Le voyage en Arménie,Drama,6.6,good,125,long movie
2005,Piteopaeneui gongshik,Drama,6.6,good,109,long movie
2006,Vivah,"Drama, Family, Musical",6.6,good,160,long movie
2006,Vidange perdue,Drama,6.6,good,90,average length movie
2006,Mariposa negra,Drama,6.6,good,118,long movie
2005,4:30,Drama,6.6,good,93,average length movie
2006,Put lubenica,Drama,6.6,good,89,average length movie
2006,Elipsis,"Crime, Drama, Thriller",6.6,good,90,average length movie
2006,10 Items or Less,"Comedy, Drama",6.6,good,82,average length movie
2006,Lucy,"Drama, Romance",6.6,good,93,average length movie
2006,Holli-dei,"Action, Crime, Drama",6.6,good,122,long movie
2006,Mondscheinkinder,"Animation, Drama, Family",6.6,good,87,average length movie
2005,Nuit noire,"Drama, Mystery, Sci-Fi",6.6,good,90,average length movie
2006,Changement d'adresse,Comedy,6.6,good,85,average length movie
2009,Don't Let Me Drown,"Drama, Romance",6.6,good,105,long movie
2005,Bûsu,"Horror, Thriller",6.6,good,73,average length movie
2007,My Blueberry Nights,"Drama, Romance",6.6,good,95,average length movie
2008,Trilogia II: I skoni tou hronou,Drama,6.6,good,125,long movie
2007,La ragazza del lago,"Drama, Mystery, Thriller",6.6,good,95,average length movie
2005,Ne khlebom edinym,Drama,6.6,good,112,long movie
2006,53 días de invierno,Drama,6.6,good,91,average length movie
2006,Brave Story,"Animation, Adventure, Myst",6.6,good,112,long movie
2006,Schwere Jungs,"Biography, Comedy",6.6,good,94,average length movie
2006,Udon,"Comedy, Drama",6.6,good,134,long movie
2006,Canvas,Drama,6.6,good,101,long movie
2007,Mataharis,"Comedy, Drama",6.6,good,100,long movie
2007,Tatt av kvinnen,"Comedy, Drama, Romance",6.6,good,90,average length movie
2006,The Dead Girl,"Crime, Drama, Mystery",6.6,good,85,average length movie
2007,Dr. Plonk,"Action, Comedy, Sci-Fi",6.6,good,85,average length movie
2007,The Education of Charlie Banks,Drama,6.6,good,100,long movie
2006,Más que a nada en el mundo,"Drama, Fantasy",6.6,good,90,average length movie
2005,Gekijô-ban Naruto: Daigekitotsu! Maboroshi no chite,"Animation, Adventure, Come",6.6,good,97,average length movie
2006,Bihisht faqat baroi murdagon,"Crime, Drama",6.6,good,92,average length movie
2007,Feast of Love,"Drama, Romance",6.6,good,97,average length movie
2006,Shoot the Messenger,Drama,6.6,good,90,average length movie
2006,Z odzysku,Drama,6.6,good,103,long movie
2007,Ópium: Egy elmebeteg nö naplója,"Drama, Romance",6.6,good,90,average length movie
2006,Facing the Giants,"Drama, Fantasy, Sport",6.6,good,111,long movie
2007,Yella,"Drama, Horror, Romance",6.6,good,89,average length movie
2006,Nebo iznad krajolika,Comedy,6.6,good,86,average length movie
2007,Look,"Comedy, Crime, Drama",6.6,good,102,long movie
2006,Liv,Drama,6.6,good,59,short movie
2007,Voleurs de chevaux,"Action, Adventure, Drama",6.6,good,85,average length movie
2005,Dondurmam Gaymak,Comedy,6.6,good,100,long movie
2007,Kabluey,Comedy,6.6,good,86,average length movie
2008,Summerhood,"Comedy, Drama, Romance",6.6,good,88,average length movie
2006,Gau ngao gau,"Action, Crime, Drama",6.6,good,109,long movie
2007,American Pastime,"Drama, Romance, Sport",6.6,good,105,long movie
2007,Die Anruferin,Drama,6.6,good,84,average length movie
2007,Le voyage du ballon rouge,"Drama, Family",6.6,good,115,long movie
2007,Honeydripper,"Crime, Drama, History",6.6,good,124,long movie
2007,A Mighty Heart,"Biography, Drama, History",6.6,good,108,long movie
2008,Quantum of Solace,"Action, Adventure, Thrille",6.6,good,106,long movie
2007,The Girl Next Door,"Crime, Drama, Horror",6.6,good,91,average length movie
2006,Woh Lamhe,"Biography, Drama, Romance",6.6,good,156,long movie
2009,Underworld: Rise of the Lycans,"Action, Adventure, Fantasy",6.6,good,92,average length movie
2007,Arn: Tempelriddaren,"Action, Drama, Romance",6.6,good,139,long movie
2006,Eyforiya,"Drama, Romance",6.6,good,74,average length movie
2007,Liberty Kid,Drama,6.6,good,92,average length movie
2008,Hindemidth,"Comedy, Drama",6.6,good,100,long movie
2007,La masseria delle allodole,"Drama, History",6.6,good,122,long movie
2006,Farväl Falkenberg,Drama,6.6,good,91,average length movie
2006,"Peullai, daedi",Drama,6.6,good,112,long movie
2007,Terra,"Animation, Action, Adventu",6.6,good,85,average length movie
2008,Blindness,"Drama, Mystery, Sci-Fi",6.6,good,121,long movie
2006,Uranya,Comedy,6.6,good,100,long movie
2008,The Forbidden Kingdom,"Action, Adventure, Fantasy",6.6,good,104,long movie
2007,Naissance des pieuvres,"Drama, Romance",6.6,good,85,average length movie
2008,Ciao,"Drama, Romance",6.6,good,87,average length movie
2009,Antichrist,"Drama, Horror",6.6,good,108,long movie
2007,Turma da Mônica em uma Aventura no Tempo,"Animation, Adventure, Come",6.6,good,81,average length movie
2008,Tiramisu,"Drama, Mystery, Romance",6.6,good,90,average length movie
2010,Please Give,"Comedy, Drama",6.6,good,87,average length movie
2007,Adem'in Trenleri,Drama,6.6,good,100,long movie
2007,Miehen työ,Drama,6.6,good,104,long movie
2009,Cairo Time,"Drama, Romance",6.6,good,90,average length movie
2007,Another Perfect Stranger,Drama,6.6,good,80,average length movie
2007,El Greco,"Biography, Drama",6.6,good,119,long movie
2006,Bang-gwa-hoo-ock-sang,Comedy,6.6,good,103,long movie
2006,Comme des voleurs (à l'est),"Comedy, Romance",6.6,good,112,long movie
2008,Dakota Skye,"Drama, Romance",6.6,good,89,average length movie
2006,Falafel,Drama,6.6,good,83,average length movie
2006,Miseuteo Robin ggosigi,Romance,6.6,good,107,long movie
2006,Uno su due,Drama,6.6,good,100,long movie
2007,O Homem Que Desafiou o Diabo,"Comedy, Fantasy",6.6,good,106,long movie
2007,Tout est pardonné,Drama,6.6,good,105,long movie
2006,Orae-doen jeongwon,"Drama, History, Romance",6.6,good,112,long movie
2007,Brick Lane,Drama,6.6,good,102,long movie
2008,Dunya & Desie,"Comedy, Drama",6.6,good,98,average length movie
2008,Chasseurs de dragons,"Animation, Action, Adventu",6.6,good,80,average length movie
2008,Arn: Riket vid vägens slut,"Action, Drama, Romance",6.6,good,128,long movie
2010,Robin Hood,"Action, Drama, History",6.6,good,140,long movie
2008,Repo! The Genetic Opera,"Horror, Musical, Sci-Fi",6.6,good,98,average length movie
2006,I psyhi sto stoma,Drama,6.6,good,117,long movie
2006,Making Of,"Crime, Drama",6.6,good,120,long movie
2008,La cámara oscura,"Drama, Music",6.6,good,85,average length movie
2008,Nick and Norah's Infinite Playlist,"Comedy, Drama, Music",6.6,good,90,average length movie
2007,Mi fido di te,Comedy,6.6,good,100,long movie
2007,1 beon-ga-eui gi-jeok,"Comedy, Romance, Sport",6.6,good,113,long movie
2007,Año uña,"Drama, Romance",6.6,good,79,average length movie
2010,Machete,"Action, Crime, Thriller",6.6,good,105,long movie
2007,Duska,Drama,6.6,good,110,long movie
2007,Undertrial,"Crime, Drama",6.6,good,142,long movie
2007,Kimi ni shika kikoenai,Drama,6.6,good,107,long movie
2009,Unmade Beds,"Comedy, Drama",6.6,good,97,average length movie
2007,El asaltante,Drama,6.6,good,67,average length movie
2007,Mo,"Comedy, Drama, Family",6.6,good,105,long movie
2009,Fast & Furious,"Action, Adventure, Thrille",6.6,good,107,long movie
2008,Race,"Action, Crime, Drama",6.6,good,149,long movie
2007,Chun nyun hack,Drama,6.6,good,106,long movie
2007,Yumurta,Drama,6.6,good,97,average length movie
2009,The Scouting Book for Boys,"Drama, Thriller",6.6,good,93,average length movie
2008,Never Back Down,"Action, Drama, Sport",6.6,good,110,long movie
2009,Le bal des actrices,"Comedy, Drama",6.6,good,105,long movie
2008,Wolke 9,"Drama, Romance",6.6,good,98,average length movie
2009,I Love You Phillip Morris,"Biography, Comedy, Crime",6.6,good,98,average length movie
2008,Last Chance Harvey,"Drama, Romance",6.6,good,93,average length movie
2009,Lo,"Comedy, Horror, Musical",6.6,good,80,average length movie
2008,Borderline,Drama,6.6,good,110,long movie
2007,The World Unseen,"Drama, Romance",6.6,good,93,average length movie
2007,Mi novia está... de madre!,Comedy,6.6,good,90,average length movie
2009,Tsurugidake: Ten no ki,"Adventure, Drama",6.6,good,139,long movie
2008,Eagle Eye,"Action, Mystery, Thriller",6.6,good,118,long movie
2006,Heart,"Drama, Romance",6.6,good,126,long movie
2008,Ichi,"Action, Crime, Drama",6.6,good,120,long movie
2008,Un coeur simple,Drama,6.6,good,105,long movie
2009,The War Boys,"Crime, Drama, Romance",6.6,good,93,average length movie
2008,Bloedbroeders,Thriller,6.6,good,90,average length movie
2006,Gekijô-ban Naruto: Daikôfun! Mikazukijima no animar,"Animation, Action, Adventu",6.6,good,95,average length movie
2008,La frontière de l'aube,"Drama, Romance",6.6,good,106,long movie
2008,"Amore, bugie & calcetto",Comedy,6.6,good,115,long movie
2008,Voy a explotar,Drama,6.6,good,106,long movie
2009,Wanted,"Action, Thriller",6.6,good,147,long movie
2008,"Aide-toi, le ciel t'aidera",Comedy,6.6,good,94,average length movie
2007,Zui yao yuan de ju li,Drama,6.6,good,110,long movie
2009,The Bad Lieutenant: Port of Call - New Orleans,"Crime, Drama",6.6,good,122,long movie
2007,C+ jing taam,"Drama, Thriller",6.6,good,109,long movie
2007,Enfances,Drama,6.6,good,80,average length movie
2010,Di renjie: Tong tian di guo,"Action, Adventure, Drama",6.6,good,123,long movie
2008,Adulthood,"Crime, Drama",6.6,good,99,average length movie
2008,Beste Gegend,"Drama, Romance",6.6,good,98,average length movie
2008,Apron Strings,Drama,6.6,good,90,average length movie
2008,Louise-Michel,Comedy,6.6,good,94,average length movie
2008,What Doesn't Kill You,"Crime, Drama",6.6,good,100,long movie
2007,Sik-gaek,"Comedy, Drama",6.6,good,113,long movie
2007,Wonderful Town,"Drama, Romance",6.6,good,92,average length movie
2009,Je me souviens,Drama,6.6,good,86,average length movie
2009,Today's Special,Comedy,6.6,good,99,average length movie
2008,K-20: Kaijin nijû mensô den,"Action, Adventure, Crime",6.6,good,137,long movie
2008,Happy Flight,Comedy,6.6,good,103,long movie
2008,Bo chi tung wah,"Action, Crime, Thriller",6.6,good,110,long movie
2009,Set Apart,"Action, Adventure, Drama",6.6,good,97,average length movie
2008,Bi-mong,"Drama, Fantasy, Mystery",6.6,good,95,average length movie
2009,Gordos,"Comedy, Drama",6.6,good,110,long movie
2009,Hurricane Season,"Drama, Sport",6.6,good,102,long movie
2008,Slam,"Action, Drama, Family",6.6,good,93,average length movie
2008,A-leum-dab-da,Drama,6.6,good,88,average length movie
2009,Heaven's Door,Drama,6.6,good,106,long movie
2008,Echte Wiener - Die Sackbauer-Saga,"Comedy, Drama",6.6,good,90,average length movie
2010,Acorazado,Comedy,6.6,good,102,long movie
2008,"Evet, ich will!","Comedy, Romance",6.6,good,90,average length movie
2008,Los paranoicos,Comedy,6.6,good,98,average length movie
2009,20-seiki shônen: Saishû-shô - Bokura no hata,"Adventure, Fantasy",6.6,good,156,long movie
2008,Kacheli,Drama,6.6,good,84,average length movie
2008,The New Year Parade,Drama,6.6,good,85,average length movie
2006,Gekijouban Doubutsu no mori,"Animation, Comedy, Family",6.6,good,87,average length movie
2010,Inhale,"Drama, Thriller",6.6,good,83,average length movie
2009,Yi ngoi,"Mystery, Thriller",6.6,good,89,average length movie
2009,Crónicas chilangas,Comedy,6.6,good,100,long movie
2008,Desierto adentro,Drama,6.6,good,110,long movie
2009,Skavabölen pojat,Drama,6.6,good,123,long movie
2010,Blood Done Sign My Name,Drama,6.6,good,128,long movie
2008,Wai sing,Drama,6.6,good,96,average length movie
2009,Love & Savagery,"Drama, Romance",6.6,good,95,average length movie
2008,Solo un padre,"Comedy, Romance",6.6,good,89,average length movie
2008,Kabuli kid,Drama,6.6,good,97,average length movie
2008,Plyus odin,"Comedy, Romance",6.6,good,96,average length movie
2009,The Greatest,"Drama, Romance",6.6,good,99,average length movie
2010,Edge of Darkness,"Crime, Drama, Mystery",6.6,good,117,long movie
2008,Pontypool,"Fantasy, Horror, Thriller",6.6,good,93,average length movie
2010,Hors la loi,"Crime, Drama, War",6.6,good,138,long movie
2010,VIPs,"Biography, Drama",6.6,good,95,average length movie
2009,Five Minutes of Heaven,"Drama, Thriller",6.6,good,89,average length movie
2008,A Very Special Love,"Comedy, Romance",6.6,good,106,long movie
2009,Le dernier pour la route,Drama,6.6,good,106,long movie
2009,Je l'aimais,"Drama, Romance",6.6,good,113,long movie
2009,Chuyen tình xa xu,Romance,6.6,good,120,long movie
2009,J'ai oublié de te dire,Drama,6.6,good,95,average length movie
2009,Köprüdekiler,Drama,6.6,good,87,average length movie
2008,Kolme viisasta miestä,Drama,6.6,good,105,long movie
2009,Il compleanno,"Drama, Mystery, Romance",6.6,good,106,long movie
2009,Jeon Woochi,"Action, Adventure, Comedy",6.6,good,136,long movie
2008,Babine,"Adventure, Drama, Fantasy",6.6,good,112,long movie
2008,Zakrytye prostranstva,"Comedy, Drama",6.6,good,95,average length movie
2009,Demain dès l'aube,Drama,6.6,good,96,average length movie
2009,The Winning Season,"Comedy, Sport",6.6,good,104,long movie
2010,Last Night,"Drama, Romance",6.6,good,93,average length movie
2009,Kikkerdril,"Adventure, Drama, Family",6.6,good,75,average length movie
2008,El Regalo,Comedy,6.6,good,108,long movie
2008,A Moment in June,Drama,6.6,good,106,long movie
2008,Ji ri qi cheng,Drama,6.6,good,100,long movie
2010,Neka ostane medju nama,"Comedy, Drama",6.6,good,87,average length movie
2009,Headhunter,Thriller,6.6,good,108,long movie
2009,Miss Kicki,Drama,6.6,good,88,average length movie
2009,Sammen,Drama,6.6,good,100,long movie
2008,Dla ciebie i ognia,"Drama, Horror, Thriller",6.6,good,127,long movie
2009,5150 rue des Ormes,"Drama, Horror, Thriller",6.6,good,110,long movie
2009,Shizumanu taiyô,Drama,6.6,good,202,epic movie
2008,Forecast,"Adventure, Drama, Romance",6.6,good,97,average length movie
2009,Flickan,"Drama, Family",6.6,good,100,long movie
2009,Lovers in a Dangerous Time,Drama,6.6,good,99,average length movie
2010,Nanga Parbat,"Biography, Drama",6.6,good,104,long movie
2009,Yang Yang,Drama,6.6,good,112,long movie
2008,Lit yat dong hung,Drama,6.6,good,100,long movie
2009,Christmas Angel,"Comedy, Drama, Romance",6.6,good,87,average length movie
2009,Música en espera,"Comedy, Romance",6.6,good,106,long movie
2009,Honokaa bôi,"Drama, Romance",6.6,good,111,long movie
2010,Baby Jane?,Comedy,6.6,good,95,average length movie
2010,Bergblut,"Drama, History, War",6.6,good,123,long movie
2010,The Other Guys,"Action, Comedy, Crime",6.6,good,107,long movie
2010,Mirch,"Comedy, Drama, Fantasy",6.6,good,105,long movie
2009,Kenjac,Drama,6.6,good,90,average length movie
2008,Chirodini Tumi Je Amar,Romance,6.6,good,180,epic movie
2009,A Greater Yes: The Story of Amy Newhouse,Drama,6.6,good,84,average length movie
2010,Wai dor lei ah yat ho,"Crime, Drama, Horror",6.6,good,96,average length movie
2009,Todos mienten,Drama,6.6,good,75,average length movie
2009,I'm Not Harry Jenson.,"Mystery, Thriller",6.6,good,106,long movie
2009,Woo-ri-jib-e wae-wass-ni,"Comedy, Romance",6.6,good,107,long movie
2010,L'enfant prodige,Drama,6.6,good,101,long movie
2009,Giulias Verschwinden,Comedy,6.6,good,87,average length movie
2010,Forget Me Not,Romance,6.6,good,93,average length movie
2009,Bist,Drama,6.6,good,85,average length movie
2009,Korotkoe zamykanie,Romance,6.6,good,92,average length movie
2009,Do Começo ao Fim,"Drama, Romance",6.6,good,94,average length movie
2010,Matariki,Drama,6.6,good,92,average length movie
2009,Haendeupon,Thriller,6.6,good,137,long movie
2010,Hahaha,"Comedy, Drama, Romance",6.6,good,115,long movie
2010,Route 132,Drama,6.6,good,113,long movie
2009,Daikaijû Batoru: Urutora Ginga Densetsu - The Movie,"Action, Adventure, Family",6.6,good,96,average length movie
2010,Min bedste fjende,Drama,6.6,good,93,average length movie
2010,Je n'ai rien oublié,Drama,6.6,good,93,average length movie
2008,Hashar: A Love Story...,Romance,6.6,good,176,long movie
2009,Frontier Blues,Drama,6.6,good,95,average length movie
2009,A Religiosa Portuguesa,Drama,6.6,good,127,long movie
2009,Qu'un seul tienne et les autres suivront,Drama,6.6,good,120,long movie
2010,Keeper'n til Liverpool,Comedy,6.6,good,90,average length movie
2010,Lifted,Drama,6.6,good,108,long movie
2009,Phobidilia,Drama,6.6,good,87,average length movie
2010,The Tree,"Drama, Romance",6.6,good,100,long movie
2010,Dooman River,Drama,6.6,good,90,average length movie
2009,El vuelco del cangrejo,Drama,6.6,good,95,average length movie
2009,Heiran,"Drama, Romance",6.6,good,88,average length movie
2009,Hiroshima,Drama,6.6,good,80,average length movie
2009,Wah Do Dem,"Adventure, Comedy, Drama",6.6,good,76,average length movie
2010,Himlen är oskyldigt blå,Drama,6.6,good,110,long movie
2009,Kiskanmak,Drama,6.6,good,96,average length movie
2009,Paju,Drama,6.6,good,110,long movie
2009,Las,Drama,6.6,good,76,average length movie
2009,Geobugi dallinda,"Action, Comedy, Crime",6.6,good,117,long movie
2010,20 sigarette,"Drama, War",6.6,good,94,average length movie
2009,Os Inquilinos,Drama,6.6,good,103,long movie
2010,The Space Between,Drama,6.6,good,90,average length movie
2010,New Low,"Comedy, Romance",6.6,good,82,average length movie
2010,Benvenuti al sud,Comedy,6.6,good,102,long movie
2010,Beautiful Boy,Drama,6.6,good,100,long movie
2009,Baekyahaeng: Hayan eodoom sokeul geolda,"Mystery, Romance, Thriller",6.6,good,135,long movie
2010,Orange,"Comedy, Drama, Romance",6.6,good,162,long movie
2009,Serigala Terakhir,"Action, Drama",6.6,good,110,long movie
2010,Angèle et Tony,Drama,6.6,good,83,average length movie
2010,The Insatiable Moon,Drama,6.6,good,101,long movie
2010,Fubar II,Comedy,6.6,good,85,average length movie
2009,Kamen raidâ x Kamen raidâ W & Dikeido Movie taisen ,"Action, Adventure, Sci-Fi",6.6,good,98,average length movie
2009,La sangre y la lluvia,Drama,6.6,good,109,long movie
2009,Aeja,Drama,6.6,good,111,long movie
2009,Nae sa-rang nae gyeol-ae,Drama,6.6,good,121,long movie
2010,En familie,Drama,6.6,good,102,long movie
2009,Munde U.K. De,"Comedy, Drama, Romance",6.6,good,149,long movie
2009,Badal Faqed,"Action, Drama, Thriller",6.6,good,105,long movie
2010,Todo lo que tú quieras,Drama,6.6,good,101,long movie
2010,No et moi,Drama,6.6,good,105,long movie
2009,Histórias de Amor Duram Apenas 90 Minutos,"Comedy, Romance",6.6,good,93,average length movie
2010,Da lui toi,"Action, Comedy, Drama",6.6,good,98,average length movie
2010,Byakuyakô,"Drama, Mystery",6.6,good,149,long movie
2010,You yi tian,"Drama, Romance, Sci-Fi",6.6,good,93,average length movie
2007,Du eolgurui yeochin,"Comedy, Drama, Romance",6.6,good,117,long movie
2010,Chuzhaya,"Action, Drama",6.6,good,100,long movie
2010,Harud,Drama,6.6,good,96,average length movie
2010,Sasha,"Comedy, Crime, Drama",6.6,good,102,long movie
2010,Zohi Sdom,"Comedy, History",6.6,good,90,average length movie
2010,Bróder,"Crime, Drama",6.6,good,93,average length movie
2010,Gadkiy utyonok,"Animation, Family, Musical",6.6,good,75,average length movie
2010,Post Mortem,Drama,6.6,good,98,average length movie
2008,Ahgiwa na,Comedy,6.6,good,98,average length movie
2010,Kochegar,"Crime, Drama",6.6,good,87,average length movie
2010,Die Farbe,"Drama, Horror, Mystery",6.6,good,86,average length movie
2010,Çakal,Crime,6.6,good,86,average length movie
2010,Si-ra-no; Yeon-ae-jo-jak-do,"Comedy, Romance",6.6,good,119,long movie
2010,Mad Bastards,Drama,6.6,good,94,average length movie
2010,Marykkundoru Kunjaadu,Comedy,6.6,good,132,long movie
2010,Simya-ui FM,"Action, Crime, Thriller",6.6,good,106,long movie
2010,Gong fu yong chun,"Action, Comedy, Romance",6.6,good,110,long movie
2008,Game Boys,"Comedy, Romance",6.6,good,112,long movie
2007,Kireedam,"Action, Drama",6.6,good,156,long movie
2010,Be Range Arghavan,"Drama, Thriller",6.6,good,97,average length movie
2010,"Ginmaku Hetalia Axis Powers: Paint It, White!","Animation, Adventure, Come",6.6,good,61,average length movie
2007,Awake,"Crime, Drama, Mystery",6.5,good,84,average length movie
2005,The Civilization of Maxwell Bright,Drama,6.5,good,107,long movie
2005,Mr. & Mrs. Smith,"Action, Comedy, Crime",6.5,good,120,long movie
2005,Hermanas,Drama,6.5,good,88,average length movie
2005,Secuestro express,"Action, Crime, Drama",6.5,good,90,average length movie
2005,Where the Truth Lies,"Crime, Drama, Mystery",6.5,good,107,long movie
2005,Pretty Persuasion,"Comedy, Drama",6.5,good,104,long movie
2006,Curious George,"Animation, Adventure, Come",6.5,good,87,average length movie
2005,Dallas Pashamende,Drama,6.5,good,93,average length movie
2008,Kalandorok,"Comedy, Drama",6.5,good,100,long movie
2006,Silent Hill,Horror,6.5,good,125,long movie
2005,Swimmers,Drama,6.5,good,90,average length movie
2005,The Weather Man,"Comedy, Drama",6.5,good,102,long movie
2005,Budjenje iz mrtvih,Drama,6.5,good,134,long movie
2005,Nanny McPhee,"Comedy, Family, Fantasy",6.5,good,97,average length movie
2005,The Skeleton Key,"Drama, Horror, Mystery",6.5,good,104,long movie
2005,Man to Man,Drama,6.5,good,122,long movie
2005,Obaba,Drama,6.5,good,100,long movie
2005,The Baxter,"Comedy, Romance",6.5,good,91,average length movie
2005,Fierce People,"Drama, Thriller",6.5,good,107,long movie
2005,Casanova,"Adventure, Comedy, Drama",6.5,good,112,long movie
2005,Chaos,"Action, Crime, Drama",6.5,good,106,long movie
2005,The Sisterhood of the Traveling Pants,"Comedy, Drama, Romance",6.5,good,119,long movie
2005,The Notorious Bettie Page,"Biography, Drama",6.5,good,91,average length movie
2005,War of the Worlds,"Adventure, Sci-Fi",6.5,good,116,long movie
2006,Dnevnoy dozor,"Action, Fantasy, Horror",6.5,good,132,long movie
2005,Tideland,"Drama, Fantasy, Horror",6.5,good,120,long movie
2005,Anthony Zimmer,"Crime, Drama, Romance",6.5,good,89,average length movie
2005,One Day in Europe,Comedy,6.5,good,95,average length movie
2006,Delirious,"Comedy, Drama, Romance",6.5,good,107,long movie
2008,The Rainbowmaker,Romance,6.5,good,90,average length movie
2005,The Trouble with Dee Dee,Comedy,6.5,good,81,average length movie
2006,Sehnsucht,"Drama, Romance",6.5,good,88,average length movie
2008,The Spiderwick Chronicles,"Action, Adventure, Drama",6.5,good,96,average length movie
2005,Les mots bleus,"Romance, Drama",6.5,good,114,long movie
2007,Jacquou le croquant,"Adventure, Drama",6.5,good,140,long movie
2006,En soap,"Comedy, Drama",6.5,good,104,long movie
2005,Kim Novak badade aldrig i Genesarets sjö,"Crime, Drama",6.5,good,95,average length movie
2006,Fur: An Imaginary Portrait of Diane Arbus,"Biography, Drama, Romance",6.5,good,122,long movie
2008,Get Smart,"Action, Adventure, Comedy",6.5,good,110,long movie
2005,Short Order,"Drama, Adventure",6.5,good,100,long movie
2006,Hollywoodland,"Biography, Crime, Drama",6.5,good,126,long movie
2005,Papa,"Comedy, Drama",6.5,good,80,average length movie
2005,The Thing About My Folks,"Comedy, Drama",6.5,good,96,average length movie
2005,Virgil,"Comedy, Drama, Sport",6.5,good,93,average length movie
2006,Wild Romance,"Biography, Drama, Music",6.5,good,103,long movie
2006,Factory Girl,"Biography, Drama",6.5,good,90,average length movie
2006,Land of the Blind,"Drama, Thriller",6.5,good,110,long movie
2005,Lucid,"Comedy, Drama, Mystery",6.5,good,92,average length movie
2005,Reinas,"Comedy, Romance",6.5,good,107,long movie
2005,"Love, Ludlow","Comedy, Romance",6.5,good,86,average length movie
2005,The Puffy Chair,"Comedy, Drama, Romance",6.5,good,85,average length movie
2005,Die weiße Massai,"Drama, Romance",6.5,good,131,long movie
2009,Terminator Salvation,"Action, Sci-Fi",6.5,good,115,long movie
2005,Heidi,"Drama, Family",6.5,good,104,long movie
2005,Kita no zeronen,Drama,6.5,good,170,long movie
2006,Steel City,"Crime, Drama, Thriller",6.5,good,95,average length movie
2006,Dhoom:2,"Action, Thriller",6.5,good,152,long movie
2005,Operetta tanuki goten,"Comedy, Fantasy, Musical",6.5,good,111,long movie
2005,Thommanum Makkalum,"Action, Comedy, Drama",6.5,good,118,long movie
2005,Cafundó,"Biography, Drama, History",6.5,good,102,long movie
2005,Rinjin 13-gô,"Horror, Thriller",6.5,good,115,long movie
2005,Verlengd weekend,"Comedy, Drama",6.5,good,93,average length movie
2006,Breaking and Entering,"Crime, Drama, Romance",6.5,good,120,long movie
2006,Dreamgirls,"Drama, Music, Musical",6.5,good,130,long movie
2006,Robotech: The Shadow Chronicles,"Animation, Action, Adventu",6.5,good,88,average length movie
2006,Forgiven,Drama,6.5,good,81,average length movie
2010,Les 7 jours du talion,"Crime, Drama, Horror",6.5,good,105,long movie
2005,Tian bian yi duo yun,"Comedy, Drama, Musical",6.5,good,114,long movie
2008,Disgrace,Drama,6.5,good,119,long movie
2005,Drawing Restraint 9,Fantasy,6.5,good,135,long movie
2007,Nightwatching,"Biography, Drama, History",6.5,good,134,long movie
2005,The F Word,Drama,6.5,good,85,average length movie
2005,Keine Lieder über Liebe,"Drama, Music, Romance",6.5,good,98,average length movie
2006,Two Weeks,"Comedy, Drama",6.5,good,102,long movie
2005,London,"Drama, Romance",6.5,good,92,average length movie
2006,La doublure,"Comedy, Drama",6.5,good,85,average length movie
2006,Unknown,"Crime, Drama, Mystery",6.5,good,85,average length movie
2005,Love,"Drama, Thriller",6.5,good,90,average length movie
2006,Flandres,"Drama, Romance, War",6.5,good,91,average length movie
2005,Otoko-tachi no Yamato,"Drama, History, War",6.5,good,145,long movie
2005,Paheli,"Drama, Fantasy, Romance",6.5,good,140,long movie
2005,Hau bei tim sum,Romance,6.5,good,93,average length movie
2005,Naboer,"Horror, Mystery, Thriller",6.5,good,75,average length movie
2006,Flyboys,"Action, Drama, History",6.5,good,140,long movie
2005,Aislados,Comedy,6.5,good,80,average length movie
2010,The Crazies,"Horror, Thriller",6.5,good,101,long movie
2005,Sheng si jie,Drama,6.5,good,90,average length movie
2006,Provoked: A True Story,"Biography, Crime, Drama",6.5,good,113,long movie
2006,Ladrones y mentirosos,"Crime, Drama",6.5,good,114,long movie
2005,Cose da pazzi,Comedy,6.5,good,91,average length movie
2005,Kal: Yesterday and Tomorrow,"Drama, Mystery, Thriller",6.5,good,120,long movie
2005,Eri Eri rema sabakutani,"Drama, Music, Sci-Fi",6.5,good,107,long movie
2006,Stranded,Drama,6.5,good,52,short movie
2006,El custodio,Drama,6.5,good,95,average length movie
2006,Step Up,"Crime, Drama, Music",6.5,good,104,long movie
2006,Severance,"Comedy, Horror, Thriller",6.5,good,96,average length movie
2007,National Treasure: Book of Secrets,"Action, Adventure, Mystery",6.5,good,124,long movie
2007,December Boys,"Drama, Romance",6.5,good,105,long movie
2006,Jeune homme,Comedy,6.5,good,90,average length movie
2005,Hinokio,"Drama, Sci-Fi",6.5,good,111,long movie
2005,Dreaming Lhasa,"Adventure, Drama, Mystery",6.5,good,90,average length movie
2006,Mansfeld,Drama,6.5,good,118,long movie
2006,Bernard and Doris,"Biography, Comedy, Drama",6.5,good,102,long movie
2006,Just Like the Son,Drama,6.5,good,86,average length movie
2005,Tyttö sinä olet tähti,"Drama, Music, Romance",6.5,good,102,long movie
2007,Man zkt vrouw,"Comedy, Drama, Romance",6.5,good,107,long movie
2005,Piano 17,"Action, Comedy, Crime",6.5,good,105,long movie
2006,The TV Set,"Comedy, Drama",6.5,good,88,average length movie
2007,Graduation,"Comedy, Crime, Drama",6.5,good,89,average length movie
2007,Mister Lonely,"Comedy, Drama",6.5,good,112,long movie
2005,Maroa,"Music, Romance",6.5,good,102,long movie
2006,Ira & Abby,"Comedy, Romance",6.5,good,104,long movie
2005,Parnikovyy effekt,Drama,6.5,good,93,average length movie
2006,O Maior Amor do Mundo,Romance,6.5,good,106,long movie
2005,Türev,"Drama, Family, Romance",6.5,good,91,average length movie
2007,Alone,"Drama, Horror, Thriller",6.5,good,105,long movie
2005,The GoodTimesKid,"Action, Comedy",6.5,good,77,average length movie
2006,Le serpent,Thriller,6.5,good,119,long movie
2007,"Très bien, merci","Comedy, Drama",6.5,good,102,long movie
2005,"Qiuqiu ni, biaoyang wo",Comedy,6.5,good,95,average length movie
2005,"Sonyeon, Cheonguk-e gada",Romance,6.5,good,110,long movie
2006,The Front Line,"Action, Crime, Drama",6.5,good,93,average length movie
2007,Closing the Ring,"Drama, Romance",6.5,good,118,long movie
2006,Corporate,Drama,6.5,good,142,long movie
2005,Muyeong geom,"Action, Adventure, History",6.5,good,117,long movie
2005,Garpastum,Drama,6.5,good,116,long movie
2005,Hak bak jin cheung,"Crime, Drama",6.5,good,90,average length movie
2006,Warchild,Drama,6.5,good,103,long movie
2006,Son of Man,Drama,6.5,good,86,average length movie
2005,Naui gyeolhon wonjeonggi,"Comedy, Drama",6.5,good,120,long movie
2006,Gin-iro no kami no Agito,"Animation, Drama, Romance",6.5,good,95,average length movie
2010,Ramona and Beezus,"Comedy, Drama, Family",6.5,good,103,long movie
2006,Rene hjerter,Drama,6.5,good,82,average length movie
2006,Gedo senki,"Animation, Adventure, Fant",6.5,good,115,long movie
2005,Bosta,"Musical, War",6.5,good,142,long movie
2006,Le dernier des fous,Drama,6.5,good,95,average length movie
2007,The Christmas Miracle of Jonathan Toomey,Family,6.5,good,91,average length movie
2005,Kalyug,"Action, Crime, Drama",6.5,good,126,long movie
2006,Kargaran mashghoole karand,"Comedy, Drama",6.5,good,75,average length movie
2008,The Chronicles of Narnia: Prince Caspian,"Action, Adventure, Family",6.5,good,150,long movie
2006,Son-nim-eun-wang-e-da,Crime,6.5,good,104,long movie
2007,Music and Lyrics,"Comedy, Music, Romance",6.5,good,96,average length movie
2007,Whatever Lola Wants,Drama,6.5,good,115,long movie
2007,When Nietzsche Wept,Drama,6.5,good,105,long movie
2007,Das wilde Leben,"Biography, Comedy, Drama",6.5,good,114,long movie
2007,Evening,"Drama, Romance",6.5,good,117,long movie
2006,Dans Paris,"Drama, Romance",6.5,good,92,average length movie
2006,9 Naga,Drama,6.5,good,104,long movie
2006,Cheongchun-manhwa,"Comedy, Romance",6.5,good,116,long movie
2006,Mamiya kyodai,"Comedy, Drama, Romance",6.5,good,119,long movie
2009,Contact High,Comedy,6.5,good,98,average length movie
2007,Ne touchez pas la hache,"Drama, Music, Romance",6.5,good,137,long movie
2007,The Good Life,"Comedy, Drama",6.5,good,90,average length movie
2007,Dot.com,Comedy,6.5,good,103,long movie
2007,Yo,Drama,6.5,good,100,long movie
2007,You Kill Me,"Comedy, Crime, Romance",6.5,good,93,average length movie
2006,Pingpong,Drama,6.5,good,89,average length movie
2006,Que Dieu bénisse l'Amérique,"Drama, Thriller",6.5,good,110,long movie
2006,"Oh, wie schön ist Panama","Animation, Family",6.5,good,70,average length movie
2007,Funny Games,"Crime, Drama, Thriller",6.5,good,111,long movie
2008,Largo Winch,"Action, Adventure, Thrille",6.5,good,108,long movie
2006,Jiang cheng xia ri,Drama,6.5,good,88,average length movie
2006,Hak kuen,"Action, Crime, Thriller",6.5,good,110,long movie
2007,Never Forever,"Drama, Romance",6.5,good,104,long movie
2006,Islander,Drama,6.5,good,100,long movie
2006,Onni von Sopanen,Family,6.5,good,90,average length movie
2007,Traffic Signal,Drama,6.5,good,130,long movie
2006,Sinav,"Comedy, Drama",6.5,good,120,long movie
2006,Ciudad en celo,"Comedy, Romance",6.5,good,100,long movie
2005,Zaky Chan,"Comedy, Romance",6.5,good,114,long movie
2006,Collier & Co.,"Comedy, Family",6.5,good,108,long movie
2006,"20,13","Drama, Mystery, War",6.5,good,114,long movie
2008,Disfigured,Drama,6.5,good,96,average length movie
2008,I Can't Think Straight,"Drama, Romance",6.5,good,82,average length movie
2006,Seung sing,"Crime, Drama, Thriller",6.5,good,110,long movie
2007,"Palo Alto, CA","Comedy, Drama",6.5,good,100,long movie
2007,Seachd: The Inaccessible Pinnacle,"Drama, Family",6.5,good,100,long movie
2009,The Last House on the Left,"Horror, Thriller",6.5,good,110,long movie
2006,Hak bak dou,"Crime, Drama",6.5,good,88,average length movie
2006,Yanda Kartavya Aahe,"Comedy, Romance",6.5,good,147,long movie
2008,Kit Kittredge: An American Girl,"Comedy, Drama, Family",6.5,good,101,long movie
2006,Last Train to Freo,"Drama, Thriller",6.5,good,89,average length movie
2007,Sleuth,"Crime, Drama, Mystery",6.5,good,88,average length movie
2007,El hombre de arena,Drama,6.5,good,100,long movie
2007,Siete mesas de billar francés,Drama,6.5,good,116,long movie
2007,Before the Rains,"Drama, History, Romance",6.5,good,98,average length movie
2007,"Moram spavat', andjele",Drama,6.5,good,100,long movie
2007,Year of the Fish,"Animation, Fantasy, Romanc",6.5,good,96,average length movie
2007,Darling,Drama,6.5,good,94,average length movie
2007,La France,"Drama, Musical, Romance",6.5,good,102,long movie
2007,Kiiroi namida,Drama,6.5,good,128,long movie
2006,Gritos en el pasillo,"Animation, Action, Horror",6.5,good,75,average length movie
2006,Wool 100%,"Animation, Comedy, Fantasy",6.5,good,100,long movie
2006,Dong Jing shen pan,"Crime, Drama, History",6.5,good,111,long movie
2010,Letters to Juliet,"Adventure, Comedy, Drama",6.5,good,105,long movie
2007,La torre de Suso,Comedy,6.5,good,95,average length movie
2008,The 27 Club,Drama,6.5,good,94,average length movie
2007,Maiko haaaan!!!,Comedy,6.5,good,120,long movie
2006,E,"Action, Drama, Thriller",6.5,good,150,long movie
2008,Käsky,"Drama, Romance, War",6.5,good,115,long movie
2007,Ezra,Drama,6.5,good,103,long movie
2007,Waar is het paard van Sinterklaas?,Family,6.5,good,90,average length movie
2008,The Guitar,"Drama, Music, Romance",6.5,good,95,average length movie
2005,Andhrudu,"Action, Drama",6.5,good,155,long movie
2007,Dubai Seenu,"Action, Comedy",6.5,good,157,long movie
2008,Faubourg 36,"Drama, Music, Musical",6.5,good,120,long movie
2007,Jagdhunde,"Drama, Romance",6.5,good,86,average length movie
2008,Cass,"Biography, Crime, Drama",6.5,good,108,long movie
2007,Keinohrhasen,"Comedy, Romance",6.5,good,116,long movie
2008,Fireflies in the Garden,Drama,6.5,good,120,long movie
2009,The International,"Action, Crime, Drama",6.5,good,118,long movie
2008,Rain,Drama,6.5,good,93,average length movie
2008,The Merry Gentleman,"Crime, Drama, Thriller",6.5,good,110,long movie
2007,Heobeu,Drama,6.5,good,113,long movie
2007,Hyazgar,Drama,6.5,good,123,long movie
2008,City of Ember,"Adventure, Family, Fantasy",6.5,good,90,average length movie
2007,La león,Drama,6.5,good,85,average length movie
2009,A Perfect Getaway,"Action, Adventure, Drama",6.5,good,98,average length movie
2007,Suicídio Encomendado,Comedy,6.5,good,90,average length movie
2007,Jochi Anihan-ga,"Comedy, Drama",6.5,good,114,long movie
2008,French Film,"Comedy, Romance",6.5,good,87,average length movie
2006,O gios tou fylaka,Drama,6.5,good,97,average length movie
2007,Ashita no watashi no tsukurikata,Drama,6.5,good,97,average length movie
2007,Remon no koro,"Drama, Romance",6.5,good,115,long movie
2007,Fighter,"Action, Drama",6.5,good,100,long movie
2009,Vision - Aus dem Leben der Hildegard von Bingen,"Biography, Drama, History",6.5,good,110,long movie
2007,Hatsuyuki no koi,Romance,6.5,good,102,long movie
2007,Sono toki wa kare ni yoroshiku,Romance,6.5,good,114,long movie
2008,Christmas Cottage,"Biography, Drama",6.5,good,103,long movie
2008,Come Dio comanda,"Drama, Thriller",6.5,good,103,long movie
2008,Máncora,Drama,6.5,good,100,long movie
2007,Nevando voy,"Drama, Fantasy",6.5,good,99,average length movie
2008,Zack and Miri Make a Porno,"Comedy, Romance",6.5,good,101,long movie
2008,Hardcover,"Comedy, Crime",6.5,good,88,average length movie
2006,Matab sena'y,"Comedy, Romance",6.5,good,110,long movie
2007,Small Gods,"Drama, Thriller",6.5,good,90,average length movie
2008,The Reflecting Pool,Drama,6.5,good,106,long movie
2010,The Runaways,"Biography, Drama, Music",6.5,good,106,long movie
2006,Mayak,Drama,6.5,good,80,average length movie
2008,Choke,"Comedy, Drama",6.5,good,92,average length movie
2007,Gegenüber,Drama,6.5,good,100,long movie
2008,Violanchelo,"Romance, Thriller",6.5,good,85,average length movie
2008,Middle of Nowhere,"Comedy, Drama, Romance",6.5,good,95,average length movie
2009,The Mighty Macs,"Drama, Sport",6.5,good,99,average length movie
2007,Du bist nicht allein,"Comedy, Drama, Romance",6.5,good,90,average length movie
2008,Sveitabrúðkaup,Comedy,6.5,good,99,average length movie
2009,Totally Spies! Le Film,"Animation, Action, Adventu",6.5,good,75,average length movie
2006,Pocong 2,Horror,6.5,good,98,average length movie
2010,Life as We Know It,"Comedy, Drama, Romance",6.5,good,114,long movie
2008,Un giorno perfetto,Drama,6.5,good,105,long movie
2006,Diringas,"Comedy, Crime, Drama",6.5,good,95,average length movie
2007,Falsa Loura,"Comedy, Drama",6.5,good,105,long movie
2008,The Horseman,"Crime, Thriller",6.5,good,96,average length movie
2007,Beyaz Melek,Drama,6.5,good,115,long movie
2008,Galantuomini,"Crime, Drama",6.5,good,106,long movie
2007,Il dolce e l'amaro,Drama,6.5,good,98,average length movie
2007,Hvid nat,Drama,6.5,good,100,long movie
2009,Kærestesorger,"Drama, Romance",6.5,good,117,long movie
2007,Rancho aparte,"Comedy, Drama",6.5,good,90,average length movie
2009,Mitte Ende August,Drama,6.5,good,92,average length movie
2008,Comme les autres,"Comedy, Drama, Romance",6.5,good,93,average length movie
2008,Un poco de chocolate,Drama,6.5,good,98,average length movie
2008,Reach for Me,"Comedy, Drama",6.5,good,90,average length movie
2008,The Last Confession of Alexander Pearce,"Biography, Drama, History",6.5,good,60,average length movie
2008,Little Ashes,"Biography, Drama, Romance",6.5,good,112,long movie
2008,Shifty,"Crime, Drama, Thriller",6.5,good,85,average length movie
2008,Bobule,Comedy,6.5,good,90,average length movie
2008,Kuraimâzu hai,Drama,6.5,good,145,long movie
2010,Morning Glory,"Comedy, Drama, Romance",6.5,good,107,long movie
2009,Drag Me to Hell,"Horror, Thriller",6.5,good,99,average length movie
2008,Fireproof,"Drama, Fantasy, Romance",6.5,good,122,long movie
2007,Get Married,Comedy,6.5,good,105,long movie
2008,Sex Drive,"Comedy, Romance",6.5,good,109,long movie
2009,Huacho,Drama,6.5,good,89,average length movie
2008,Lille soldat,Drama,6.5,good,100,long movie
2008,Nés en 68,"Comedy, Drama, Romance",6.5,good,173,long movie
2007,Body sob 19,"Drama, Horror, Mystery",6.5,good,125,long movie
2008,Dans une galaxie près de chez vous 2,"Comedy, Sci-Fi",6.5,good,100,long movie
2008,Hlidac c.47,"Drama, Thriller",6.5,good,108,long movie
2008,Il passato è una terra straniera,Drama,6.5,good,120,long movie
2008,Ang lihim ni Antonio,"Crime, Drama",6.5,good,117,long movie
2008,Biohazard Regeneration,"Animation, Action, Horror",6.5,good,97,average length movie
2008,Mein Freund aus Faro,Drama,6.5,good,90,average length movie
2010,From Paris with Love,"Action, Crime, Thriller",6.5,good,92,average length movie
2009,TiMER,"Comedy, Drama, Romance",6.5,good,99,average length movie
2008,Show of Hands,"Comedy, Drama, Romance",6.5,good,99,average length movie
2009,20-seiki shônen: Dai 2 shô - Saigo no kibô,"Drama, Fantasy",6.5,good,139,long movie
2009,Æblet & ormen,"Animation, Family",6.5,good,75,average length movie
2008,Dostana,"Comedy, Drama, Romance",6.5,good,145,long movie
2009,My One and Only,"Adventure, Biography, Come",6.5,good,108,long movie
2009,Haarautuvan rakkauden talo,"Comedy, Drama",6.5,good,102,long movie
2009,La isla interior,Drama,6.5,good,93,average length movie
2008,Lluvia,"Drama, Romance",6.5,good,110,long movie
2008,Mi guo,Drama,6.5,good,100,long movie
2008,O... Çocuklari,"Comedy, Drama",6.5,good,120,long movie
2008,Jeszcze nie wieczór,"Comedy, Drama, Romance",6.5,good,96,average length movie
2009,Het leven uit een dag,"Drama, Fantasy, Romance",6.5,good,94,average length movie
2008,La milagrosa,"Drama, War",6.5,good,106,long movie
2010,Leap Year,"Comedy, Romance",6.5,good,100,long movie
2009,Triage,"Drama, Mystery, War",6.5,good,99,average length movie
2008,La mujer sin cabeza,"Drama, Mystery, Thriller",6.5,good,87,average length movie
2008,Yami no kodomo-tachi,"Crime, Drama, Thriller",6.5,good,138,long movie
2010,Frankie & Alice,"Biography, Drama",6.5,good,101,long movie
2008,Vse umrut a ya ostanus,Drama,6.5,good,80,average length movie
2009,It's Complicated,"Comedy, Drama, Romance",6.5,good,120,long movie
2010,Due Date,"Adventure, Comedy",6.5,good,95,average length movie
2008,Uri saengae choego-ui sungan,"Drama, Sport",6.5,good,124,long movie
2009,Into Temptation,Drama,6.5,good,95,average length movie
2008,My Magic,Drama,6.5,good,75,average length movie
2007,Tokyo Marble Chocolate,Animation,6.5,good,90,average length movie
2009,Dear Lemon Lima,Comedy,6.5,good,87,average length movie
2009,[Rec]²,"Adventure, Horror, Mystery",6.5,good,85,average length movie
2009,Banlieue 13: Ultimatum,"Action, Crime, Thriller",6.5,good,101,long movie
2010,Friendship!,"Adventure, Comedy",6.5,good,110,long movie
2010,Norman,"Comedy, Drama",6.5,good,99,average length movie
2008,Hebi ni piasu,Thriller,6.5,good,123,long movie
2009,Vegas,Drama,6.5,good,110,long movie
2010,Hello Lonesome,"Comedy, Drama",6.5,good,93,average length movie
2008,Wino truskawkowe,Drama,6.5,good,109,long movie
2009,Giulia non esce la sera,"Drama, Romance",6.5,good,105,long movie
2009,Eiga Doraemon: Shin Nobita no uchû kaitakushi,"Animation, Adventure, Come",6.5,good,103,long movie
2010,Boxhagener Platz,"Comedy, Drama, History",6.5,good,103,long movie
2009,Donjû,"Comedy, Drama",6.5,good,106,long movie
2008,Un lac,Drama,6.5,good,90,average length movie
2009,Fri os fra det onde,Thriller,6.5,good,100,long movie
2009,My Queen Karo,"Drama, Romance",6.5,good,101,long movie
2008,Elevator,"Comedy, Drama",6.5,good,85,average length movie
2008,Nim-eun-meon-go-sae,"Music, Romance, War",6.5,good,126,long movie
2008,Hansamu sûtsu,"Comedy, Drama, Romance",6.5,good,115,long movie
2008,Un autre homme,Drama,6.5,good,89,average length movie
2008,Canaan,Drama,6.5,good,100,long movie
2008,Bumazhnyy soldat,"Drama, Romance",6.5,good,118,long movie
2009,The Joneses,Drama,6.5,good,96,average length movie
2009,Cristiano de la secreta,Comedy,6.5,good,90,average length movie
2010,Yi ye Taibei,"Comedy, Crime, Drama",6.5,good,85,average length movie
2010,Sennentuntschi,"Horror, Mystery",6.5,good,115,long movie
2009,Oldboys,"Comedy, Drama",6.5,good,95,average length movie
2009,Alabama Moon,"Drama, Family",6.5,good,99,average length movie
2009,Make the Yuletide Gay,"Comedy, Romance",6.5,good,89,average length movie
2008,King,"Action, Comedy, Crime",6.5,good,131,long movie
2009,Le missionnaire,Comedy,6.5,good,91,average length movie
2009,Kaiji: Jinsei gyakuten gêmu,Drama,6.5,good,130,long movie
2010,The Human Resources Manager,"Comedy, Drama",6.5,good,103,long movie
2008,Kurôn wa kokyô wo mezasu,"Drama, Fantasy, Sci-Fi",6.5,good,110,long movie
2009,Hannah Free,"Drama, Romance",6.5,good,86,average length movie
2010,The Expendables,"Action, Adventure, Thrille",6.5,good,103,long movie
2009,Thor at the Bus Stop,Comedy,6.5,good,101,long movie
2009,Fuk sau,"Action, Crime, Thriller",6.5,good,108,long movie
2008,Mi-in-do,"Drama, Romance",6.5,good,108,long movie
2009,Tsumi toka batsu toka,Comedy,6.5,good,110,long movie
2009,Victoria Day,Drama,6.5,good,88,average length movie
2009,Cosmonauta,Comedy,6.5,good,85,average length movie
2009,Akadimia Platonos,"Comedy, Drama",6.5,good,103,long movie
2009,Blue Oranges,Mystery,6.5,good,114,long movie
2010,Nokas,"Action, Biography, Crime",6.5,good,87,average length movie
2009,L'uomo fiammifero,Fantasy,6.5,good,78,average length movie
2009,Savage,"Crime, Drama, Thriller",6.5,good,85,average length movie
2009,Günesi Gördüm,Drama,6.5,good,120,long movie
2010,Noi credevamo,History,6.5,good,170,long movie
2009,Lo spazio bianco,Drama,6.5,good,96,average length movie
2009,Soeur Sourire,"Biography, Drama, Music",6.5,good,120,long movie
2009,You Changed My Life,"Comedy, Drama, Romance",6.5,good,111,long movie
2008,Verônica,"Crime, Drama",6.5,good,90,average length movie
2009,Black Field,History,6.5,good,80,average length movie
2010,Sex & Drugs & Rock & Roll,"Biography, Drama, Music",6.5,good,115,long movie
2009,Okaruto,"Horror, Mystery, Thriller",6.5,good,110,long movie
2009,Tellement proches,Comedy,6.5,good,102,long movie
2010,Tracker,"Action, Adventure, Drama",6.5,good,102,long movie
2009,Kinatay,"Crime, Drama, Horror",6.5,good,105,long movie
2010,Africa United,"Adventure, Comedy, Drama",6.5,good,88,average length movie
2009,Kilme,"Action, Adventure, Comedy",6.5,good,103,long movie
2009,A Boy Called Dad,Drama,6.5,good,80,average length movie
2010,Mamma Gógó,Drama,6.5,good,90,average length movie
2009,Kislorod,"Drama, Musical, Romance",6.5,good,75,average length movie
2010,West Is West,"Comedy, Drama",6.5,good,103,long movie
2009,Rookies: Sotsugyô,"Drama, Sport",6.5,good,137,long movie
2010,Shuarî samudei,"Comedy, Drama",6.5,good,122,long movie
2009,L'uomo nero,Comedy,6.5,good,124,long movie
2010,Lou,Drama,6.5,good,86,average length movie
2010,Tournée,"Comedy, Drama",6.5,good,111,long movie
2009,Heliopolis,Drama,6.5,good,96,average length movie
2010,Crime d'amour,"Crime, Drama, Mystery",6.5,good,106,long movie
2010,Stake Land,"Drama, Horror, Sci-Fi",6.5,good,98,average length movie
2009,Akumu no erebêtâ,Thriller,6.5,good,107,long movie
2009,Liebe Mauer,"Comedy, Drama, Romance",6.5,good,103,long movie
2009,Gekijôban kamen raidâ Dikeido: Ôru raidâ tai daisho,"Action, Fantasy",6.5,good,79,average length movie
2009,Ho woo shi jul,"Drama, Romance",6.5,good,100,long movie
2010,Li xiao long,"Biography, Drama",6.5,good,129,long movie
2009,Down Terrace,"Crime, Drama",6.5,good,93,average length movie
2009,Upperdog,"Comedy, Drama",6.5,good,100,long movie
2010,Filme do Desassossego,Drama,6.5,good,90,average length movie
2010,Johnny,"Drama, Family",6.5,good,88,average length movie
2010,Oliver Sherman,"Drama, Thriller, War",6.5,good,82,average length movie
2007,Satham Podathey,Thriller,6.5,good,158,long movie
2009,El cuarto de Leo,"Drama, Romance",6.5,good,95,average length movie
2010,Les petits ruisseaux,Drama,6.5,good,94,average length movie
2009,Jageun yeonmot,War,6.5,good,86,average length movie
2010,Meek's Cutoff,"Drama, Western",6.5,good,104,long movie
2009,Mark of Love,"Comedy, Romance",6.5,good,86,average length movie
2009,Prometeo Deportado,"Comedy, Drama",6.5,good,112,long movie
2010,Gantz,"Action, Horror, Sci-Fi",6.5,good,130,long movie
2009,Zona sur,Drama,6.5,good,108,long movie
2010,De vrais mensonges,"Comedy, Romance",6.5,good,105,long movie
2009,Shokudo katatsumuri,Drama,6.5,good,118,long movie
2010,Ejder Kapani,"Action, Crime, Thriller",6.5,good,105,long movie
2010,Un altro mondo,Drama,6.5,good,110,long movie
2010,Sebbe,Drama,6.5,good,79,average length movie
2010,Hidalgo - La historia jamás contada.,"Biography, Drama, History",6.5,good,115,long movie
2009,Nisos,"Comedy, Crime, Drama",6.5,good,96,average length movie
2010,Kom niet aan mijn kinderen,"Drama, Thriller",6.5,good,85,average length movie
2010,Amaya,"Comedy, Drama, Romance",6.5,good,110,long movie
2010,Balada triste de trompeta,"Comedy, Drama, Horror",6.5,good,107,long movie
2010,Dos hermanos,"Comedy, Drama",6.5,good,105,long movie
2010,El mural,"Biography, Drama",6.5,good,110,long movie
2009,La Yuma,"Action, Drama",6.5,good,90,average length movie
2010,Les invités de mon père,Comedy,6.5,good,100,long movie
2010,Takumi-kun Series: Bibou no diteiru,"Comedy, Drama, Romance",6.5,good,81,average length movie
2010,La scomparsa di Patò,Drama,6.5,good,90,average length movie
2010,Son Istasyon,Drama,6.5,good,110,long movie
2010,Eiga Doraemon: Nobita no ningyo daikaisen,"Animation, Adventure, Come",6.5,good,99,average length movie
2010,Toki o kakeru shôjo,"Adventure, Sci-Fi",6.5,good,122,long movie
2010,Groupies bleiben nicht zum Frühstück,"Comedy, Romance",6.5,good,103,long movie
2010,Um Funeral à Chuva,"Comedy, Drama",6.5,good,129,long movie
2010,Majesteit,Drama,6.5,good,100,long movie
2010,Fleurs du mal,"Drama, Romance",6.5,good,100,long movie
2010,Una sconfinata giovinezza,Drama,6.5,good,98,average length movie
2010,Thorne: Scaredycat,"Crime, Drama, Mystery",6.5,good,120,long movie
2010,Sykt lykkelig,"Comedy, Drama",6.5,good,85,average length movie
2010,Shîsaido môteru,"Comedy, Drama",6.5,good,103,long movie
2010,Üvegtigris 3.,Comedy,6.5,good,107,long movie
2010,Le journal d'Aurélie Laflamme,"Comedy, Drama, Family",6.5,good,108,long movie
2010,Kray,"Adventure, Drama, History",6.5,good,124,long movie
2010,Et in terra pax,"Crime, Drama",6.5,good,89,average length movie
2010,Malarvaadi Arts Club,"Comedy, Drama",6.5,good,122,long movie
2010,Night and Day,Drama,6.5,good,48,short movie
2010,Tromper le silence,Drama,6.5,good,109,long movie
2010,Il primo incarico,Drama,6.5,good,90,average length movie
2010,Daca bobul nu moare,"Comedy, Drama",6.5,good,113,long movie
2010,Kantai,Comedy,6.5,good,96,average length movie
2010,Preludio,Drama,6.5,good,72,average length movie
2010,Gise Memuru,Drama,6.5,good,96,average length movie
2010,Marudukku sukuranburu: Asshuku,"Animation, Action, Drama",6.5,good,69,average length movie
2010,Ne skazhu,Drama,6.5,good,110,long movie
2010,The Trashmaster,"Animation, Action",6.5,good,90,average length movie
2010,Pappu Can't Dance Saala,"Comedy, Drama, Romance",6.5,good,138,long movie
2010,Kadha Thudarunnu,"Drama, Family",6.5,good,131,long movie
2010,El Khoroug,Drama,6.5,good,97,average length movie
2010,Belgrano,"Biography, Drama, History",6.5,good,90,average length movie
2010,Kim-jong-wook-chat-gi,"Comedy, Romance",6.5,good,112,long movie
2010,Yukhyeolpo kangdodan,"Action, Comedy, Crime",6.5,good,107,long movie
2010,Skaz o rozovom zaytse,Drama,6.5,good,106,long movie
2010,Lincz,"Drama, Thriller",6.5,good,118,long movie
2006,Em Magan,"Drama, Romance",6.5,good,154,long movie
2009,Veera Madakari,Action,6.5,good,175,long movie
2005,Imposture,Thriller,6.4,good,101,long movie
2005,The Keeper: The Legend of Omar Khayyam,"Adventure, Drama, Family",6.4,good,95,average length movie
2008,Der rote Baron,"Action, Adventure, Biograp",6.4,good,106,long movie
2005,Revolver,"Action, Crime, Drama",6.4,good,111,long movie
2006,Happy Feet,"Animation, Adventure, Come",6.4,good,108,long movie
2006,Shortbus,"Comedy, Drama",6.4,good,101,long movie
2005,Elizabethtown,"Comedy, Drama, Romance",6.4,good,123,long movie
2005,Separate Lies,"Crime, Drama, Romance",6.4,good,85,average length movie
2005,The Interpreter,"Crime, Mystery, Thriller",6.4,good,128,long movie
2007,Tijuana Makes Me Happy,"Comedy, Drama, Romance",6.4,good,79,average length movie
2007,Black August,Drama,6.4,good,116,long movie
2007,What We Do Is Secret,"Biography, Drama, Music",6.4,good,92,average length movie
2006,Accepted,Comedy,6.4,good,93,average length movie
2005,The Dying Gaul,"Drama, Romance",6.4,good,92,average length movie
2005,In Her Shoes,"Comedy, Drama, Romance",6.4,good,130,long movie
2006,Click,"Comedy, Drama, Fantasy",6.4,good,107,long movie
2005,3 Needles,Drama,6.4,good,127,long movie
2005,Down in the Valley,"Drama, Romance, Thriller",6.4,good,108,long movie
2005,The Longest Yard,"Comedy, Crime, Sport",6.4,good,113,long movie
2005,Die blaue Grenze,"Drama, Mystery, Romance",6.4,good,107,long movie
2005,Unge Andersen,Drama,6.4,good,110,long movie
2005,The Big White,"Comedy, Crime, Drama",6.4,good,100,long movie
2009,Youth in Revolt,"Comedy, Drama, Romance",6.4,good,90,average length movie
2005,Pooh's Heffalump Movie,"Animation, Comedy, Family",6.4,good,68,average length movie
2006,Last Holiday,"Comedy, Romance",6.4,good,112,long movie
2006,The Alibi,"Comedy, Drama, Romance",6.4,good,90,average length movie
2005,La petite Chartreuse,Drama,6.4,good,90,average length movie
2005,Vinterkyss,"Drama, Mystery, Thriller",6.4,good,84,average length movie
2005,Red Doors,Drama,6.4,good,90,average length movie
2005,Fool's Gold,Comedy,6.4,good,90,average length movie
2006,Peregon,"Comedy, Crime, Drama",6.4,good,140,long movie
2006,Dreamland,Drama,6.4,good,88,average length movie
2005,Manuale d'amore,"Comedy, Drama, Romance",6.4,good,116,long movie
2006,Goldene Zeiten,"Comedy, Crime, Drama",6.4,good,134,long movie
2006,Offscreen,"Drama, Horror, Romance",6.4,good,93,average length movie
2005,Abo Ali,"Comedy, Romance",6.4,good,120,long movie
2007,In the Land of Women,"Comedy, Drama, Romance",6.4,good,97,average length movie
2005,Red Eye,"Action, Mystery, Thriller",6.4,good,85,average length movie
2006,Marie Antoinette,"Biography, Drama, History",6.4,good,123,long movie
2007,11 Minutes Ago,"Romance, Sci-Fi",6.4,good,83,average length movie
2005,Yôkai daisensô,"Adventure, Family, Fantasy",6.4,good,124,long movie
2005,Lupaus,"Drama, War",6.4,good,112,long movie
2005,La fiesta del Chivo,Drama,6.4,good,132,long movie
2006,Five Fingers,"Drama, Thriller",6.4,good,87,average length movie
2005,Saint-Jacques... La Mecque,"Comedy, Drama",6.4,good,110,long movie
2005,Cuore sacro,Drama,6.4,good,120,long movie
2006,Stick It,"Comedy, Drama, Sport",6.4,good,103,long movie
2005,Mistrz,Drama,6.4,good,117,long movie
2005,Brothers of the Head,"Drama, Music",6.4,good,93,average length movie
2007,Clubland,"Comedy, Drama",6.4,good,105,long movie
2005,Otros días vendrán,Drama,6.4,good,104,long movie
2009,Daybreakers,"Action, Fantasy, Horror",6.4,good,98,average length movie
2006,The Last Kiss,"Comedy, Drama, Romance",6.4,good,115,long movie
2005,Ultranova,Drama,6.4,good,84,average length movie
2006,Gakseoltang,"Drama, Romance",6.4,good,123,long movie
2005,The Boynton Beach Bereavement Club,"Comedy, Romance",6.4,good,105,long movie
2005,Tau man ji D,"Action, Comedy, Drama",6.4,good,107,long movie
2005,Jewboy,Drama,6.4,good,52,short movie
2006,Jopog manura 3,"Action, Comedy, Drama",6.4,good,115,long movie
2006,Slither,"Comedy, Horror, Sci-Fi",6.4,good,95,average length movie
2005,Made in YU,"Drama, Action",6.4,good,105,long movie
2006,Lonely Hearts,"Biography, Crime, Drama",6.4,good,108,long movie
2006,Fuga,"Drama, Music, Thriller",6.4,good,110,long movie
2005,La bestia nel cuore,"Drama, Mystery",6.4,good,120,long movie
2005,Hard Pill,Drama,6.4,good,94,average length movie
2005,Hoodwinked!,"Animation, Comedy, Crime",6.4,good,80,average length movie
2005,Röövlirahnu Martin,"Comedy, Family, Fantasy",6.4,good,75,average length movie
2007,Los Andes no creen en Dios,Drama,6.4,good,105,long movie
2007,Lezioni di volo,Drama,6.4,good,106,long movie
2008,Hancock,"Action, Fantasy",6.4,good,92,average length movie
2005,Ordinary Man,Thriller,6.4,good,103,long movie
2008,The Art of Travel,Drama,6.4,good,100,long movie
2007,Dennis P.,"Biography, Comedy, Crime",6.4,good,93,average length movie
2008,Death Race,"Action, Sci-Fi, Thriller",6.4,good,105,long movie
2005,La febbre,Comedy,6.4,good,108,long movie
2005,"Jeni, Juno",Comedy,6.4,good,108,long movie
2005,Kidari ajeossi,"Comedy, Drama, Romance",6.4,good,99,average length movie
2007,Mr. Bean's Holiday,"Comedy, Family",6.4,good,90,average length movie
2006,The Hills Have Eyes,"Horror, Thriller",6.4,good,107,long movie
2008,How to Lose Friends & Alienate People,"Biography, Comedy, Drama",6.4,good,110,long movie
2007,Caótica Ana,"Drama, Mystery, Romance",6.4,good,118,long movie
2005,Yume no naka e,"Comedy, Drama",6.4,good,103,long movie
2005,About Love,Romance,6.4,good,102,long movie
2006,New York Waiting,"Drama, Romance",6.4,good,93,average length movie
2005,Play,"Drama, Romance",6.4,good,100,long movie
2006,Mixed Doubles,"Comedy, Drama",6.4,good,91,average length movie
2005,Fix Alert,"Action, Drama",6.4,good,95,average length movie
2005,Crash Test Dummies,"Comedy, Drama",6.4,good,93,average length movie
2008,The Great Buck Howard,"Comedy, Drama",6.4,good,90,average length movie
2005,Southbounders,Drama,6.4,good,86,average length movie
2006,Sione's Wedding,"Comedy, Romance",6.4,good,97,average length movie
2005,Yeonae-ui mokjeok,"Comedy, Romance",6.4,good,121,long movie
2006,Quand j'étais chanteur,"Drama, Music, Romance",6.4,good,112,long movie
2006,Ils,"Horror, Thriller",6.4,good,77,average length movie
2006,Ye yan,"Action, Drama, Fantasy",6.4,good,131,long movie
2006,La cura del gorilla,"Comedy, Crime, Thriller",6.4,good,104,long movie
2005,Grenzverkehr,"Comedy, Drama",6.4,good,90,average length movie
2005,Aozora no yukue,Drama,6.4,good,102,long movie
2005,Kidô senshi Z Gandamu II: Koibito tachi,"Animation, Action, Drama",6.4,good,98,average length movie
2005,Mayonaka no Yaji-san Kita-san,"Comedy, Fantasy",6.4,good,124,long movie
2005,Yeogo goedam 4: Moksori,Horror,6.4,good,104,long movie
2007,August the First,Drama,6.4,good,81,average length movie
2007,Watching the Detectives,"Comedy, Romance",6.4,good,91,average length movie
2006,Le pressentiment,Drama,6.4,good,97,average length movie
2006,Belle toujours,"Drama, Music",6.4,good,68,average length movie
2005,Yu-wol-ui il-gi,"Crime, Thriller",6.4,good,105,long movie
2006,Montag kommen die Fenster,Drama,6.4,good,88,average length movie
2006,Night at the Museum,"Adventure, Comedy, Family",6.4,good,108,long movie
2006,Sztornó,Drama,6.4,good,93,average length movie
2005,Sa-kwa,Drama,6.4,good,118,long movie
2005,Takeshis',"Comedy, Drama, Fantasy",6.4,good,108,long movie
2006,Optimisti,Drama,6.4,good,98,average length movie
2005,Masz na imie Justine,Thriller,6.4,good,97,average length movie
2006,Die Wolke,"Drama, Sci-Fi, Thriller",6.4,good,105,long movie
2007,The Number 23,"Crime, Mystery, Thriller",6.4,good,98,average length movie
2006,Mischief Night,"Comedy, Drama, Family",6.4,good,93,average length movie
2010,Chasing 3000,"Family, Sport",6.4,good,115,long movie
2006,Glue,"Drama, Romance",6.4,good,110,long movie
2006,Baruto no gakuen,"Drama, History, Music",6.4,good,130,long movie
2007,Love in the Time of Cholera,"Drama, Romance",6.4,good,139,long movie
2006,Le secret de ma mère,"Comedy, Drama, Musical",6.4,good,86,average length movie
2006,Gui si,"Horror, Mystery, Sci-Fi",6.4,good,108,long movie
2006,Big Dreams Little Tokyo,"Comedy, Romance",6.4,good,86,average length movie
2005,Sen ne dilersen,Drama,6.4,good,115,long movie
2005,Gerumaniumu no yoru,Drama,6.4,good,107,long movie
2007,The Living Wake,Comedy,6.4,good,91,average length movie
2008,Stop-Loss,"Drama, War",6.4,good,112,long movie
2007,Purple Violets,"Comedy, Drama, Romance",6.4,good,103,long movie
2007,Spiral,"Drama, Thriller",6.4,good,90,average length movie
2006,A Very Serious Person,Drama,6.4,good,95,average length movie
2006,In Between Days,Drama,6.4,good,83,average length movie
2006,Antônia,"Drama, Musical",6.4,good,90,average length movie
2006,Jardins en automne,Comedy,6.4,good,115,long movie
2005,The Zero Years,"Drama, Sci-Fi",6.4,good,123,long movie
2006,Cándida,"Comedy, Drama",6.4,good,103,long movie
2006,Kenchô no hoshi,"Comedy, Drama, Romance",6.4,good,131,long movie
2007,Vivere,"Drama, Romance",6.4,good,97,average length movie
2006,Pardonnez-moi,Drama,6.4,good,88,average length movie
2007,Stuck,"Biography, Crime, Drama",6.4,good,85,average length movie
2007,The Water Horse,"Adventure, Family, Fantasy",6.4,good,112,long movie
2005,Posledniy uik-end,Thriller,6.4,good,91,average length movie
2006,Notte prima degli esami,Comedy,6.4,good,100,long movie
2007,Prevrteno,Drama,6.4,good,120,long movie
2007,Dororo,"Action, Fantasy, Horror",6.4,good,139,long movie
2007,The Baker,"Comedy, Thriller",6.4,good,86,average length movie
2006,Colma: The Musical,"Comedy, Drama, Musical",6.4,good,100,long movie
2006,"Dal-kom, sal-beol-han yeon-in","Comedy, Crime, Drama",6.4,good,110,long movie
2006,Yeolliji,"Comedy, Drama, Romance",6.4,good,105,long movie
2006,Délivrez-moi,Drama,6.4,good,100,long movie
2006,Soñar no cuesta nada,"Comedy, Drama",6.4,good,100,long movie
2006,Czeka na nas swiat,"Comedy, Drama",6.4,good,95,average length movie
2008,Mamma Mia!,"Comedy, Musical, Romance",6.4,good,108,long movie
2006,Barakat!,Drama,6.4,good,95,average length movie
2008,Be Kind Rewind,Comedy,6.4,good,102,long movie
2006,Deguchi no nai umi,"Drama, War",6.4,good,121,long movie
2006,La vie secrète des gens heureux,Drama,6.4,good,101,long movie
2006,Fica Comigo Esta Noite,Comedy,6.4,good,73,average length movie
2007,Neal Cassady,"Biography, Drama",6.4,good,80,average length movie
2009,Life During Wartime,"Comedy, Drama",6.4,good,98,average length movie
2006,Period Piece,"Comedy, Drama",6.4,good,80,average length movie
2006,Hachimitsu to kurôbâ,Romance,6.4,good,117,long movie
2006,Les amitiés maléfiques,Drama,6.4,good,100,long movie
2007,The Life Before Her Eyes,"Drama, Fantasy, Mystery",6.4,good,90,average length movie
2010,She's Out of My League,"Comedy, Romance",6.4,good,104,long movie
2007,Bis zum Ellenbogen,Comedy,6.4,good,90,average length movie
2006,Seelai ng yi cho,Drama,6.4,good,100,long movie
2006,Valkoinen kaupunki,"Drama, Romance",6.4,good,92,average length movie
2006,Guta-yubalja-deul,"Action, Drama, Horror",6.4,good,115,long movie
2006,Tokyo Friends: The Movie,Drama,6.4,good,116,long movie
2007,1 Journée,Drama,6.4,good,95,average length movie
2006,Una película de huevos,"Animation, Comedy, Family",6.4,good,90,average length movie
2007,Le candidat,Drama,6.4,good,95,average length movie
2008,Watercolors,"Drama, Romance",6.4,good,114,long movie
2007,"Lascia perdere, Johnny!","Biography, Comedy",6.4,good,104,long movie
2006,Monkey Warfare,"Comedy, Drama",6.4,good,75,average length movie
2006,Shalosh Ima'ot,Drama,6.4,good,106,long movie
2008,Taarka,"Biography, Comedy, Drama",6.4,good,94,average length movie
2007,The Mark of Cain,"Drama, War",6.4,good,87,average length movie
2007,Cochochi,Family,6.4,good,87,average length movie
2006,Vaghti hame khab boodand,Drama,6.4,good,84,average length movie
2006,Sakebi,"Horror, Mystery, Thriller",6.4,good,104,long movie
2009,The Collector,"Horror, Thriller",6.4,good,90,average length movie
2006,Opera Jawa,Musical,6.4,good,120,long movie
2007,Varg Veum - Bitre blomster,"Crime, Drama, Thriller",6.4,good,95,average length movie
2007,Ce que mes yeux ont vu,"Drama, Mystery, Thriller",6.4,good,88,average length movie
2007,Nadine,Drama,6.4,good,100,long movie
2007,In memoria di me,Drama,6.4,good,115,long movie
2007,Nachmittag,Drama,6.4,good,97,average length movie
2008,Jolene,Drama,6.4,good,121,long movie
2008,Humboldt County,"Comedy, Drama",6.4,good,97,average length movie
2006,Tenshi no tamago,Drama,6.4,good,114,long movie
2006,Zhivoy,"Drama, Fantasy, Mystery",6.4,good,98,average length movie
2006,Geo-rook-han-ge-bo,"Comedy, Crime, Drama",6.4,good,126,long movie
2009,Monsters vs. Aliens,"Animation, Action, Comedy",6.4,good,94,average length movie
2006,Yume jû-ya,Fantasy,6.4,good,100,long movie
2007,The Waiting Room,"Drama, Romance",6.4,good,110,long movie
2009,The Harimaya Bridge,Drama,6.4,good,120,long movie
2007,September,Drama,6.4,good,85,average length movie
2007,Kremen,"Crime, Drama",6.4,good,84,average length movie
2009,Sveti Georgije ubiva azdahu,"Drama, History, Romance",6.4,good,120,long movie
2007,Shindô,"Drama, Music",6.4,good,120,long movie
2008,Delta,Drama,6.4,good,92,average length movie
2007,Quiet City,Drama,6.4,good,78,average length movie
2008,Dai yat gai,"Crime, Horror, Thriller",6.4,good,95,average length movie
2007,Sang yat fai lok,Romance,6.4,good,107,long movie
2006,Rakhi,"Action, Drama",6.4,good,173,long movie
2006,Last Stop for Paul,Comedy,6.4,good,83,average length movie
2008,Cheung gong 7 hou,"Comedy, Drama, Family",6.4,good,88,average length movie
2008,Good Dick,"Comedy, Drama, Romance",6.4,good,86,average length movie
2010,Salt,"Action, Mystery, Thriller",6.4,good,100,long movie
2007,Vinterland,Drama,6.4,good,52,short movie
2007,Hotel Very Welcome,"Comedy, Drama",6.4,good,89,average length movie
2010,Dom Solntsa,Drama,6.4,good,110,long movie
2008,Muukalainen,Drama,6.4,good,105,long movie
2007,Film Noir,"Animation, Crime, Mystery",6.4,good,97,average length movie
2007,Das Herz ist ein dunkler Wald,Drama,6.4,good,86,average length movie
2006,Roz,"Drama, Family, Fantasy",6.4,good,95,average length movie
2007,Meer is nich,"Drama, Music",6.4,good,102,long movie
2007,Bokmyeon dalho,Comedy,6.4,good,114,long movie
2007,Centochiodi,Drama,6.4,good,92,average length movie
2007,A Love Story,"Drama, Romance",6.4,good,117,long movie
2007,Gekijouban Shakugan no Shana,Animation,6.4,good,96,average length movie
2009,In Her Skin,"Drama, Thriller",6.4,good,107,long movie
2007,Kantoku · Banzai!,"Comedy, Drama",6.4,good,108,long movie
2010,The Experiment,"Drama, Thriller",6.4,good,96,average length movie
2007,Il 7 e l'8,Comedy,6.4,good,93,average length movie
2007,UPA! Una película argentina,"Comedy, Drama",6.4,good,90,average length movie
2009,He's Just Not That Into You,"Comedy, Drama, Romance",6.4,good,129,long movie
2007,Dos abrazos,Drama,6.4,good,87,average length movie
2009,Perrier's Bounty,"Action, Comedy, Crime",6.4,good,88,average length movie
2008,Secret défense,Thriller,6.4,good,100,long movie
2010,Alice in Wonderland,"Adventure, Family, Fantasy",6.4,good,108,long movie
2008,The Poker House,Drama,6.4,good,93,average length movie
2008,Yonkers Joe,Drama,6.4,good,101,long movie
2010,Centurion,"Action, Drama, History",6.4,good,97,average length movie
2006,Gaalatny mogreman,Comedy,6.4,good,105,long movie
2009,Coco Chanel & Igor Stravinsky,"Drama, Music, Romance",6.4,good,119,long movie
2008,Uncross the Stars,"Comedy, Drama",6.4,good,95,average length movie
2008,Henry Poole Is Here,"Comedy, Drama",6.4,good,99,average length movie
2009,Morris: A Life with Bells On,Comedy,6.4,good,100,long movie
2009,Love and Other Impossible Pursuits,Drama,6.4,good,102,long movie
2007,Ye che,Drama,6.4,good,94,average length movie
2007,Nochnye syostry,Comedy,6.4,good,97,average length movie
2007,Tiski,"Action, Crime, Drama",6.4,good,124,long movie
2008,De Gales hus,Drama,6.4,good,102,long movie
2007,Hwang Jin-yi,"Biography, Drama, History",6.4,good,141,long movie
2007,Regarde-moi,Drama,6.4,good,97,average length movie
2008,Ready? OK!,Comedy,6.4,good,91,average length movie
2007,Ruz-e-sevom,"Action, Drama, Romance",6.4,good,99,average length movie
2008,Telstar: The Joe Meek Story,"Biography, Drama, Music",6.4,good,119,long movie
2009,Veronika Decides to Die,"Drama, Romance",6.4,good,103,long movie
2008,Kang Chul-jung: Gonggongui jeog 1-1,"Action, Comedy, Crime",6.4,good,127,long movie
2009,The Only Good Indian,Western,6.4,good,114,long movie
2007,Cheut ai kup gei,"Comedy, Crime, Drama",6.4,good,94,average length movie
2008,Passchendaele,"Drama, History, Romance",6.4,good,114,long movie
2010,Shanghai,"Crime, Drama, Mystery",6.4,good,105,long movie
2008,Los girasoles ciegos,Drama,6.4,good,98,average length movie
2007,U Pana Boga w ogródku,Comedy,6.4,good,115,long movie
2010,Dirty Girl,"Comedy, Drama",6.4,good,90,average length movie
2009,The Taking of Pelham 123,"Action, Crime, Thriller",6.4,good,106,long movie
2008,Soul Men,"Comedy, Drama, Music",6.4,good,100,long movie
2007,Flower in the Pocket,"Comedy, Drama",6.4,good,97,average length movie
2007,Gidam,"Drama, Horror",6.4,good,98,average length movie
2009,Play the Game,"Comedy, Romance",6.4,good,105,long movie
2010,Burlesque,"Drama, Music, Musical",6.4,good,119,long movie
2007,Ri-teon,"Drama, Thriller",6.4,good,113,long movie
2009,Cold Souls,"Comedy, Drama",6.4,good,101,long movie
2010,Sisanje,"Action, Crime, Drama",6.4,good,98,average length movie
2009,The Informant!,"Biography, Comedy, Crime",6.4,good,108,long movie
2007,Xia tian de wei ba,"Drama, Romance",6.4,good,98,average length movie
2008,Ice Blues,"Crime, Drama, Mystery",6.4,good,98,average length movie
2009,The Private Lives of Pippa Lee,"Comedy, Drama, Romance",6.4,good,98,average length movie
2009,The Slammin' Salmon,Comedy,6.4,good,90,average length movie
2008,Den du frygter,"Drama, Thriller",6.4,good,95,average length movie
2007,Beautiful Bitch,Drama,6.4,good,103,long movie
2008,El nido vacío,"Comedy, Drama",6.4,good,91,average length movie
2009,The Ugly Truth,"Comedy, Romance",6.4,good,96,average length movie
2009,Leaves of Grass,"Comedy, Crime, Drama",6.4,good,105,long movie
2008,Piao lang qing chun,"Drama, Romance",6.4,good,97,average length movie
2008,Kagehinata ni saku,"Comedy, Drama",6.4,good,129,long movie
2008,L'autre,Drama,6.4,good,97,average length movie
2009,The House of the Devil,Horror,6.4,good,95,average length movie
2007,Xue chan,Drama,6.4,good,99,average length movie
2008,Retorno a Hansala,Drama,6.4,good,95,average length movie
2008,Himalayaeui sonyowa,Drama,6.4,good,95,average length movie
2010,Black Death,"Action, Drama, History",6.4,good,102,long movie
2010,Mr. Nice,"Biography, Comedy, Crime",6.4,good,121,long movie
2009,Arlen Faber,"Comedy, Romance",6.4,good,97,average length movie
2008,La sangre brota,Drama,6.4,good,100,long movie
2010,Right Yaaa Wrong,"Crime, Drama, Thriller",6.4,good,135,long movie
2008,Bujjigaadu: Made in Chennai,"Action, Drama",6.4,good,150,long movie
2007,Goongnyeo,"Crime, Drama, History",6.4,good,112,long movie
2009,Chudo,Drama,6.4,good,110,long movie
2010,Hereafter,"Drama, Fantasy, Romance",6.4,good,129,long movie
2010,Womb,"Drama, Romance, Sci-Fi",6.4,good,111,long movie
2009,Easier with Practice,"Drama, Romance",6.4,good,100,long movie
2009,Eloïse,"Drama, Romance",6.4,good,92,average length movie
2010,Get Him to the Greek,"Comedy, Music",6.4,good,109,long movie
2007,Gekijô ban poketto monsutâ: Daiamondo pâru - Diarug,"Animation, Action, Adventu",6.4,good,95,average length movie
2010,Hot Tub Time Machine,"Comedy, Sci-Fi",6.4,good,101,long movie
2007,Ga-myeon,"Crime, Mystery, Thriller",6.4,good,99,average length movie
2008,Amália,"Biography, Drama, Music",6.4,good,127,long movie
2009,"Boogie, el aceitoso","Animation, Action, Crime",6.4,good,82,average length movie
2006,Kikareta onna no mirareta yoru,"Drama, Romance, Thriller",6.4,good,84,average length movie
2009,A Mulher Invisível,Comedy,6.4,good,105,long movie
2009,"Lila, Lila","Comedy, Drama, Romance",6.4,good,104,long movie
2009,Nativity!,"Comedy, Family",6.4,good,105,long movie
2008,L'aube du monde,"Drama, Romance, War",6.4,good,95,average length movie
2008,Jay,"Comedy, Crime, Drama",6.4,good,96,average length movie
2010,Extraordinary Measures,Drama,6.4,good,106,long movie
2009,Salami Aleikum,"Comedy, Romance",6.4,good,99,average length movie
2009,Summertime Blues,"Comedy, Family",6.4,good,116,long movie
2008,Girdap,Drama,6.4,good,95,average length movie
2009,Red Alert: The War Within,"Action, Drama, Thriller",6.4,good,120,long movie
2009,Xiong mao hui jia lu,"Adventure, Family",6.4,good,87,average length movie
2008,Dr. Alemán,Drama,6.4,good,106,long movie
2008,Road to Hell,"Action, Fantasy, Musical",6.4,good,87,average length movie
2009,Utolsó idök,Drama,6.4,good,90,average length movie
2010,Pickin' & Grinnin',Comedy,6.4,good,108,long movie
2009,Mères et filles,Drama,6.4,good,105,long movie
2008,Madambi,Drama,6.4,good,145,long movie
2008,Feliz Natal,Drama,6.4,good,100,long movie
2008,Mukha,Drama,6.4,good,107,long movie
2010,Noruwei no mori,"Drama, Romance",6.4,good,133,long movie
2010,Brotherhood,"Crime, Drama, Thriller",6.4,good,76,average length movie
2008,Rysa,Drama,6.4,good,89,average length movie
2009,Medeni mesec,Drama,6.4,good,95,average length movie
2009,Charlie & Boots,"Adventure, Comedy, Drama",6.4,good,101,long movie
2008,El frasco,"Comedy, Drama",6.4,good,97,average length movie
2009,Divã,"Comedy, Drama, Romance",6.4,good,90,average length movie
2010,Jack Goes Boating,"Drama, Romance",6.4,good,91,average length movie
2009,Sikandar,"Crime, Drama, Mystery",6.4,good,110,long movie
2009,Due partite,Drama,6.4,good,94,average length movie
2010,Lahore,"Action, Drama, Sport",6.4,good,145,long movie
2008,Pokrajina St.2,"Crime, Thriller",6.4,good,90,average length movie
2008,U me dobrý,Comedy,6.4,good,102,long movie
2008,South of the Moon,Drama,6.4,good,102,long movie
2009,Unter Bauern,"Drama, History",6.4,good,95,average length movie
2009,Waffenstillstand,Drama,6.4,good,96,average length movie
2008,1920,"Horror, Mystery, Romance",6.4,good,138,long movie
2010,Pelican Blood,Drama,6.4,good,94,average length movie
2009,Te creís la más linda,Comedy,6.4,good,82,average length movie
2009,3 sezóny v pekle,"Drama, Romance",6.4,good,110,long movie
2008,Afstiros katallilo,Comedy,6.4,good,110,long movie
2009,Nacidas para sufrir,Comedy,6.4,good,103,long movie
2009,Les beaux gosses,"Comedy, Drama, Romance",6.4,good,90,average length movie
2009,La robe du soir,Drama,6.4,good,95,average length movie
2008,Hulla,"Comedy, Drama",6.4,good,107,long movie
2010,Hanyo,"Drama, Thriller",6.4,good,107,long movie
2009,Oveja negra,"Action, Adventure",6.4,good,85,average length movie
2009,Glorious 39,"Drama, History, Thriller",6.4,good,129,long movie
2008,Isovites,Comedy,6.4,good,107,long movie
2010,América,"Comedy, Drama",6.4,good,111,long movie
2009,Children of Invention,Drama,6.4,good,86,average length movie
2009,Intim fejlövés,"Comedy, Crime, Drama",6.4,good,74,average length movie
2009,The Big Gay Musical,"Comedy, Drama, Music",6.4,good,87,average length movie
2009,Jeneraru rûju no gaisen,"Comedy, Drama, Mystery",6.4,good,123,long movie
2009,Nem vagyok a barátod,Drama,6.4,good,100,long movie
2009,Independencia,Drama,6.4,good,77,average length movie
2008,"Sing kung chok tse 2: Ngor but mai suen, ngor mai c",Drama,6.4,good,90,average length movie
2009,At Home by Myself... with You,Comedy,6.4,good,90,average length movie
2009,Eagle Hunter's Son,"Drama, Family",6.4,good,90,average length movie
2009,Soundless Wind Chime,"Drama, Romance",6.4,good,110,long movie
2009,Tatarak,Drama,6.4,good,85,average length movie
2009,Fais-moi plaisir!,Comedy,6.4,good,90,average length movie
2009,Sorte kugler,Comedy,6.4,good,80,average length movie
2009,Stella's oorlog,Drama,6.4,good,90,average length movie
2010,L'estate di Martino,Drama,6.4,good,90,average length movie
2010,Dear Mr. Gacy,"Crime, Drama, Horror",6.4,good,103,long movie
2009,Die Standesbeamtin,"Comedy, Romance",6.4,good,90,average length movie
2010,Gunless,"Action, Comedy, Drama",6.4,good,89,average length movie
2009,Harufuwei,"Drama, Romance",6.4,good,85,average length movie
2010,The Runway,Comedy,6.4,good,101,long movie
2009,Paradas contínuas,Comedy,6.4,good,110,long movie
2009,Terug naar de kust,Thriller,6.4,good,110,long movie
2010,Walkaway,"Comedy, Drama",6.4,good,97,average length movie
2009,Kara Köpekler Havlarken,Drama,6.4,good,88,average length movie
2009,La matassa,"Comedy, Crime",6.4,good,98,average length movie
2010,O Bem Amado,Comedy,6.4,good,107,long movie
2010,Beware the Gonzo,"Comedy, Drama, Romance",6.4,good,94,average length movie
2009,Kôkyô shihen Eureka Sebun: Poketto ga niji de ippai,"Animation, Action, Sci-Fi",6.4,good,110,long movie
2010,Une exécution ordinaire,"Drama, History",6.4,good,105,long movie
2010,Tirza,Drama,6.4,good,100,long movie
2009,Chun feng chen zui de ye wan,Drama,6.4,good,116,long movie
2009,Takumi-kun Series: Nijiiro no garasu,Drama,6.4,good,74,average length movie
2010,The Infidel,"Comedy, Drama",6.4,good,105,long movie
2009,Yomigaeri no chi,Drama,6.4,good,83,average length movie
2009,Morrer Como Um Homem,"Drama, Music",6.4,good,134,long movie
2010,Predators,"Action, Adventure, Sci-Fi",6.4,good,107,long movie
2010,Su Qi-er,"Action, Drama, History",6.4,good,115,long movie
2009,Odna voyna,Drama,6.4,good,89,average length movie
2009,Chilgeup gongmuwon,"Action, Comedy, Romance",6.4,good,112,long movie
2010,Faster,"Action, Crime, Drama",6.4,good,98,average length movie
2010,Charlie St. Cloud,"Drama, Fantasy, Romance",6.4,good,99,average length movie
2009,Uchû senkan Yamato: Fukkatsuhen,"Animation, Action, Adventu",6.4,good,135,long movie
2010,Gorbaciof,"Crime, Drama",6.4,good,85,average length movie
2010,Matching Jack,Drama,6.4,good,99,average length movie
2009,Macabre,"Drama, Horror, Thriller",6.4,good,95,average length movie
2009,Umut,Drama,6.4,good,105,long movie
2010,Bis aufs Blut - Brüder auf Bewährung,"Crime, Drama",6.4,good,109,long movie
2009,Il richiamo,"Drama, Romance",6.4,good,93,average length movie
2009,Enen,Thriller,6.4,good,95,average length movie
2010,Red White & Blue,"Drama, Thriller",6.4,good,104,long movie
2010,Nosso Lar,"Drama, Fantasy",6.4,good,103,long movie
2010,What If...,"Drama, Family, Fantasy",6.4,good,111,long movie
2010,Monsters,"Adventure, Drama, Romance",6.4,good,94,average length movie
2009,Eo-ddeon bang-moon,Drama,6.4,good,108,long movie
2009,Zagrebacke price,Drama,6.4,good,110,long movie
2009,The Wild Hunt,"Drama, Thriller",6.4,good,96,average length movie
2009,Lei wangzi,Drama,6.4,good,122,long movie
2009,Choi voi,Drama,6.4,good,110,long movie
2009,Le refuge,Drama,6.4,good,88,average length movie
2010,A Beginner's Guide to Endings,"Comedy, Drama",6.4,good,93,average length movie
2009,Teiruzu obu vesuperia: The first strike,Animation,6.4,good,110,long movie
2010,Potiche,Comedy,6.4,good,103,long movie
2010,"Ao, le dernier Néandertal","Adventure, History",6.4,good,84,average length movie
2009,Cado dalle nubi,Comedy,6.4,good,95,average length movie
2010,Route Irish,"Action, Drama, Thriller",6.4,good,109,long movie
2010,Rien à déclarer,Comedy,6.4,good,108,long movie
2010,Das Ende ist mein Anfang,"Biography, Drama",6.4,good,98,average length movie
2010,Red Hill,"Thriller, Western",6.4,good,95,average length movie
2010,Everything Must Go,Drama,6.4,good,97,average length movie
2009,Loup,Drama,6.4,good,102,long movie
2009,Nakumonka,"Comedy, Drama",6.4,good,134,long movie
2008,Oishii Man,Drama,6.4,good,98,average length movie
2009,MGS: Philanthropy,"Action, Adventure, Sci-Fi",6.4,good,69,average length movie
2010,The Grace Card,Drama,6.4,good,101,long movie
2009,Aayirathil Oruvan,Drama,6.4,good,138,long movie
2010,Bushi no kakeibo,Drama,6.4,good,129,long movie
2008,So-nyeon-eun wool-ji anh-neun-da,"Drama, War",6.4,good,98,average length movie
2010,Ôoku,"Drama, Sci-Fi",6.4,good,116,long movie
2010,Atithi Tum Kab Jaoge?,Comedy,6.4,good,155,long movie
2005,Danger,Thriller,6.4,good,125,long movie
2010,Daydream Nation,"Drama, Romance",6.4,good,98,average length movie
2008,Blade Babji,Comedy,6.4,good,150,long movie
2007,El shabah,"Action, Crime, Mystery",6.4,good,132,long movie
2010,Die Friseuse,"Comedy, Drama",6.4,good,106,long movie
2010,Gekijouban Yuugiou: Chouyuugou! Jikuu o koeta kizun,"Animation, Action, Fantasy",6.4,good,49,short movie
2010,South Solitary,"Drama, Romance",6.4,good,121,long movie
2008,Masgoon Transit,"Mystery, Thriller",6.4,good,114,long movie
2010,Sans laisser de traces,"Crime, Drama, Thriller",6.4,good,95,average length movie
2010,La princesse de Montpensier,"Action, Drama, History",6.4,good,139,long movie
2010,Le Fear,"Comedy, Horror",6.4,good,62,average length movie
2010,Suîto ritoru raizu,Drama,6.4,good,117,long movie
2010,Gone with the Pope,Crime,6.4,good,83,average length movie
2010,Bang fei,"Action, Thriller",6.4,good,98,average length movie
2010,Secuestrados,"Horror, Thriller",6.4,good,85,average length movie
2010,Octubre,Drama,6.4,good,83,average length movie
2010,Rizhao Chongqing,Drama,6.4,good,110,long movie
2010,Simon Werner a disparu...,"Drama, Mystery, Thriller",6.4,good,87,average length movie
2010,Svet-Ake,Drama,6.4,good,80,average length movie
2010,Un poison violent,Drama,6.4,good,92,average length movie
2010,New Kids Turbo,"Action, Comedy",6.4,good,84,average length movie
2010,"Nannerl, la soeur de Mozart","Biography, Drama, Music",6.4,good,120,long movie
2010,10ml LOVE,"Comedy, Drama, Romance",6.4,good,87,average length movie
2010,18 comidas,"Comedy, Drama",6.4,good,101,long movie
2010,Amanush,"Drama, Thriller",6.4,good,157,long movie
2010,Frits en Freddy,Comedy,6.4,good,89,average length movie
2010,Indigène d'Eurasie,Drama,6.4,good,111,long movie
2009,King of Thorn,"Animation, Adventure, Horr",6.4,good,120,long movie
2010,Curling,Drama,6.4,good,92,average length movie
2010,Cerro Bayo,"Comedy, Drama",6.4,good,86,average length movie
2010,Han jia,Drama,6.4,good,91,average length movie
2010,Detyam do 16...,"Drama, Romance",6.4,good,75,average length movie
2010,La vida útil,Drama,6.4,good,67,average length movie
2010,Rakhta Charitra 2,"Action, Biography, Crime",6.4,good,135,long movie
2010,Kill Me Please,Comedy,6.4,good,95,average length movie
2010,La sociedad del semáforo,Drama,6.4,good,110,long movie
2010,Santa's Apprentice,"Animation, Comedy",6.4,good,80,average length movie
2010,Yicheungui akdang,"Comedy, Crime, Romance",6.4,good,115,long movie
2010,Vay Arkadas,Comedy,6.4,good,100,long movie
2010,Golakani Kirkuk - The Flowers of Kirkuk,Drama,6.4,good,118,long movie
2010,Hantu Kak Limah Balik Rumah,"Comedy, Horror",6.4,good,100,long movie
2010,Finisterrae,Fantasy,6.4,good,80,average length movie
2010,Gekijouban Inazuma irebun: Saikyou gundan Ôga shuur,"Animation, Sport",6.4,good,90,average length movie
2010,Alzheimer's,"Comedy, Drama",6.4,good,107,long movie
2010,Tri bogatyrya i Shamakhanskaya tsaritsa,Animation,6.4,good,75,average length movie
2010,Yat lo yau lei,Drama,6.4,good,108,long movie
2010,Joogigo Sipeun,Thriller,6.4,good,92,average length movie
2010,Mala matura 1947,Drama,6.4,good,109,long movie
2010,Pa-gwi-dwin sa-na-i,"Action, Drama, Thriller",6.4,good,113,long movie
2010,Sim-jang-i Ddwooin-da,Drama,6.4,good,114,long movie
2008,Friendship: Theu kap chan,"Drama, Romance",6.4,good,94,average length movie
2010,Jje-jje-han ro-maen-seu,"Comedy, Romance",6.4,good,118,long movie
2010,Bang-ja jeon,"Comedy, Drama, Romance",6.4,good,124,long movie
2010,Saint Petersburg,"Comedy, Crime, Drama",6.4,good,120,long movie
2009,Bi pooli,"Drama, Romance",6.4,good,108,long movie
2010,Bolbol Hayran,"Comedy, Romance",6.4,good,110,long movie
2007,I Viceré,"Drama, History",6.3,good,120,long movie
2007,Brooklyn Rules,"Crime, Drama",6.3,good,99,average length movie
2007,Die Unerzogenen,Drama,6.3,good,95,average length movie
2005,Because of Winn-Dixie,"Comedy, Drama, Family",6.3,good,106,long movie
2006,Loving Annabelle,"Drama, Romance",6.3,good,77,average length movie
2007,Broke Sky,"Drama, Mystery, Thriller",6.3,good,97,average length movie
2005,Shopgirl,"Drama, Romance",6.3,good,106,long movie
2005,The PianoTuner of EarthQuakes,"Drama, Fantasy, Music",6.3,good,99,average length movie
2005,Zwarte zwanen,Drama,6.3,good,95,average length movie
2005,The Family Stone,"Comedy, Drama, Romance",6.3,good,103,long movie
2005,Robots,"Animation, Adventure, Come",6.3,good,91,average length movie
2006,10th & Wolf,"Crime, Drama, Thriller",6.3,good,107,long movie
2005,Happy Endings,"Comedy, Drama, Music",6.3,good,128,long movie
2006,Art School Confidential,"Comedy, Drama, Romance",6.3,good,102,long movie
2006,Sea of Dreams,"Drama, Fantasy, Mystery",6.3,good,99,average length movie
2005,Romance & Cigarettes,"Comedy, Musical, Romance",6.3,good,105,long movie
2009,Astro Boy,"Animation, Action, Comedy",6.3,good,94,average length movie
2005,Winter Passing,"Comedy, Drama",6.3,good,98,average length movie
2005,Vers le sud,Drama,6.3,good,108,long movie
2005,Rosario Tijeras,"Crime, Drama, Romance",6.3,good,126,long movie
2006,Jindabyne,"Crime, Drama, Mystery",6.3,good,123,long movie
2005,How the Garcia Girls Spent Their Summer,"Comedy, Drama, Romance",6.3,good,128,long movie
2005,Transporter 2,"Action, Thriller",6.3,good,87,average length movie
2005,The Producers,"Comedy, Musical",6.3,good,134,long movie
2005,Smile,"Adventure, Drama",6.3,good,107,long movie
2005,Assault on Precinct 13,"Action, Crime, Drama",6.3,good,109,long movie
2005,The Ice Harvest,"Comedy, Crime, Drama",6.3,good,92,average length movie
2005,Lepel,Drama,6.3,good,96,average length movie
2005,Brooklyn Lobster,"Comedy, Drama",6.3,good,94,average length movie
2005,Just Sex and Nothing Else,Comedy,6.3,good,97,average length movie
2007,De scheepsjongens van Bontekoe,"Adventure, Family",6.3,good,135,long movie
2008,My Sassy Girl,"Comedy, Drama, Romance",6.3,good,92,average length movie
2005,The Moguls,Comedy,6.3,good,96,average length movie
2005,Le survenant,Drama,6.3,good,138,long movie
2005,Flightplan,"Drama, Mystery, Thriller",6.3,good,98,average length movie
2008,Surveillance,"Crime, Drama, Mystery",6.3,good,97,average length movie
2005,Oublier Cheyenne,"Drama, Romance",6.3,good,86,average length movie
2006,Charlotte's Web,"Comedy, Family, Fantasy",6.3,good,97,average length movie
2005,The Quiet,"Crime, Drama, Thriller",6.3,good,96,average length movie
2006,Fated,"Romance, Fantasy",6.3,good,90,average length movie
2005,Hate Crime,"Crime, Drama, Mystery",6.3,good,103,long movie
2007,Hounddog,"Drama, Music",6.3,good,102,long movie
2005,Two for the Money,"Drama, Sport, Thriller",6.3,good,122,long movie
2007,The Cake Eaters,"Comedy, Drama, Romance",6.3,good,86,average length movie
2005,Eighteen,Drama,6.3,good,106,long movie
2005,Di buen día a papá,Drama,6.3,good,107,long movie
2005,Schläfer,Drama,6.3,good,99,average length movie
2005,Diep,Drama,6.3,good,90,average length movie
2005,Ranpo jigoku,"Fantasy, Horror",6.3,good,134,long movie
2006,Like Minds,"Crime, Horror, Mystery",6.3,good,110,long movie
2005,You Are Alone,Drama,6.3,good,84,average length movie
2005,Feast,"Action, Comedy, Horror",6.3,good,95,average length movie
2005,Cayo,Drama,6.3,good,112,long movie
2006,In ascolto,"Crime, Drama, Thriller",6.3,good,105,long movie
2005,Miss Montigny,Drama,6.3,good,100,long movie
2005,Les âmes grises,Drama,6.3,good,106,long movie
2005,Azumi 2: Death or Love,Action,6.3,good,108,long movie
2005,Puppy,"Comedy, Drama, Horror",6.3,good,95,average length movie
2007,Resident Evil: Extinction,"Action, Horror, Sci-Fi",6.3,good,94,average length movie
2006,Krrish,"Action, Sci-Fi",6.3,good,185,epic movie
2007,Real Premonition,"Action, Drama",6.3,good,135,long movie
2006,Volando voy,Drama,6.3,good,115,long movie
2005,Mobsters and Mormons,Comedy,6.3,good,90,average length movie
2006,Wu Qingyuan,"Biography, Drama, Romance",6.3,good,104,long movie
2005,Morir en San Hilario,Comedy,6.3,good,95,average length movie
2005,Entre ses mains,Drama,6.3,good,90,average length movie
2005,Das Lächeln der Tiefseefische,Drama,6.3,good,86,average length movie
2006,Expiration Date,"Comedy, Romance",6.3,good,94,average length movie
2006,Forgiving the Franklins,"Comedy, Drama",6.3,good,101,long movie
2005,Falscher Bekenner,"Drama, Thriller",6.3,good,94,average length movie
2007,Blades of Glory,"Comedy, Sport",6.3,good,93,average length movie
2007,Si j'étais toi,"Drama, Romance",6.3,good,92,average length movie
2006,Kummelin Jackpot,Comedy,6.3,good,93,average length movie
2006,The Elephant King,"Drama, Romance",6.3,good,92,average length movie
2006,Remake,Drama,6.3,good,95,average length movie
2005,Banyu Biru,Drama,6.3,good,78,average length movie
2006,She's the Man,"Comedy, Romance, Sport",6.3,good,105,long movie
2005,Malas temporadas,Drama,6.3,good,115,long movie
2005,Jambok-geunmu,"Action, Comedy, Crime",6.3,good,111,long movie
2005,Um Tiro no Escuro,"Crime, Thriller, Drama",6.3,good,105,long movie
2006,Transe,Drama,6.3,good,126,long movie
2006,The Big Bad Swim,"Comedy, Romance, Sport",6.3,good,96,average length movie
2006,Fast Food Nation,"Comedy, Drama, Romance",6.3,good,116,long movie
2006,The Sasquatch Gang,Comedy,6.3,good,86,average length movie
2005,7 vírgenes,"Crime, Drama",6.3,good,86,average length movie
2006,N (Io e Napoleone),"Comedy, History, War",6.3,good,100,long movie
2006,L'ivresse du pouvoir,Drama,6.3,good,110,long movie
2007,Hitman,"Action, Crime, Thriller",6.3,good,100,long movie
2006,Råzone,Drama,6.3,good,93,average length movie
2006,The Situation,"Drama, War",6.3,good,111,long movie
2006,Nacido y criado,Drama,6.3,good,100,long movie
2006,Perl oder Pica,Drama,6.3,good,90,average length movie
2008,Hey Hey It's Esther Blueburger,"Comedy, Drama",6.3,good,103,long movie
2006,The House Is Burning,Drama,6.3,good,97,average length movie
2006,The Astronaut Farmer,"Adventure, Drama, Sci-Fi",6.3,good,104,long movie
2005,Izzat,"Action, Crime, Thriller",6.3,good,107,long movie
2006,Little Big Top,Comedy,6.3,good,83,average length movie
2005,Spiele Leben,"Drama, Thriller",6.3,good,98,average length movie
2007,Corpo,"Drama, Thriller",6.3,good,90,average length movie
2006,Diggers,"Comedy, Drama",6.3,good,96,average length movie
2005,Xin ji chi bu liao re dou fu,Comedy,6.3,good,93,average length movie
2006,Yatra,Drama,6.3,good,129,long movie
2006,For Your Consideration,Comedy,6.3,good,86,average length movie
2005,Ungu Violet,Drama,6.3,good,115,long movie
2005,Kamen Raidâ: The First,"Action, Drama, Horror",6.3,good,91,average length movie
2006,Saving Shiloh,"Drama, Family",6.3,good,90,average length movie
2005,"Snivaj, zlato moje","Comedy, Drama",6.3,good,110,long movie
2006,The Gymnast,"Drama, Romance, Sport",6.3,good,96,average length movie
2005,Baksu-chiltae deonara,"Comedy, Drama, Mystery",6.3,good,115,long movie
2005,Kono mune ippai no ai wo,Romance,6.3,good,132,long movie
2006,Mia Sarah,"Comedy, Drama, Fantasy",6.3,good,103,long movie
2006,Chas pik,"Drama, Romance",6.3,good,104,long movie
2005,El-sefara fi El-Omara,"Comedy, Drama",6.3,good,107,long movie
2006,The Journals of Knud Rasmussen,Drama,6.3,good,112,long movie
2006,Serko,Drama,6.3,good,96,average length movie
2005,Rozdroze Cafe,"Crime, Drama",6.3,good,112,long movie
2008,Adam Resurrected,"Drama, War",6.3,good,106,long movie
2010,The Losers,"Action, Adventure, Crime",6.3,good,97,average length movie
2005,La Sagrada Familia,Drama,6.3,good,99,average length movie
2007,No Reservations,"Comedy, Drama, Romance",6.3,good,104,long movie
2007,Youth Without Youth,"Drama, Fantasy, Mystery",6.3,good,124,long movie
2006,It's a Boy Girl Thing,"Comedy, Fantasy, Romance",6.3,good,95,average length movie
2005,Padre Nuestro,"Comedy, Drama",6.3,good,105,long movie
2007,Nobel Son,"Comedy, Crime, Drama",6.3,good,110,long movie
2007,¿Quién dice que es fácil?,"Comedy, Romance",6.3,good,108,long movie
2006,Stephanie Daley,Drama,6.3,good,92,average length movie
2006,Ya-soo,"Action, Adventure, Crime",6.3,good,124,long movie
2006,La educación de las hadas,Drama,6.3,good,103,long movie
2006,Beerfest,Comedy,6.3,good,110,long movie
2006,The Dog Problem,Comedy,6.3,good,88,average length movie
2005,Molly's Way,Drama,6.3,good,84,average length movie
2006,Odette Toulemonde,"Comedy, Drama",6.3,good,100,long movie
2006,Wo ist Fred?,"Comedy, Romance, Sport",6.3,good,107,long movie
2006,Small Engine Repair,"Comedy, Drama",6.3,good,98,average length movie
2005,Miseuteo Sokeurateseu,"Action, Crime",6.3,good,109,long movie
2006,Antonio guerriero di Dio,Biography,6.3,good,110,long movie
2005,Stockholm Boogie,"Comedy, Drama",6.3,good,82,average length movie
2007,V2 - jäätynyt enkeli,"Action, Mystery, Thriller",6.3,good,92,average length movie
2006,The Foot Fist Way,Comedy,6.3,good,85,average length movie
2007,Razzle Dazzle: A Journey Into Dance,"Comedy, Music, Musical",6.3,good,95,average length movie
2005,Pettson & Findus - Tomtemaskinen,"Animation, Comedy, Family",6.3,good,79,average length movie
2008,Strictly Sexual,"Comedy, Drama, Romance",6.3,good,100,long movie
2005,Agrypnia,Drama,6.3,good,102,long movie
2006,"Dance Party, USA",Drama,6.3,good,65,average length movie
2006,LoveDeath,Action,6.3,good,158,long movie
2007,Weirdsville,"Comedy, Crime, Drama",6.3,good,90,average length movie
2006,Vete de mí,"Comedy, Drama",6.3,good,95,average length movie
2007,Podecrer!,"Comedy, Drama",6.3,good,96,average length movie
2007,Broken English,"Comedy, Drama, Romance",6.3,good,97,average length movie
2006,Cheech,Drama,6.3,good,104,long movie
2006,Dennis van Rita,Drama,6.3,good,84,average length movie
2007,American Fork,"Comedy, Drama",6.3,good,84,average length movie
2006,Inugami-ke no ichizoku,"Drama, Mystery, Thriller",6.3,good,134,long movie
2006,Die Könige der Nutzholzgewinnung,Comedy,6.3,good,94,average length movie
2007,The Black Pimpernel,"Drama, History, Romance",6.3,good,95,average length movie
2006,Starfish Hotel,Drama,6.3,good,98,average length movie
2006,Honor de cavalleria,Drama,6.3,good,104,long movie
2006,A casa nostra,Drama,6.3,good,102,long movie
2006,Nichts als Gespenster,Drama,6.3,good,120,long movie
2006,Bhagam Bhag,"Comedy, Mystery, Thriller",6.3,good,157,long movie
2006,Blóðbönd,Drama,6.3,good,90,average length movie
2006,Hao qi hai si mao,"Drama, Mystery",6.3,good,93,average length movie
2008,The Ramen Girl,"Comedy, Drama, Romance",6.3,good,102,long movie
2006,Sommer '04,Drama,6.3,good,97,average length movie
2008,AmericanEast,Drama,6.3,good,110,long movie
2006,Fritt vilt,"Horror, Thriller",6.3,good,97,average length movie
2008,"New York, I Love You","Comedy, Drama, Romance",6.3,good,103,long movie
2007,Malta con Huevo,"Comedy, Crime, Sci-Fi",6.3,good,88,average length movie
2006,Love Com,"Comedy, Romance",6.3,good,99,average length movie
2006,Driller,"Horror, Sci-Fi",6.3,good,85,average length movie
2007,The Nines,"Drama, Fantasy, Mystery",6.3,good,100,long movie
2007,J'attends quelqu'un,"Drama, Romance",6.3,good,95,average length movie
2009,The Uninvited,"Drama, Horror, Mystery",6.3,good,87,average length movie
2006,Sasaeng gyeoldan,"Action, Crime, Thriller",6.3,good,117,long movie
2007,Poor Boy's Game,Drama,6.3,good,104,long movie
2007,El niño de barro,"Crime, Drama, Horror",6.3,good,103,long movie
2008,The Edge of Love,"Biography, Drama, Romance",6.3,good,110,long movie
2007,Les amours d'Astrée et de Céladon,"Comedy, Drama, Romance",6.3,good,109,long movie
2006,"Io, l'altro",Drama,6.3,good,78,average length movie
2007,Moondance Alexander,"Drama, Family",6.3,good,94,average length movie
2008,Bigga Than Ben,Drama,6.3,good,82,average length movie
2006,Sur la trace d'Igor Rizzi,"Comedy, Drama",6.3,good,91,average length movie
2007,El menor de los males,"Comedy, Thriller",6.3,good,110,long movie
2006,Guide de la petite vengeance,"Comedy, Drama, Thriller",6.3,good,105,long movie
2009,Street Dreams,Drama,6.3,good,88,average length movie
2007,Astrópía,"Comedy, Fantasy",6.3,good,93,average length movie
2007,"War Eagle, Arkansas",Drama,6.3,good,93,average length movie
2007,Fragile(s),Drama,6.3,good,107,long movie
2005,Midioda matarebeli,Comedy,6.3,good,77,average length movie
2007,Ferien,Drama,6.3,good,91,average length movie
2006,Küçük Kiyamet,"Drama, Fantasy, Horror",6.3,good,90,average length movie
2007,Tit sam gok,"Crime, Thriller",6.3,good,93,average length movie
2007,The Girl in the Park,Drama,6.3,good,110,long movie
2005,I kardia tou ktinous,"Comedy, Drama",6.3,good,82,average length movie
2006,Death of a President,"Crime, Drama, Mystery",6.3,good,97,average length movie
2007,Jas sum od Titov Veles,Drama,6.3,good,102,long movie
2007,La vie d'artiste,Comedy,6.3,good,107,long movie
2006,Doo-noei-yoo-hee-peu-ro-jeg-teu-peo-jeul,"Crime, Thriller",6.3,good,91,average length movie
2007,Tôku no sora ni kieta,Drama,6.3,good,145,long movie
2008,The Last Word,"Drama, Romance",6.3,good,90,average length movie
2006,The Killing of John Lennon,"Crime, Drama",6.3,good,114,long movie
2007,Nome Próprio,Drama,6.3,good,120,long movie
2006,A Moment with You,Drama,6.3,good,105,long movie
2009,My Name Is Jerry,"Comedy, Drama",6.3,good,96,average length movie
2006,Gumiho gajok,"Comedy, Fantasy, Musical",6.3,good,102,long movie
2006,Pente lepta akoma,"Comedy, Drama, Fantasy",6.3,good,90,average length movie
2010,Shrek Forever After,"Animation, Adventure, Come",6.3,good,93,average length movie
2008,The Dissection of Thanksgiving,Comedy,6.3,good,97,average length movie
2007,Four Sheets to the Wind,"Drama, Romance",6.3,good,81,average length movie
2006,Seishun kinzoku batto,"Comedy, Crime",6.3,good,96,average length movie
2009,The City of Your Final Destination,"Drama, Romance",6.3,good,117,long movie
2007,La fille coupée en deux,"Drama, Thriller",6.3,good,115,long movie
2007,Ekusute,"Comedy, Horror",6.3,good,108,long movie
2006,Trei frati de belea,Comedy,6.3,good,105,long movie
2007,This Christmas,"Comedy, Drama, Romance",6.3,good,117,long movie
2008,The Last Lullaby,"Drama, Mystery",6.3,good,93,average length movie
2007,Hände weg von Mississippi,"Adventure, Comedy, Family",6.3,good,98,average length movie
2007,Liu lang shen gou ren,Drama,6.3,good,119,long movie
2007,Hito no sekkusu o warauna,"Comedy, Romance",6.3,good,137,long movie
2006,Deadline: Sirf 24 Ghante,"Crime, Thriller",6.3,good,102,long movie
2006,Eduart,Drama,6.3,good,104,long movie
2007,El viaje de la nonna,"Comedy, Drama",6.3,good,93,average length movie
2007,Meine schöne Bescherung,Comedy,6.3,good,96,average length movie
2008,"Angus, Thongs and Perfect Snogging","Comedy, Drama, Romance",6.3,good,100,long movie
2009,17 Again,"Comedy, Drama, Fantasy",6.3,good,102,long movie
2009,The Velveteen Rabbit,"Animation, Drama, Family",6.3,good,97,average length movie
2009,Bandslam,"Comedy, Drama, Family",6.3,good,111,long movie
2008,Arte de Roubar,"Action, Comedy, Crime",6.3,good,103,long movie
2007,881,"Comedy, Drama, Musical",6.3,good,115,long movie
2010,The Chronicles of Narnia: The Voyage of the Dawn Tr,"Adventure, Family, Fantasy",6.3,good,113,long movie
2006,Baixio das Bestas,Drama,6.3,good,80,average length movie
2006,"Naui chingu, geuui anae",Drama,6.3,good,110,long movie
2009,Metropia,"Animation, Drama, Mystery",6.3,good,86,average length movie
2008,Mu-rim-yeo-dae-saeng,"Action, Comedy, Romance",6.3,good,122,long movie
2007,Aaja Nachle,"Drama, Family, Music",6.3,good,137,long movie
2009,Surrogates,"Action, Crime, Sci-Fi",6.3,good,89,average length movie
2009,Jean Charles,"Biography, Drama",6.3,good,93,average length movie
2010,Dear John,"Drama, Romance, War",6.3,good,108,long movie
2007,La chambre des morts,"Crime, Mystery, Thriller",6.3,good,115,long movie
2008,Bhoothnath,"Comedy, Drama, Family",6.3,good,150,long movie
2008,Buick Riviera,Drama,6.3,good,86,average length movie
2007,Khoya Khoya Chand,"Drama, Romance",6.3,good,131,long movie
2007,Dai-Nihonjin,"Action, Comedy, Sci-Fi",6.3,good,113,long movie
2008,Shuang shi ji,"Drama, Mystery, Thriller",6.3,good,98,average length movie
2008,Liverpool,Drama,6.3,good,84,average length movie
2008,Broken Angel,Drama,6.3,good,120,long movie
2007,La leyenda de la Nahuala,"Animation, Family, Fantasy",6.3,good,82,average length movie
2009,Helen,Drama,6.3,good,120,long movie
2010,Knight and Day,"Action, Adventure, Comedy",6.3,good,109,long movie
2008,1. Mai,Drama,6.3,good,98,average length movie
2008,Of Boys and Men,Drama,6.3,good,90,average length movie
2008,$5 a Day,"Comedy, Drama",6.3,good,98,average length movie
2009,Amar a morir,Drama,6.3,good,119,long movie
2008,La ligne brisée,Drama,6.3,good,101,long movie
2010,The Warrior's Way,"Action, Fantasy, Western",6.3,good,100,long movie
2009,Powder Blue,Drama,6.3,good,106,long movie
2009,Whisky mit Wodka,"Comedy, Drama",6.3,good,104,long movie
2008,Citulja za Eskobara,"Comedy, Crime",6.3,good,90,average length movie
2008,Päätalo,"Biography, Drama, Romance",6.3,good,107,long movie
2008,Tengri,"Drama, Romance",6.3,good,96,average length movie
2010,El mal ajeno,"Drama, Sci-Fi, Thriller",6.3,good,107,long movie
2007,La maison,Drama,6.3,good,95,average length movie
2007,Jasne blekitne okna,Drama,6.3,good,92,average length movie
2008,Sagan,Biography,6.3,good,180,epic movie
2010,Repo Men,"Action, Adventure, Crime",6.3,good,111,long movie
2008,Den siste revejakta,"Comedy, Crime, Drama",6.3,good,90,average length movie
2008,Hua pi,"Action, Drama, Fantasy",6.3,good,103,long movie
2009,Down for Life,Drama,6.3,good,92,average length movie
2009,The Invention of Lying,"Comedy, Fantasy, Romance",6.3,good,100,long movie
2008,Skrapp út,"Comedy, Drama",6.3,good,92,average length movie
2010,Quincas Berro d'Água,"Comedy, Drama",6.3,good,104,long movie
2010,Elvis & Madona,"Comedy, Romance",6.3,good,105,long movie
2008,Adoration,"Drama, Romance",6.3,good,101,long movie
2010,10 Years Later,"Comedy, Drama",6.3,good,98,average length movie
2008,Faintheart,"Comedy, Drama, Romance",6.3,good,92,average length movie
2007,Dead End,Comedy,6.3,good,92,average length movie
2007,Estrellita,"Drama, Music",6.3,good,97,average length movie
2009,The Timekeeper,"Adventure, Drama",6.3,good,90,average length movie
2008,"Kala krymmena mystika, Athanasia","Drama, Romance",6.3,good,100,long movie
2007,Dhokha,"Action, Drama, Romance",6.3,good,117,long movie
2008,Hamlet 2,"Comedy, Music",6.3,good,92,average length movie
2008,Mulligans,"Drama, Romance",6.3,good,92,average length movie
2008,Ping-pongkingen,Drama,6.3,good,112,long movie
2007,Tantei monogatari,"Comedy, Crime, Drama",6.3,good,99,average length movie
2009,Ilusiones Ópticas,"Comedy, Drama",6.3,good,105,long movie
2009,Tamo i ovde,"Comedy, Drama",6.3,good,85,average length movie
2009,Phantomschmerz,Drama,6.3,good,97,average length movie
2008,Sauna,Horror,6.3,good,83,average length movie
2009,16 to Life,"Comedy, Romance",6.3,good,89,average length movie
2009,(Untitled),"Comedy, Drama, Music",6.3,good,96,average length movie
2007,Vermist,"Crime, Drama, Thriller",6.3,good,86,average length movie
2010,Donkeys,"Comedy, Drama",6.3,good,78,average length movie
2009,The Limits of Control,"Crime, Drama, Mystery",6.3,good,116,long movie
2008,"El cielo, la tierra, y la lluvia",Drama,6.3,good,110,long movie
2007,Chen shui de qing chun,"Mystery, Romance",6.3,good,92,average length movie
2008,El cant dels ocells,Drama,6.3,good,98,average length movie
2009,Peter and Vandy,"Drama, Romance",6.3,good,95,average length movie
2008,Orochi,"Drama, Fantasy, Horror",6.3,good,107,long movie
2007,Meitantei Conan: Konpeki no hitsugi,"Animation, Action, Adventu",6.3,good,95,average length movie
2009,Rabia,"Romance, Thriller",6.3,good,89,average length movie
2008,Yama no anata - Tokuichi no koi,"Comedy, Drama",6.3,good,94,average length movie
2009,De hel van '63,"Drama, Sport",6.3,good,108,long movie
2007,Selda,"Drama, Romance",6.3,good,140,long movie
2008,I et speil i en gåte,Drama,6.3,good,100,long movie
2008,Misseu Hongdangmu,Comedy,6.3,good,101,long movie
2010,The Myth of the American Sleepover,"Comedy, Drama, Romance",6.3,good,96,average length movie
2008,W.,"Biography, Comedy, Drama",6.3,good,129,long movie
2010,All Good Things,"Crime, Drama, Mystery",6.3,good,101,long movie
2008,Ladrones a Domicilio,"Adventure, Comedy, History",6.3,good,88,average length movie
2010,Les aventures extraordinaires d'Adèle Blanc-Sec,"Action, Adventure, Fantasy",6.3,good,107,long movie
2008,Tatil Kitabi,Drama,6.3,good,92,average length movie
2007,Paranormal Activity,"Horror, Mystery, Thriller",6.3,good,86,average length movie
2010,Todas las canciones hablan de mí,Comedy,6.3,good,107,long movie
2008,Doraemon: Nobita to midori no kyojinden,"Animation, Adventure, Come",6.3,good,112,long movie
2008,Wo jiao Liu Yue Jin,Drama,6.3,good,85,average length movie
2010,You Will Meet a Tall Dark Stranger,"Comedy, Drama, Romance",6.3,good,98,average length movie
2009,Ninja Assassin,"Action, Thriller",6.3,good,99,average length movie
2009,Kielletty hedelmä,Drama,6.3,good,104,long movie
2008,Putoavia enkeleitä,"Biography, Drama",6.3,good,102,long movie
2010,Shekarchi,"Drama, Thriller",6.3,good,90,average length movie
2008,Friedliche Zeiten,"Comedy, Drama",6.3,good,98,average length movie
2009,Le vilain,Comedy,6.3,good,86,average length movie
2008,LOL (Laughing Out Loud) ®,"Comedy, Romance",6.3,good,103,long movie
2010,One Too Many Mornings,"Comedy, Drama",6.3,good,90,average length movie
2009,Funny People,"Comedy, Drama",6.3,good,146,long movie
2009,Quanto Dura o Amor?,"Drama, Romance",6.3,good,83,average length movie
2009,The Rebound,"Comedy, Romance",6.3,good,95,average length movie
2008,Second Hand Wedding,"Comedy, Drama",6.3,good,98,average length movie
2009,Broken Hill,"Drama, Family, Music",6.3,good,102,long movie
2009,Prinsessa,"Comedy, Drama, Family",6.3,good,91,average length movie
2009,Pastor Brown,"Drama, Family",6.3,good,88,average length movie
2008,Le bruit des gens autour,Romance,6.3,good,107,long movie
2008,Der Architekt,Drama,6.3,good,93,average length movie
2009,Cedar Boys,"Crime, Drama",6.3,good,100,long movie
2008,Mubangbi-dosi,"Action, Crime",6.3,good,112,long movie
2010,Drones,Comedy,6.3,good,98,average length movie
2009,"My Son, My Son, What Have Ye Done","Drama, Thriller",6.3,good,91,average length movie
2008,Caregiver,Drama,6.3,good,130,long movie
2009,Dorian Gray,"Drama, Fantasy, Thriller",6.3,good,112,long movie
2008,"On the Other Hand, Death","Crime, Drama, Mystery",6.3,good,86,average length movie
2008,Française,Drama,6.3,good,84,average length movie
2009,La sainte Victoire,"Drama, Thriller",6.3,good,105,long movie
2010,I Spit on Your Grave,"Horror, Thriller",6.3,good,108,long movie
2009,Hong he,Drama,6.3,good,100,long movie
2008,Kurt blir grusom,"Animation, Comedy, Family",6.3,good,74,average length movie
2009,Ajab Prem Ki Ghazab Kahani,"Action, Comedy, Romance",6.3,good,150,long movie
2009,Hotel Atlântico,Drama,6.3,good,102,long movie
2008,Bakgat!,Comedy,6.3,good,96,average length movie
2010,L'autre Dumas,"Comedy, Drama, History",6.3,good,105,long movie
2009,Mazie laupitaji,"Comedy, Crime, Drama",6.3,good,80,average length movie
2008,33 sceny z zycia,Drama,6.3,good,100,long movie
2008,Iza stakla,Drama,6.3,good,80,average length movie
2008,Un monde à nous,"Crime, Drama, Thriller",6.3,good,91,average length movie
2009,La soga,"Crime, Drama",6.3,good,102,long movie
2009,Generazione mille euro,Comedy,6.3,good,101,long movie
2009,The Mother of Invention,Comedy,6.3,good,105,long movie
2009,Død snø,"Comedy, Horror",6.3,good,90,average length movie
2010,Date Night,"Comedy, Crime, Romance",6.3,good,88,average length movie
2008,Nurse.Fighter.Boy,Drama,6.3,good,93,average length movie
2010,Brim,Drama,6.3,good,95,average length movie
2009,Une affaire d'état,Thriller,6.3,good,99,average length movie
2009,Un buen hombre,"Crime, Drama",6.3,good,97,average length movie
2008,Akai ito,Drama,6.3,good,106,long movie
2009,Shank,Drama,6.3,good,94,average length movie
2010,"Lebanon, Pa.",Drama,6.3,good,100,long movie
2008,Drzazgi,"Comedy, Drama",6.3,good,106,long movie
2009,The Exploding Girl,Drama,6.3,good,79,average length movie
2007,Seema Sastry,"Action, Comedy",6.3,good,136,long movie
2009,Solitary Man,"Comedy, Drama, Romance",6.3,good,90,average length movie
2008,The Last Thakur,"Action, Drama",6.3,good,81,average length movie
2009,Berlin '36,Drama,6.3,good,100,long movie
2009,The Boondock Saints II: All Saints Day,"Action, Crime, Thriller",6.3,good,118,long movie
2008,Thicker Than Water: The Vampire Diaries Part 1,"Fantasy, Horror",6.3,good,86,average length movie
2010,Ostavljeni,"Crime, Drama",6.3,good,88,average length movie
2010,La mirada invisible,Drama,6.3,good,97,average length movie
2010,Going the Distance,"Comedy, Romance",6.3,good,102,long movie
2009,Mavro livadi,"Drama, Romance",6.3,good,104,long movie
2009,Paco,Drama,6.3,good,128,long movie
2009,The Revenant,"Comedy, Fantasy, Horror",6.3,good,117,long movie
2008,Veruthe Oru Bharya,"Comedy, Drama, Family",6.3,good,142,long movie
2010,Cyrus,"Comedy, Drama, Romance",6.3,good,91,average length movie
2009,Rampage,"Action, Crime, Thriller",6.3,good,85,average length movie
2009,Anonymes,Drama,6.3,good,91,average length movie
2009,Na pude aneb Kdo má dneska narozeniny?,"Animation, Family, Fantasy",6.3,good,74,average length movie
2008,Cycle,"Comedy, Drama, Thriller",6.3,good,150,long movie
2009,La prima linea,"Biography, Crime, Drama",6.3,good,100,long movie
2009,Chloe,"Drama, Mystery, Romance",6.3,good,96,average length movie
2009,Tréfa,"Comedy, Drama",6.3,good,93,average length movie
2009,Barbe bleue,Fantasy,6.3,good,80,average length movie
2009,Un ange à la mer,Drama,6.3,good,86,average length movie
2009,Meisjes,"Comedy, Drama",6.3,good,93,average length movie
2010,Norberto apenas tarde,Comedy,6.3,good,85,average length movie
2009,The Overbrook Brothers,"Comedy, Drama",6.3,good,92,average length movie
2009,Turistas,"Drama, Romance",6.3,good,104,long movie
2009,My Tehran for Sale,Drama,6.3,good,101,long movie
2008,Thomas & Friends: The Great Discovery - The Movie,"Animation, Family",6.3,good,60,average length movie
2008,Tarif Novogodniy,"Comedy, Fantasy, Romance",6.3,good,83,average length movie
2009,Zero no shôten,Drama,6.3,good,130,long movie
2010,Paha perhe,Drama,6.3,good,95,average length movie
2008,Ramadan Mabrouk Abul-Alamein Hamouda,"Comedy, Family",6.3,good,105,long movie
2008,Gökten 3 elma düstü,Drama,6.3,good,119,long movie
2009,Popieluszko. Wolnosc jest w nas,"Biography, Drama, History",6.3,good,180,epic movie
2009,SR: Saitama no rappâ,Drama,6.3,good,80,average length movie
2009,Castro,"Drama, Mystery",6.3,good,85,average length movie
2010,Ice Castles,"Drama, Romance, Sport",6.3,good,95,average length movie
2010,Somewhere,"Comedy, Drama",6.3,good,97,average length movie
2009,Ali'nin sekiz günü,Drama,6.3,good,107,long movie
2008,Khake ashena,Drama,6.3,good,90,average length movie
2009,"Hollywood, je t'aime","Comedy, Drama, Romance",6.3,good,95,average length movie
2010,Mother's Day,"Drama, Horror, Thriller",6.3,good,112,long movie
2009,Yomei 1-kagetsu no hanayome,Drama,6.3,good,129,long movie
2009,Le Donk & Scor-zay-zee,Comedy,6.3,good,71,average length movie
2009,Kanikuly strogogo rezhima,"Adventure, Comedy",6.3,good,113,long movie
2010,The American,"Crime, Drama, Thriller",6.3,good,105,long movie
2009,Swinki,Drama,6.3,good,94,average length movie
2010,La solitudine dei numeri primi,Drama,6.3,good,118,long movie
2010,Jin yi wei,"Action, History, Thriller",6.3,good,114,long movie
2009,Palata N°6,Drama,6.3,good,83,average length movie
2010,Yut mun Hinneisi,"Comedy, Romance",6.3,good,105,long movie
2009,Gamines,Drama,6.3,good,107,long movie
2009,Vanvittig forelsket,"Drama, Romance",6.3,good,94,average length movie
2010,Jing wu feng yun: Chen Zhen,"Action, Drama, History",6.3,good,106,long movie
2007,Motmalinun Gyerhon,Comedy,6.3,good,115,long movie
2010,Letters to God,"Drama, Family",6.3,good,110,long movie
2009,Raju Maharaju,Family,6.3,good,155,long movie
2009,Bool-kkott-cheo-reom na-bi-cheo-reom,"Action, Drama",6.3,good,124,long movie
2010,Schemer,"Drama, Romance",6.3,good,91,average length movie
2010,Retornos,Thriller,6.3,good,88,average length movie
2009,Gekijôban poketto monsutâ: Daiyamondo & pâru purach,"Animation, Action, Adventu",6.3,good,95,average length movie
2009,The Lost & Found Family,Drama,6.3,good,91,average length movie
2009,Simon Konianski,Comedy,6.3,good,100,long movie
2010,Summer Coda,"Drama, Romance",6.3,good,108,long movie
2010,Paiyaa,"Action, Drama, Romance",6.3,good,152,long movie
2009,Zanan-e bedun-e mardan,Drama,6.3,good,95,average length movie
2009,Kakraki,"Comedy, Drama",6.3,good,105,long movie
2010,Vampires,"Comedy, Fantasy, Horror",6.3,good,88,average length movie
2009,In My Life,"Comedy, Drama",6.3,good,120,long movie
2010,Dernier étage gauche gauche,"Comedy, Drama",6.3,good,110,long movie
2009,Kakera,Drama,6.3,good,107,long movie
2010,Dog Sweat,Drama,6.3,good,90,average length movie
2009,Gjallë,Drama,6.3,good,90,average length movie
2009,7 Kocali Hürmüz,Comedy,6.3,good,122,long movie
2010,Satte Farben vor Schwarz,Drama,6.3,good,85,average length movie
2009,Salve Geral,"Crime, Drama, Thriller",6.3,good,119,long movie
2010,Archipelago,Drama,6.3,good,114,long movie
2009,Bulshinjiok,"Horror, Mystery, Thriller",6.3,good,112,long movie
2009,Jak-jeon,"Action, Crime, Drama",6.3,good,119,long movie
2010,Cheung wong ji wong,"Action, Drama, Mystery",6.3,good,118,long movie
2010,Die kommenden Tage,"Drama, Sci-Fi",6.3,good,125,long movie
2010,Country Strong,"Drama, Music",6.3,good,117,long movie
2010,The New Year,"Comedy, Drama",6.3,good,96,average length movie
2010,Hold om mig,Drama,6.3,good,80,average length movie
2010,Rammbock,"Action, Drama, Horror",6.3,good,63,average length movie
2010,Dersimiz: Atatürk,"Biography, Drama, History",6.3,good,92,average length movie
2009,Les signes vitaux,Drama,6.3,good,88,average length movie
2010,Cornelis,"Biography, Drama, Music",6.3,good,101,long movie
2010,Yan gaan hei kek,Comedy,6.3,good,105,long movie
2010,"Fanny, Annie & Danny","Drama, Family",6.3,good,82,average length movie
2010,Unter dir die Stadt,Drama,6.3,good,105,long movie
2010,Winx Club 3D: Magical Adventure,Animation,6.3,good,87,average length movie
2010,Nice Guy Johnny,"Comedy, Romance",6.3,good,89,average length movie
2010,Dabangg,"Action, Comedy",6.3,good,126,long movie
2010,Kureyon Shin-chan: Chôjikû! Arashi wo yobu oira no ,Animation,6.3,good,99,average length movie
2010,Briefgeheim,"Drama, Family",6.3,good,87,average length movie
2010,Dalla vita in poi,Comedy,6.3,good,85,average length movie
2010,Sandcastle,Drama,6.3,good,91,average length movie
2010,Here Comes the Bride,"Comedy, Fantasy",6.3,good,108,long movie
2010,Beyond the Steppes,Drama,6.3,good,90,average length movie
2010,Abbaga yeojadeul jongahae,"Comedy, Romance",6.3,good,113,long movie
2010,Hello Hum Lallann Bol Rahe Hain,"Comedy, Drama",6.3,good,130,long movie
2010,2 Frogs dans l'Ouest,"Biography, Comedy, Drama",6.3,good,105,long movie
2010,Matka Teresa od kotów,Drama,6.3,good,95,average length movie
2010,Duk haan chau faan,"Comedy, Romance",6.3,good,105,long movie
2010,Sorelle Mai,Drama,6.3,good,105,long movie
2010,Molke Soleiman,"Action, Drama, History",6.3,good,110,long movie
2010,Zefir,Drama,6.3,good,93,average length movie
2010,La BM du Seigneur,Drama,6.3,good,84,average length movie
2010,Taxidi sti Mytilini,Drama,6.3,good,105,long movie
2010,Rsasa taycheh,Drama,6.3,good,75,average length movie
2010,Anwar,"Action, Drama, Thriller",6.3,good,128,long movie
2008,Humming,Romance,6.3,good,96,average length movie
2010,Malu de Bicicleta,Romance,6.3,good,90,average length movie
2010,Yolki,Comedy,6.3,good,90,average length movie
2010,Zwerbowana milosc,"Action, Drama, Romance",6.3,good,86,average length movie
2010,Trzy minuty. 21:37,Drama,6.3,good,128,long movie
2010,A Millionaire Wanted,"Comedy, Romance",6.3,good,99,average length movie
2010,Hae-gyeol-sa,"Action, Crime, Drama",6.3,good,99,average length movie
2008,Romaentik Aillaendeu,"Comedy, Romance",6.3,good,105,long movie
2010,Na-neun Abba-da,"Action, Crime, Drama",6.3,good,99,average length movie
2008,Keu Namjaui Chak 198Jjeuk,Romance,6.3,good,99,average length movie
2006,Thiruvilaiyaadal Aarambam,Drama,6.3,good,155,long movie
2006,"Sarnie zniwo, czyli Pokusa statuetkowego szlaku",Comedy,6.3,good,62,average length movie
2009,Passing Strange,Musical,6.3,good,135,long movie
2007,Muni,"Comedy, Horror",6.3,good,146,long movie
2007,Universal Groove,"Drama, Fantasy",6.2,good,74,average length movie
2007,Rush Hour 3,"Action, Comedy, Crime",6.2,good,91,average length movie
2005,Fever Pitch,"Comedy, Drama, Romance",6.2,good,104,long movie
2006,"Wood & Stock: Sexo, Orégano e Rock'n'Roll","Animation, Comedy",6.2,good,81,average length movie
2007,Hannibal Rising,"Adventure, Crime, Drama",6.2,good,121,long movie
2005,The Wedding Date,"Comedy, Romance",6.2,good,90,average length movie
2009,Cargo,"Mystery, Sci-Fi, Thriller",6.2,good,112,long movie
2005,La historia del baúl rosado,"Crime, Drama, Mystery",6.2,good,97,average length movie
2005,Vet hard,"Action, Comedy, Crime",6.2,good,88,average length movie
2005,Little Fish,"Crime, Drama, Romance",6.2,good,114,long movie
2005,Mouth to Mouth,Drama,6.2,good,103,long movie
2005,Prime,"Comedy, Drama, Romance",6.2,good,105,long movie
2005,Three Dollars,Drama,6.2,good,118,long movie
2008,The Onion Movie,Comedy,6.2,good,86,average length movie
2005,Forty Shades of Blue,"Drama, Music, Romance",6.2,good,108,long movie
2005,Chok-Dee,"Action, Drama",6.2,good,105,long movie
2005,Sky High,"Adventure, Comedy, Family",6.2,good,100,long movie
2006,All the King's Men,"Drama, Thriller",6.2,good,128,long movie
2005,Shut Up and Shoot Me,Comedy,6.2,good,90,average length movie
2005,L'annulaire,Drama,6.2,good,104,long movie
2007,Spider-Man 3,"Action, Sci-Fi",6.2,good,139,long movie
2005,Sulanga Enu Pinisa,Drama,6.2,good,108,long movie
2008,Quid Pro Quo,"Drama, Mystery, Romance",6.2,good,82,average length movie
2005,Wolf Creek,"Horror, Thriller",6.2,good,99,average length movie
2006,Idlewild,"Crime, Drama, Musical",6.2,good,121,long movie
2005,Un año sin amor,"Drama, Romance",6.2,good,102,long movie
2005,Land of the Dead,"Horror, Sci-Fi, Thriller",6.2,good,93,average length movie
2006,Pittsburgh,Comedy,6.2,good,84,average length movie
2005,Sauf le respect que je vous dois,Drama,6.2,good,90,average length movie
2005,The Mostly Unfabulous Social Life of Ethan Green,"Comedy, Romance",6.2,good,88,average length movie
2007,Noise,"Comedy, Crime, Drama",6.2,good,92,average length movie
2005,Sans Kapiyi Kirinca,Comedy,6.2,good,107,long movie
2005,"Sorry, Haters","Drama, Thriller",6.2,good,83,average length movie
2005,Egreti gelin,Drama,6.2,good,100,long movie
2005,Big River,Drama,6.2,good,104,long movie
2005,Cavite,Thriller,6.2,good,80,average length movie
2005,Qi jian,"Action, Adventure, Fantasy",6.2,good,153,long movie
2005,O Casamento de Romeu e Julieta,"Comedy, Romance",6.2,good,90,average length movie
2005,Der Fischer und seine Frau,"Comedy, Drama, Romance",6.2,good,100,long movie
2006,One Night with the King,"Biography, Drama, History",6.2,good,123,long movie
2006,First Snow,"Drama, Thriller",6.2,good,101,long movie
2005,"Quo Vadis, Baby?","Drama, Thriller",6.2,good,102,long movie
2005,Just Friends,"Comedy, Romance",6.2,good,96,average length movie
2006,Il regista di matrimoni,"Drama, Mystery, Romance",6.2,good,97,average length movie
2005,Gabrielle,"Drama, Romance",6.2,good,90,average length movie
2007,The Invisible,"Crime, Drama, Fantasy",6.2,good,102,long movie
2007,Next,"Action, Sci-Fi, Thriller",6.2,good,96,average length movie
2006,Nina's Heavenly Delights,Comedy,6.2,good,94,average length movie
2005,Gas,Drama,6.2,good,112,long movie
2008,Good,"Drama, Romance, War",6.2,good,92,average length movie
2005,Noksaek uija,"Drama, Romance",6.2,good,98,average length movie
2007,Une vieille maîtresse,"Drama, Romance",6.2,good,114,long movie
2005,Four Eyed Monsters,"Comedy, Drama, Fantasy",6.2,good,85,average length movie
2006,Running with Scissors,"Comedy, Drama",6.2,good,116,long movie
2005,Leydi Zi,Drama,6.2,good,96,average length movie
2005,Pryamokhozhdenie,"Drama, Sci-Fi",6.2,good,94,average length movie
2006,Beautiful Dreamer,Drama,6.2,good,90,average length movie
2007,Gracie,"Biography, Drama, Sport",6.2,good,95,average length movie
2006,Enfermés dehors,Comedy,6.2,good,90,average length movie
2005,Le passager,Drama,6.2,good,85,average length movie
2007,Beowulf,"Animation, Action, Adventu",6.2,good,115,long movie
2005,Edmond,"Drama, Thriller",6.2,good,82,average length movie
2005,The Wild Blue Yonder,Sci-Fi,6.2,good,80,average length movie
2006,Fay Grim,"Action, Comedy, Thriller",6.2,good,118,long movie
2006,Civic Duty,"Drama, Thriller",6.2,good,98,average length movie
2009,Knowing,"Action, Drama, Mystery",6.2,good,121,long movie
2008,South of Heaven,"Comedy, Crime",6.2,good,97,average length movie
2005,Bunty Aur Babli,"Comedy, Drama, Romance",6.2,good,170,long movie
2006,Banaras,"Musical, Drama",6.2,good,122,long movie
2007,Zivi i mrtvi,"Fantasy, War, Horror",6.2,good,87,average length movie
2006,As You Like It,"Drama, Comedy, Romance",6.2,good,127,long movie
2010,Mad World,Drama,6.2,good,98,average length movie
2005,My Wife's Murder,"Drama, Mystery, Thriller",6.2,good,103,long movie
2006,Love and Other Disasters,"Comedy, Drama, Romance",6.2,good,90,average length movie
2007,Vacancy,"Horror, Thriller",6.2,good,85,average length movie
2007,TMNT,"Animation, Action, Adventu",6.2,good,87,average length movie
2006,Fair Play,"Action, Drama, Thriller",6.2,good,103,long movie
2005,Lost and Found,"Animation, Drama",6.2,good,99,average length movie
2007,Dead Silence,"Horror, Mystery, Thriller",6.2,good,89,average length movie
2005,Salaam Namaste,"Comedy, Drama, Romance",6.2,good,158,long movie
2005,Rinne,"Horror, Mystery",6.2,good,96,average length movie
2007,Mr. Magorium's Wonder Emporium,"Comedy, Family, Fantasy",6.2,good,93,average length movie
2005,Popsa,"Drama, Musical",6.2,good,111,long movie
2005,The Eyes of Van Gogh,"Biography, Drama",6.2,good,111,long movie
2006,Joy Division,"Drama, War",6.2,good,105,long movie
2006,Mentor,Drama,6.2,good,92,average length movie
2008,Outlander,"Action, Adventure, Fantasy",6.2,good,115,long movie
2006,Zayats nad bezdnoy,Comedy,6.2,good,90,average length movie
2005,Bednye rodstvenniki,"Comedy, Drama",6.2,good,103,long movie
2005,Yeonae-sulsa,"Comedy, Romance",6.2,good,106,long movie
2006,Khottabych,"Adventure, Comedy, Fantasy",6.2,good,92,average length movie
2006,Französisch für Anfänger,"Comedy, Romance",6.2,good,98,average length movie
2005,Pavee Lackeen: The Traveller Girl,Drama,6.2,good,88,average length movie
2008,The Leap Years,Romance,6.2,good,103,long movie
2007,Gympl,"Comedy, Crime, Drama",6.2,good,105,long movie
2005,To oneiro tou skylou,Fantasy,6.2,good,90,average length movie
2005,Elsk meg i morgen,"Comedy, Drama, Romance",6.2,good,90,average length movie
2006,Coffee Date,"Comedy, Romance",6.2,good,91,average length movie
2005,Saints-Martyrs-des-Damnés,"Drama, Horror, Mystery",6.2,good,115,long movie
2005,En la cama,Drama,6.2,good,85,average length movie
2006,A Lobster Tale,"Drama, Family, Fantasy",6.2,good,95,average length movie
2007,Für den unbekannten Hund,Drama,6.2,good,107,long movie
2005,Tokyo Tower,"Drama, Romance",6.2,good,125,long movie
2006,Beyza'nin Kadinlari,"Crime, Drama, Mystery",6.2,good,137,long movie
2005,Aupa Etxebeste!,Comedy,6.2,good,97,average length movie
2005,Diário de Um Novo Mundo,Drama,6.2,good,94,average length movie
2005,A New Day in Old Sana'a,"Drama, Romance",6.2,good,83,average length movie
2007,Rogue,"Action, Adventure, Drama",6.2,good,99,average length movie
2006,Tachiguishi retsuden,"Animation, Comedy, Drama",6.2,good,104,long movie
2006,Het zwijgen,Mystery,6.2,good,90,average length movie
2006,Ji quan bu ning,"Comedy, Drama",6.2,good,106,long movie
2006,La rage de l'ange,Drama,6.2,good,107,long movie
2007,De unge år: Erik Nietzsche sagaen del 1,"Biography, Comedy, Drama",6.2,good,91,average length movie
2008,The Strangers,"Horror, Mystery, Thriller",6.2,good,86,average length movie
2006,Lung foo moon,"Action, Drama, Fantasy",6.2,good,94,average length movie
2006,Man of the Year,"Comedy, Drama, Romance",6.2,good,115,long movie
2006,One Way,Thriller,6.2,good,116,long movie
2006,The Lather Effect,"Comedy, Drama",6.2,good,95,average length movie
2007,The Speed of Life,Drama,6.2,good,85,average length movie
2006,Bonneville,"Comedy, Drama",6.2,good,93,average length movie
2006,Cages,"Drama, Romance",6.2,good,86,average length movie
2006,Kisik Ateste 15 Dakika,"Comedy, Drama",6.2,good,90,average length movie
2007,My Name Is Bruce,"Comedy, Fantasy, Horror",6.2,good,84,average length movie
2007,The Nanny Diaries,"Comedy, Drama, Romance",6.2,good,106,long movie
2006,Saw III,"Horror, Mystery, Thriller",6.2,good,108,long movie
2005,Tatchi,"Drama, Romance, Sport",6.2,good,116,long movie
2007,Big Stan,"Action, Comedy",6.2,good,105,long movie
2006,Grandhotel,Comedy,6.2,good,97,average length movie
2006,Long-Term Relationship,"Comedy, Drama, Romance",6.2,good,97,average length movie
2007,Choose Connor,Drama,6.2,good,109,long movie
2006,Om Gud vill,"Drama, Romance",6.2,good,87,average length movie
2009,The Countess,"Biography, Drama, History",6.2,good,98,average length movie
2006,Close to You,Romance,6.2,good,110,long movie
2005,Barrio Cuba,Drama,6.2,good,105,long movie
2006,Day Night Day Night,"Crime, Drama, Thriller",6.2,good,94,average length movie
2007,War,"Action, Thriller",6.2,good,103,long movie
2006,Den enskilde medborgaren,Comedy,6.2,good,104,long movie
2006,Eum-lan-seo-seng,"Comedy, Drama, Romance",6.2,good,142,long movie
2006,Sukob,"Drama, Horror, Thriller",6.2,good,110,long movie
2006,Chalk,"Comedy, Drama",6.2,good,85,average length movie
2007,Lovely by Surprise,"Comedy, Drama",6.2,good,98,average length movie
2007,La question humaine,"Drama, History, Music",6.2,good,143,long movie
2006,Qui m'aime me suive,Comedy,6.2,good,100,long movie
2007,El pasado,"Drama, Romance",6.2,good,114,long movie
2007,Madonnen,Drama,6.2,good,125,long movie
2007,The Last Mimzy,"Drama, Family, Sci-Fi",6.2,good,90,average length movie
2006,Escort,Thriller,6.2,good,100,long movie
2007,Aoki Ôkami: chi hate umi tsukiru made,"Action, Adventure, Drama",6.2,good,136,long movie
2010,Night Catches Us,"Drama, Romance",6.2,good,90,average length movie
2006,Romangseu,Romance,6.2,good,106,long movie
2005,Amnesia: The James Brighton Enigma,Drama,6.2,good,90,average length movie
2008,Ong Bak 2,Action,6.2,good,98,average length movie
2007,Bill,"Comedy, Drama",6.2,good,93,average length movie
2008,Diamonds and Guns,Comedy,6.2,good,71,average length movie
2007,Tous à l'Ouest: Une aventure de Lucky Luke,"Animation, Adventure, Come",6.2,good,90,average length movie
2006,Sugar & spice: Fûmi zekka,"Drama, Romance",6.2,good,125,long movie
2009,Case 39,"Horror, Mystery, Thriller",6.2,good,109,long movie
2006,Dirty Laundry,"Comedy, Drama, Romance",6.2,good,100,long movie
2006,Eating Out 2: Sloppy Seconds,"Comedy, Romance",6.2,good,79,average length movie
2006,Midnight Clear,Drama,6.2,good,103,long movie
2006,Kariseuma talchulgi,Comedy,6.2,good,100,long movie
2007,The Tracey Fragments,Drama,6.2,good,77,average length movie
2007,Married Life,"Crime, Drama, Romance",6.2,good,91,average length movie
2005,Kaidan Shin Mimibukuro: Yûrei manshon,Horror,6.2,good,93,average length movie
2006,Fantasma,Drama,6.2,good,63,average length movie
2006,Chekeraccho!!,"Drama, Musical",6.2,good,117,long movie
2006,Hatsukoi,"Crime, Drama, Romance",6.2,good,114,long movie
2007,Una novia errante,Drama,6.2,good,85,average length movie
2007,Frontière(s),Horror,6.2,good,108,long movie
2007,La tête de maman,Drama,6.2,good,95,average length movie
2007,Sydney White,"Comedy, Drama, Romance",6.2,good,108,long movie
2007,Lo mejor de mí,Drama,6.2,good,85,average length movie
2008,Lake Mungo,"Drama, Horror, Mystery",6.2,good,87,average length movie
2007,Riparo,"Drama, Romance",6.2,good,98,average length movie
2008,Shoot First and Pray You Live (Because Luck Has Not,"Action, Adventure, Western",6.2,good,110,long movie
2007,The Blood Shed,Horror,6.2,good,73,average length movie
2006,Tochka,Drama,6.2,good,92,average length movie
2005,Tenshi,"Fantasy, Romance",6.2,good,117,long movie
2006,Underbara älskade,Drama,6.2,good,96,average length movie
2008,Los bastardos,"Crime, Drama, Thriller",6.2,good,90,average length movie
2007,Kaidan,"Drama, Horror, Romance",6.2,good,115,long movie
2007,Den man älskar,Drama,6.2,good,92,average length movie
2006,Trair e Coçar é Só Começar,Comedy,6.2,good,83,average length movie
2007,Il nascondiglio,"Horror, Mystery, Thriller",6.2,good,100,long movie
2007,Un château en Espagne,"Comedy, Drama",6.2,good,92,average length movie
2007,Batterî,Drama,6.2,good,118,long movie
2008,Untraceable,"Crime, Mystery, Thriller",6.2,good,101,long movie
2008,San guo zhi jian long xie jia,"Action, Drama, History",6.2,good,102,long movie
2006,Nimmermeer,Drama,6.2,good,63,average length movie
2008,Dream Boy,"Drama, Romance",6.2,good,88,average length movie
2007,M,"Crime, Drama, Mystery",6.2,good,110,long movie
2007,Ci qing,"Drama, Romance",6.2,good,94,average length movie
2007,Lions for Lambs,"Crime, Drama, Mystery",6.2,good,92,average length movie
2006,Tin heng tse,"Action, Crime, Drama",6.2,good,118,long movie
2007,Freigesprochen,Drama,6.2,good,96,average length movie
2009,White on Rice,Comedy,6.2,good,83,average length movie
2008,Franklyn,"Drama, Fantasy, Sci-Fi",6.2,good,98,average length movie
2006,Kuntilanak,Horror,6.2,good,93,average length movie
2007,Leroy,"Comedy, Drama, Romance",6.2,good,89,average length movie
2008,An American Affair,Drama,6.2,good,93,average length movie
2007,Iyi Seneler Londra,Drama,6.2,good,90,average length movie
2007,Sukiyaki Western Django,"Action, Western",6.2,good,121,long movie
2007,Luz de domingo,Drama,6.2,good,107,long movie
2007,Young People Fucking,"Comedy, Drama, Romance",6.2,good,87,average length movie
2006,Yun shui yao,"Drama, Romance, War",6.2,good,117,long movie
2006,Avrora,Drama,6.2,good,107,long movie
2006,Joong-cheon,"Action, Adventure, Drama",6.2,good,105,long movie
2008,Lezione 21,Drama,6.2,good,92,average length movie
2008,El viaje de Teo,"Adventure, Drama",6.2,good,99,average length movie
2008,Les liens du sang,"Action, Crime, Drama",6.2,good,106,long movie
2006,Ane-eui aein-eul mannada,Drama,6.2,good,92,average length movie
2007,Tsukigami,"Comedy, Fantasy",6.2,good,107,long movie
2008,Ljubav i drugi zlocini,"Comedy, Drama, Romance",6.2,good,106,long movie
2007,Sanky Panky,"Comedy, Musical",6.2,good,110,long movie
2007,Pachaikili Muthucharam,"Action, Thriller",6.2,good,147,long movie
2007,The Passage,"Drama, Thriller",6.2,good,95,average length movie
2006,Ores koinis isyhias,"Drama, Romance",6.2,good,86,average length movie
2007,Kim-gwanjang dae Kim-gwanjang dae Kim-gwanjang,"Action, Comedy",6.2,good,97,average length movie
2007,Ryû ga gotoku: Gekijô-ban,"Action, Crime, Drama",6.2,good,110,long movie
2007,Dhol,"Comedy, Crime, Mystery",6.2,good,145,long movie
2008,Cortex,"Crime, Mystery, Thriller",6.2,good,105,long movie
2008,La jeune fille et les loups,"Drama, Family",6.2,good,110,long movie
2008,Lady Jane,"Crime, Drama, Thriller",6.2,good,104,long movie
2008,I demoni di San Pietroburgo,"Biography, Drama",6.2,good,118,long movie
2008,No me pidas que te bese porque te besaré,Comedy,6.2,good,95,average length movie
2008,The Narrows,"Crime, Drama, Thriller",6.2,good,106,long movie
2008,Palermo Shooting,Drama,6.2,good,124,long movie
2009,Singularidades de uma Rapariga Loura,"Drama, Romance",6.2,good,64,average length movie
2007,Deserto Feliz,Drama,6.2,good,92,average length movie
2008,The Sisterhood of the Traveling Pants 2,"Comedy, Drama, Romance",6.2,good,119,long movie
2007,Ye. leung heun,Drama,6.2,good,90,average length movie
2008,Assassination of a High School President,"Comedy, Crime, Mystery",6.2,good,93,average length movie
2008,Fuera de carta,"Comedy, Romance",6.2,good,111,long movie
2008,Step Up 2: The Streets,"Drama, Music, Romance",6.2,good,98,average length movie
2010,Wall Street: Money Never Sleeps,Drama,6.2,good,133,long movie
2008,I Know You Know,Drama,6.2,good,81,average length movie
2009,Das Vaterspiel,Drama,6.2,good,117,long movie
2008,The Rocker,"Comedy, Music",6.2,good,102,long movie
2007,Frei nach Plan,"Comedy, Drama",6.2,good,90,average length movie
2009,The Immaculate Conception of Little Dizzle,"Comedy, Drama",6.2,good,104,long movie
2007,Call Girl,"Crime, Drama, Thriller",6.2,good,145,long movie
2008,The Other End of the Line,"Comedy, Drama, Romance",6.2,good,106,long movie
2008,Casi divas,"Comedy, Musical",6.2,good,107,long movie
2008,Kandidaten,Thriller,6.2,good,90,average length movie
2007,O Estado do Mundo,Drama,6.2,good,105,long movie
2008,8th Wonderland,"Drama, Thriller",6.2,good,94,average length movie
2008,De la guerre,"Comedy, Drama, War",6.2,good,130,long movie
2007,Lezioni di cioccolato,Comedy,6.2,good,99,average length movie
2008,Affaire de famille,"Comedy, Crime",6.2,good,80,average length movie
2007,Apna Asmaan,"Drama, Sci-Fi",6.2,good,110,long movie
2008,Sanguepazzo,"Biography, Drama",6.2,good,148,long movie
2008,Supravietuitorul,Crime,6.2,good,106,long movie
2008,Scusa ma ti chiamo amore,Romance,6.2,good,103,long movie
2008,Cenizas del cielo,Drama,6.2,good,96,average length movie
2010,Pusher,"Action, Crime, Drama",6.2,good,107,long movie
2007,Vnuk Gagarina,Comedy,6.2,good,85,average length movie
2008,Pánik,"Comedy, Drama, Romance",6.2,good,94,average length movie
2007,El rey de la montaña,Thriller,6.2,good,90,average length movie
2007,The Great Indian Butterfly,Drama,6.2,good,110,long movie
2006,Foul Gesture,"Comedy, Crime, Drama",6.2,good,100,long movie
2007,Chaiya,"Action, Drama",6.2,good,116,long movie
2008,Nos 18 ans,"Comedy, Romance",6.2,good,93,average length movie
2008,Fix,Drama,6.2,good,93,average length movie
2008,Growing Op,"Comedy, Drama",6.2,good,100,long movie
2010,Ma nije on takav,Thriller,6.2,good,110,long movie
2008,Affinity,"Drama, Romance",6.2,good,120,long movie
2008,Der rote Punkt,Drama,6.2,good,82,average length movie
2009,Tony,"Drama, Horror, Thriller",6.2,good,76,average length movie
2009,Crank: High Voltage,"Action, Crime, Thriller",6.2,good,96,average length movie
2008,Babi Buta yang Ingin Terbang,Drama,6.2,good,77,average length movie
2008,Three and Out,"Comedy, Drama",6.2,good,106,long movie
2007,Spinnin',"Comedy, Drama, Romance",6.2,good,110,long movie
2010,Takers,"Action, Crime, Thriller",6.2,good,107,long movie
2009,Personal Effects,Drama,6.2,good,106,long movie
2009,La última y nos vamos,Drama,6.2,good,90,average length movie
2008,45 R.P.M.,Drama,6.2,good,91,average length movie
2010,Due vite per caso,Drama,6.2,good,88,average length movie
2008,My Bestfriend's Girlfriend,"Comedy, Drama, Romance",6.2,good,115,long movie
2009,Coyote County Loser,"Comedy, Drama, Romance",6.2,good,92,average length movie
2008,Heaven on Earth,Drama,6.2,good,106,long movie
2009,Bran Nue Dae,"Comedy, Drama, Musical",6.2,good,85,average length movie
2010,The Karate Kid,"Action, Drama, Family",6.2,good,140,long movie
2009,Les herbes folles,"Drama, Romance",6.2,good,104,long movie
2009,Gentlemen Broncos,"Adventure, Comedy, Sci-Fi",6.2,good,89,average length movie
2008,Die Eisbombe,"Comedy, Drama, Romance",6.2,good,92,average length movie
2008,Krishna: The Power of Indrakeeladri,"Action, Comedy, Drama",6.2,good,147,long movie
2008,25 kilates,Thriller,6.2,good,86,average length movie
2009,Chéri,"Comedy, Drama, Romance",6.2,good,100,long movie
2010,Bunraku,"Action, Drama, Fantasy",6.2,good,124,long movie
2008,Bachna Ae Haseeno,"Comedy, Drama, Romance",6.2,good,152,long movie
2009,Princess Ka'iulani,Drama,6.2,good,97,average length movie
2010,Peacock,"Drama, Thriller",6.2,good,90,average length movie
2009,Ex,"Comedy, Romance",6.2,good,120,long movie
2008,Fritt vilt II,"Horror, Thriller",6.2,good,86,average length movie
2007,Geomeun jip,"Horror, Thriller",6.2,good,104,long movie
2010,Step Up 3D,"Drama, Music, Romance",6.2,good,107,long movie
2010,Casino Jack,"Biography, Comedy, Crime",6.2,good,108,long movie
2010,Diary of a Wimpy Kid,"Comedy, Drama, Family",6.2,good,94,average length movie
2009,Harmony and Me,Comedy,6.2,good,75,average length movie
2008,Yat kor ho ba ba,Drama,6.2,good,115,long movie
2009,Dieta mediterránea,Comedy,6.2,good,102,long movie
2007,Woo-ri-dong-ne,"Crime, Mystery, Thriller",6.2,good,112,long movie
2008,Black & White,"Crime, Drama, Thriller",6.2,good,134,long movie
2009,Del amor y otros demonios,Drama,6.2,good,95,average length movie
2009,Die Perlmutterfarbe,"Drama, Family",6.2,good,103,long movie
2009,Diverso da chi?,"Comedy, Romance",6.2,good,100,long movie
2010,London Boulevard,"Crime, Drama",6.2,good,103,long movie
2008,Gaven,Drama,6.2,good,93,average length movie
2009,Endgame,"Drama, History",6.2,good,109,long movie
2009,Slovenka,Drama,6.2,good,90,average length movie
2009,The Nail: The Story of Joey Nardone,Drama,6.2,good,90,average length movie
2008,Élève libre,Drama,6.2,good,105,long movie
2009,Just Peck,"Comedy, Family",6.2,good,90,average length movie
2009,Dance Subaru,Drama,6.2,good,105,long movie
2008,"Yi ban hai shui, yi ban huo yan",Drama,6.2,good,98,average length movie
2007,Peon-chi le-i-di,"Action, Drama, Sport",6.2,good,121,long movie
2008,Trail of Crumbs,Drama,6.2,good,86,average length movie
2009,The Men Who Stare at Goats,"Comedy, War",6.2,good,94,average length movie
2009,Nuummioq,"Drama, Romance",6.2,good,95,average length movie
2009,Journey to Mecca,"Drama, History",6.2,good,45,short movie
2009,El baile de la Victoria,Drama,6.2,good,127,long movie
2009,Jail,Drama,6.2,good,131,long movie
2009,Breaking Upwards,Romance,6.2,good,88,average length movie
2010,The Nothing Men,"Drama, Thriller",6.2,good,83,average length movie
2009,Sankat City,"Comedy, Crime, Drama",6.2,good,120,long movie
2008,From Inside,"Animation, Horror",6.2,good,71,average length movie
2008,Gou-Gou datte neko de aru,Drama,6.2,good,116,long movie
2009,Männerherzen,Comedy,6.2,good,107,long movie
2009,De indiaan,"Adventure, Family",6.2,good,75,average length movie
2008,Story of Jen,"Drama, Mystery",6.2,good,107,long movie
2008,A Erva do Rato,Drama,6.2,good,80,average length movie
2008,Il sangue dei vinti,"Drama, History",6.2,good,108,long movie
2008,Het zusje van Katia,Drama,6.2,good,85,average length movie
2010,Summer Eleven,"Drama, Family",6.2,good,93,average length movie
2008,Weltstadt,Drama,6.2,good,102,long movie
2010,O Estranho Caso de Angélica,"Drama, Fantasy",6.2,good,97,average length movie
2008,Lost Song,Drama,6.2,good,102,long movie
2009,Hangtime - Kein leichtes Spiel,Drama,6.2,good,92,average length movie
2010,Allah Ke Banday,"Action, Crime, Drama",6.2,good,123,long movie
2010,Iep!,"Drama, Family, Fantasy",6.2,good,82,average length movie
2009,Born of Hope,"Action, Adventure, Fantasy",6.2,good,71,average length movie
2009,Zarte Parasiten,"Drama, Romance",6.2,good,87,average length movie
2008,Heruzu enjueruzu,"Animation, Adventure, Come",6.2,good,117,long movie
2009,Erreur de la banque en votre faveur,Comedy,6.2,good,105,long movie
2010,Devil,"Horror, Mystery, Thriller",6.2,good,80,average length movie
2009,Partir,"Drama, Romance",6.2,good,85,average length movie
2009,8 fois debout,Drama,6.2,good,103,long movie
2008,Winterstilte,Drama,6.2,good,70,average length movie
2010,Burke and Hare,"Comedy, Crime, History",6.2,good,91,average length movie
2010,Backlight,"Drama, Mystery, Sci-Fi",6.2,good,90,average length movie
2008,Dal-lyeo-la ja-jeon-geo,"Drama, Romance",6.2,good,88,average length movie
2009,Se min kjole,Drama,6.2,good,85,average length movie
2009,Zerachin shirubâ love,Thriller,6.2,good,87,average length movie
2009,Killer Bean Forever,"Animation, Action, Comedy",6.2,good,85,average length movie
2009,The Combination,Drama,6.2,good,96,average length movie
2009,Villa Amalia,Drama,6.2,good,94,average length movie
2009,Rien de personnel,Drama,6.2,good,90,average length movie
2010,I'm Still Here,"Comedy, Drama, Music",6.2,good,108,long movie
2009,Russia 88,"Crime, Drama",6.2,good,104,long movie
2010,Neke druge price,"Crime, Drama, Romance",6.2,good,114,long movie
2010,Miral,"Drama, History",6.2,good,112,long movie
2010,Macherovgaltis,Drama,6.2,good,108,long movie
2009,Crnci,"Crime, Drama, War",6.2,good,75,average length movie
2009,Manatsu no Orion,"Action, War",6.2,good,120,long movie
2009,Ya,Drama,6.2,good,88,average length movie
2009,Les derniers jours du monde,Sci-Fi,6.2,good,130,long movie
2009,Daniel & Ana,"Drama, Thriller",6.2,good,90,average length movie
2010,Kong Zi,"Biography, Drama, History",6.2,good,125,long movie
2009,Oppai barê,"Comedy, Sport",6.2,good,102,long movie
2008,Golmaal,"Action, Comedy, Romance",6.2,good,145,long movie
2010,Violet Tendencies,"Comedy, Drama, Romance",6.2,good,99,average length movie
2009,Wahed-Sefr,Drama,6.2,good,105,long movie
2009,Amarufi: Megami no hôshû,Drama,6.2,good,125,long movie
2009,Ketabe ghanouin,"Drama, Romance",6.2,good,95,average length movie
2009,Ordinary People,Drama,6.2,good,79,average length movie
2009,Nang mai,"Drama, Fantasy",6.2,good,109,long movie
2009,Amer,"Horror, Thriller",6.2,good,90,average length movie
2010,Prinsessa,"Biography, Drama",6.2,good,104,long movie
2008,Blessed,Drama,6.2,good,83,average length movie
2009,Mai dou xiang dang dang,"Animation, Comedy",6.2,good,80,average length movie
2008,Teureok,"Crime, Thriller",6.2,good,96,average length movie
2010,Lovers of Hate,"Comedy, Drama",6.2,good,93,average length movie
2009,Merah Putih,"Action, Drama, War",6.2,good,108,long movie
2010,Joo-yoo-so-seup-gyeok-sa-geon-too,"Action, Comedy",6.2,good,111,long movie
2009,Saat Pake Bandha,"Action, Drama, Romance",6.2,good,160,long movie
2010,"Tomorrow, When the War Began","Action, Adventure, Drama",6.2,good,103,long movie
2008,Dal-kom-han geo-jit-mal,"Comedy, Romance",6.2,good,113,long movie
2010,Two Gates of Sleep,Drama,6.2,good,78,average length movie
2009,"Hâdo ribenji, Mirî: Buraddi batoru","Action, Drama, Sci-Fi",6.2,good,72,average length movie
2010,Girlfriend,Drama,6.2,good,94,average length movie
2009,Magare! Supûn,Comedy,6.2,good,106,long movie
2009,Teree Sang: A Kidult Love Story,"Drama, Romance",6.2,good,132,long movie
2010,Tamara Drewe,"Comedy, Drama, Romance",6.2,good,107,long movie
2010,Cold Weather,"Comedy, Drama, Mystery",6.2,good,96,average length movie
2009,Josh,"Action, Family",6.2,good,167,long movie
2009,Ketika cinta bertasbih 2,Drama,6.2,good,120,long movie
2010,Eagles in the Chicken Coop,"Comedy, Drama",6.2,good,95,average length movie
2009,Sonhos Roubados,Drama,6.2,good,85,average length movie
2009,Ye dian,Comedy,6.2,good,94,average length movie
2010,Le bruit des glaçons,"Comedy, Drama",6.2,good,87,average length movie
2009,Tokkiwa rijeodeu,"Drama, Romance",6.2,good,101,long movie
2009,Jiphaengja,Drama,6.2,good,98,average length movie
2010,Better Mus' Come,"Action, Crime, Drama",6.2,good,104,long movie
2010,La passione,"Comedy, Drama",6.2,good,106,long movie
2010,All My Friends Are Funeral Singers,"Comedy, Drama, Music",6.2,good,84,average length movie
2010,El Gran Vázquez,"Biography, Comedy",6.2,good,106,long movie
2010,Fit,"Drama, Romance",6.2,good,108,long movie
2010,Is It Just Me?,"Comedy, Romance",6.2,good,93,average length movie
2010,Un balcon sur la mer,"Drama, Mystery, Romance",6.2,good,95,average length movie
2010,Douchebag,"Comedy, Drama",6.2,good,81,average length movie
2010,Framily,Drama,6.2,good,96,average length movie
2010,Der letzte Angestellte,Horror,6.2,good,88,average length movie
2010,Planes para mañana,Drama,6.2,good,96,average length movie
2010,In Our Name,Drama,6.2,good,93,average length movie
2010,The Drawn Together Movie: The Movie!,"Animation, Comedy, Mystery",6.2,good,70,average length movie
2010,Bungaku shôjo,"Animation, Comedy, Fantasy",6.2,good,101,long movie
2010,Airiseu: Deo mubi,"Action, Adventure, Drama",6.2,good,125,long movie
2010,Legendary,"Drama, Sport",6.2,good,107,long movie
2010,Tiny Furniture,"Comedy, Drama, Romance",6.2,good,98,average length movie
2010,Varg Veum - Skriften på veggen,Crime,6.2,good,82,average length movie
2010,Pieds nus sur les limaces,Drama,6.2,good,103,long movie
2009,Anubis en de wraak van Arghus,Family,6.2,good,84,average length movie
2010,Shahada,Drama,6.2,good,88,average length movie
2010,Mumu,"Comedy, Drama",6.2,good,95,average length movie
2008,Na-neun Heang-bok-hab-ni-da,Drama,6.2,good,113,long movie
2010,Fyra år till,"Comedy, Drama, Romance",6.2,good,87,average length movie
2010,Kto ya?,"Drama, Mystery",6.2,good,98,average length movie
2010,Foh lung,"Action, Crime, Mystery",6.2,good,106,long movie
2010,Littlerock,Drama,6.2,good,83,average length movie
2010,Sul mare,Comedy,6.2,good,100,long movie
2008,Jayam Kondaan,"Action, Romance",6.2,good,145,long movie
2010,Igualita a mi,Comedy,6.2,good,108,long movie
2010,Des filles en noir,Drama,6.2,good,85,average length movie
2010,Les mains en l'air,Drama,6.2,good,90,average length movie
2010,Todos vós sodes capitáns,Drama,6.2,good,78,average length movie
2010,WebSiteStory,"Action, Drama",6.2,good,82,average length movie
2010,Notre jour viendra,Drama,6.2,good,90,average length movie
2010,Be-seu-teu-sel-leo,"Horror, Mystery, Thriller",6.2,good,117,long movie
2010,La chance de ma vie,"Comedy, Romance",6.2,good,87,average length movie
2010,Zomblies,"Action, Drama, Horror",6.2,good,50,short movie
2010,Attenberg,Drama,6.2,good,97,average length movie
2010,Wir sind die Nacht,"Drama, Fantasy, Horror",6.2,good,99,average length movie
2010,García,"Comedy, Drama",6.2,good,97,average length movie
2010,Saç,Drama,6.2,good,120,long movie
2010,Qui a envie d'être aimé?,Drama,6.2,good,89,average length movie
2010,Viva Riva!,"Crime, Drama, Thriller",6.2,good,98,average length movie
2010,Zhao shi gu er,"Drama, History",6.2,good,122,long movie
2010,Como Esquecer,Drama,6.2,good,100,long movie
2010,Va: Quarter Cutting,Comedy,6.2,good,130,long movie
2010,Dui Prithibi,Drama,6.2,good,150,long movie
2010,Josh,Action,6.2,good,160,long movie
2010,Takumi-kun Series: Pure,"Drama, Romance",6.2,good,79,average length movie
2010,Satisfaktsiya,Drama,6.2,good,93,average length movie
2010,Do Not Forget Me Istanbul,Drama,6.2,good,113,long movie
2010,Boolryang Namnyeo,"Comedy, Romance",6.2,good,108,long movie
2010,Kwijeu Wang,Comedy,6.2,good,121,long movie
2010,Cho-neung-ryeok-ja,"Action, Sci-Fi, Thriller",6.2,good,100,long movie
2010,Kshanbhar Vishranti,Family,6.2,good,159,long movie
2008,Nu Hon Than Chet,"Comedy, Romance",6.2,good,93,average length movie
2009,Itaewon salinsageon,"Crime, Mystery, Thriller",6.2,good,100,long movie
2007,Kharej ala el kanoun,"Crime, Drama",6.2,good,113,long movie
2009,Rózsaszín sajt,"Comedy, Drama",6.1,good,93,average length movie
2005,Ripley Under Ground,"Crime, Drama, Thriller",6.1,good,101,long movie
2007,Along the Way,Drama,6.1,good,111,long movie
2006,Open Window,Drama,6.1,good,97,average length movie
2005,Asylum,"Drama, Romance, Thriller",6.1,good,99,average length movie
2005,The Game of Their Lives,"Drama, History, Sport",6.1,good,101,long movie
2005,San wa,"Action, Adventure, Comedy",6.1,good,122,long movie
2008,Indiana Jones and the Kingdom of the Crystal Skull,"Action, Adventure",6.1,good,122,long movie
2005,Americano,"Comedy, Romance",6.1,good,95,average length movie
2005,Fun with Dick and Jane,"Comedy, Crime",6.1,good,90,average length movie
2007,Halloween,Horror,6.1,good,109,long movie
2005,Vida y color,Drama,6.1,good,90,average length movie
2005,Colour Me Kubrick: A True...ish Story,"Comedy, Drama",6.1,good,86,average length movie
2006,Kruistocht in spijkerbroek,"Adventure, Family, Fantasy",6.1,good,125,long movie
2007,The Golden Compass,"Adventure, Family, Fantasy",6.1,good,113,long movie
2007,Bee Movie,"Animation, Adventure, Come",6.1,good,91,average length movie
2006,I Want Someone to Eat Cheese With,"Comedy, Romance",6.1,good,80,average length movie
2006,Le temps des porte-plumes,Drama,6.1,good,94,average length movie
2006,Alatriste,"Adventure, Drama, History",6.1,good,145,long movie
2005,Maman Last Call,"Drama, Comedy",6.1,good,96,average length movie
2008,The Secret of Moonacre,"Adventure, Family, Fantasy",6.1,good,103,long movie
2006,Open Season,"Animation, Adventure, Come",6.1,good,86,average length movie
2006,Bumer: Film vtoroy,"Crime, Drama",6.1,good,110,long movie
2007,Gardener of Eden,"Comedy, Drama",6.1,good,88,average length movie
2005,Roll Bounce,"Comedy, Drama, Music",6.1,good,112,long movie
2005,Solkongen,"Comedy, Drama",6.1,good,86,average length movie
2005,Zathura: A Space Adventure,"Action, Adventure, Comedy",6.1,good,101,long movie
2005,Our Very Own,Drama,6.1,good,106,long movie
2005,The Sisters,Drama,6.1,good,113,long movie
2009,1,"Sci-Fi, Thriller",6.1,good,91,average length movie
2005,Marock,"Drama, Romance",6.1,good,105,long movie
2005,American Gun,Drama,6.1,good,95,average length movie
2005,Crazylove,"Comedy, Drama, Romance",6.1,good,95,average length movie
2006,Little Fugitive,Drama,6.1,good,89,average length movie
2005,Mi nismo andjeli 2,Comedy,6.1,good,89,average length movie
2005,Chromophobia,Drama,6.1,good,136,long movie
2005,Ronda nocturna,Drama,6.1,good,81,average length movie
2008,The Tale of Despereaux,"Animation, Adventure, Come",6.1,good,93,average length movie
2005,Zerophilia,"Comedy, Romance",6.1,good,90,average length movie
2005,Kombat Sechzehn,Drama,6.1,good,96,average length movie
2005,Douches froides,Drama,6.1,good,102,long movie
2005,Frágiles,"Horror, Mystery, Thriller",6.1,good,101,long movie
2009,Güz Sancisi,Drama,6.1,good,112,long movie
2005,Guernsey,Drama,6.1,good,90,average length movie
2006,Wild Tigers I Have Known,Drama,6.1,good,88,average length movie
2005,Steget efter,"Crime, Mystery, Thriller",6.1,good,101,long movie
2005,L'uomo perfetto,Comedy,6.1,good,95,average length movie
2005,Oculto,Drama,6.1,good,125,long movie
2005,Peindre ou faire l'amour,Drama,6.1,good,100,long movie
2009,Leningrad,"Drama, War",6.1,good,110,long movie
2006,Flicka,"Adventure, Drama, Family",6.1,good,95,average length movie
2005,Jing mo gaa ting,"Action, Comedy",6.1,good,102,long movie
2005,The Adventures of Greyfriars Bobby,"Adventure, Family, History",6.1,good,104,long movie
2005,The League of Gentlemen's Apocalypse,"Comedy, Fantasy, Horror",6.1,good,91,average length movie
2005,High School Record,Comedy,6.1,good,89,average length movie
2007,All the Days Before Tomorrow,"Comedy, Drama, Romance",6.1,good,100,long movie
2005,The Headsman,Drama,6.1,good,115,long movie
2008,Restraint,"Drama, Thriller",6.1,good,94,average length movie
2006,O Jerusalem,"Drama, History",6.1,good,100,long movie
2005,Film Geek,Comedy,6.1,good,78,average length movie
2006,The Sentinel,"Action, Crime, Thriller",6.1,good,108,long movie
2005,Stiilipidu,"Comedy, Drama",6.1,good,110,long movie
2007,Neues vom Wixxer,"Comedy, Crime, Mystery",6.1,good,98,average length movie
2005,Harb Atalia,"Action, Comedy, Romance",6.1,good,110,long movie
2006,Offset,"Comedy, Drama",6.1,good,110,long movie
2005,Een ander zijn geluk,Drama,6.1,good,98,average length movie
2005,Camarón,"Biography, Drama, Musical",6.1,good,119,long movie
2006,Se Eu Fosse Você,Comedy,6.1,good,108,long movie
2006,Kabhi Alvida Naa Kehna,"Drama, Romance",6.1,good,193,epic movie
2006,Blind Dating,"Comedy, Romance",6.1,good,95,average length movie
2005,Sakigake!! Kuromati Kôkô: The Movie,Comedy,6.1,good,85,average length movie
2005,Liebes Spiel,Drama,6.1,good,86,average length movie
2006,The Groomsmen,"Comedy, Drama, Music",6.1,good,98,average length movie
2008,Os Desafinados,"Drama, Musical",6.1,good,139,long movie
2005,Kyaa Kool Hai Hum,"Comedy, Mystery",6.1,good,172,long movie
2007,"Ma fille, mon ange","Crime, Drama, Thriller",6.1,good,85,average length movie
2006,Come Early Morning,"Drama, Romance",6.1,good,97,average length movie
2006,Right at Your Door,"Drama, Sci-Fi, Thriller",6.1,good,96,average length movie
2007,Eklavya,"Action, Drama, Thriller",6.1,good,105,long movie
2005,Kilomètre zéro,"Comedy, Drama, War",6.1,good,91,average length movie
2006,Svolochi,"Action, Drama, War",6.1,good,97,average length movie
2007,The Moon and the Stars,"Drama, Romance, War",6.1,good,102,long movie
2005,Oktoberfest,Crime,6.1,good,120,long movie
2006,Cut Sleeve Boys,"Comedy, Romance",6.1,good,86,average length movie
2006,Everything's Gone Green,"Comedy, Crime",6.1,good,95,average length movie
2006,Poultrygeist: Night of the Chicken Dead,"Comedy, Horror, Musical",6.1,good,103,long movie
2005,La mujer de mi hermano,Drama,6.1,good,89,average length movie
2008,The Lazarus Project,"Drama, Mystery, Thriller",6.1,good,100,long movie
2008,The Cottage,"Comedy, Crime, Horror",6.1,good,92,average length movie
2007,Four Last Songs,"Comedy, Drama, Music",6.1,good,110,long movie
2005,Omiros,"Crime, Drama, Thriller",6.1,good,105,long movie
2009,Push,"Action, Adventure, Crime",6.1,good,111,long movie
2006,Wilderness,Horror,6.1,good,93,average length movie
2007,Midsummer Madness,"Comedy, Drama, Romance",6.1,good,94,average length movie
2006,ATL,"Comedy, Crime, Drama",6.1,good,105,long movie
2005,Kôshônin: Mashita Masayoshi,Action,6.1,good,127,long movie
2006,The Last Time,"Comedy, Drama, Thriller",6.1,good,96,average length movie
2007,Good Time Max,Drama,6.1,good,79,average length movie
2005,Africa United,"Comedy, Sport",6.1,good,80,average length movie
2006,Bug,"Drama, Thriller",6.1,good,102,long movie
2007,The Dukes,"Comedy, Crime, Drama",6.1,good,96,average length movie
2007,Home of the Giants,"Crime, Drama, Sport",6.1,good,104,long movie
2009,The Tournament,"Action, Thriller",6.1,good,95,average length movie
2005,American Visa,"Crime, Drama, Romance",6.1,good,100,long movie
2005,Gisela,Drama,6.1,good,87,average length movie
2005,Ark,"Animation, Action, Drama",6.1,good,84,average length movie
2007,Las vidas posibles,"Mystery, Romance",6.1,good,80,average length movie
2007,Pride,"Drama, Sport",6.1,good,104,long movie
2006,Broken Bridges,"Drama, Music",6.1,good,105,long movie
2005,Crime Delicado,Drama,6.1,good,87,average length movie
2006,WWW: What a Wonderful World,"Comedy, Thriller",6.1,good,99,average length movie
2005,Mi-seu-teo joo-boo-kwi-jeu-wang,Comedy,6.1,good,107,long movie
2005,Mai + come prima,Drama,6.1,good,106,long movie
2006,Kokoda,"Action, Drama, War",6.1,good,92,average length movie
2006,Los Borgia,"Biography, History",6.1,good,120,long movie
2007,Sultanes del Sur,"Action, Crime, Drama",6.1,good,95,average length movie
2006,Köld slóð,"Drama, Mystery, Thriller",6.1,good,99,average length movie
2005,A Life in Suitcases,Drama,6.1,good,120,long movie
2007,Out at the Wedding,"Comedy, Romance",6.1,good,96,average length movie
2007,Expired,"Comedy, Drama, Romance",6.1,good,107,long movie
2008,The Oxford Murders,"Crime, Mystery, Thriller",6.1,good,104,long movie
2008,Jumper,"Action, Adventure, Sci-Fi",6.1,good,88,average length movie
2005,Ching yi ngor sum gi,"Comedy, Drama",6.1,good,95,average length movie
2006,Ça brûle,Drama,6.1,good,111,long movie
2007,The Game Plan,"Comedy, Family, Sport",6.1,good,110,long movie
2005,Eu Me Lembro,Drama,6.1,good,108,long movie
2007,Badland,Drama,6.1,good,165,long movie
2008,Inkheart,"Adventure, Family, Fantasy",6.1,good,106,long movie
2006,The Hottest State,"Drama, Music, Romance",6.1,good,117,long movie
2005,Mun mot mun,Drama,6.1,good,94,average length movie
2005,"Mi abuelo, mi papá y yo","Comedy, Drama, Romance",6.1,good,95,average length movie
2006,Mauvaise foi,"Comedy, Drama",6.1,good,88,average length movie
2006,Gwai wik,"Fantasy, Horror, Mystery",6.1,good,108,long movie
2007,Steel Toes,"Crime, Drama",6.1,good,87,average length movie
2006,Gradually,Drama,6.1,good,80,average length movie
2007,How to Rob a Bank (and 10 Tips to Actually Get Away,"Comedy, Crime, Mystery",6.1,good,81,average length movie
2008,Krabat,"Drama, Fantasy, Thriller",6.1,good,120,long movie
2006,La caja,Comedy,6.1,good,107,long movie
2006,La última mirada,"Drama, Romance",6.1,good,123,long movie
2005,Maxx,"Comedy, Musical",6.1,good,110,long movie
2007,The Signal,"Horror, Sci-Fi, Thriller",6.1,good,103,long movie
2008,Mirrors,"Horror, Mystery",6.1,good,110,long movie
2006,Jin tian de yu zen me yang?,Drama,6.1,good,83,average length movie
2006,Filme da Treta,Comedy,6.1,good,91,average length movie
2006,Bled Number One,Drama,6.1,good,100,long movie
2009,Not Easily Broken,"Drama, Romance",6.1,good,99,average length movie
2006,Úcastníci zájezdu,Comedy,6.1,good,113,long movie
2007,On Broadway,Drama,6.1,good,98,average length movie
2006,Cara de queso 'mi primer ghetto',"Comedy, Drama",6.1,good,90,average length movie
2007,Madrigal,Sci-Fi,6.1,good,112,long movie
2010,13,"Crime, Drama, Thriller",6.1,good,91,average length movie
2007,Skills Like This,Comedy,6.1,good,88,average length movie
2006,Swedish Auto,Drama,6.1,good,97,average length movie
2008,Deception,"Crime, Drama, Mystery",6.1,good,107,long movie
2009,Vorstadtkrokodile,"Adventure, Family",6.1,good,98,average length movie
2008,The Midnight Meat Train,"Horror, Mystery",6.1,good,98,average length movie
2007,My Sexiest Year,"Comedy, Drama",6.1,good,93,average length movie
2006,Cansada de besar sapos,"Comedy, Romance",6.1,good,95,average length movie
2009,A Dog Year,"Comedy, Drama",6.1,good,80,average length movie
2007,Honeymoon Travels Pvt. Ltd.,"Comedy, Drama, Romance",6.1,good,118,long movie
2006,7 ans,Drama,6.1,good,86,average length movie
2007,Suden vuosi,"Drama, Romance",6.1,good,95,average length movie
2006,Vargam,"Action, Crime",6.1,good,142,long movie
2006,Military Intelligence and You!,Comedy,6.1,good,78,average length movie
2007,Ladrones,"Drama, Romance",6.1,good,101,long movie
2006,Tennis no oujisama,Action,6.1,good,111,long movie
2008,Visioneers,"Comedy, Drama, Sci-Fi",6.1,good,94,average length movie
2005,Quarta B,"Comedy, Drama",6.1,good,93,average length movie
2007,Aparecidos,Horror,6.1,good,120,long movie
2006,Quale amore,Drama,6.1,good,97,average length movie
2007,Desamuduru,"Action, Drama",6.1,good,148,long movie
2007,Nadzieja,"Action, Drama, Mystery",6.1,good,101,long movie
2007,The Stone Angel,Drama,6.1,good,115,long movie
2006,Akumu tantei,"Fantasy, Horror, Thriller",6.1,good,106,long movie
2007,Nulevoy kilometr,"Action, Crime, Romance",6.1,good,87,average length movie
2006,Come l'ombra,Drama,6.1,good,87,average length movie
2009,Wonderful World,"Drama, Romance",6.1,good,89,average length movie
2008,Smart People,"Comedy, Drama, Romance",6.1,good,95,average length movie
2006,Obarnata elha,Drama,6.1,good,127,long movie
2007,Far North,"Crime, Drama, Romance",6.1,good,89,average length movie
2007,Emotional Arithmetic,Drama,6.1,good,99,average length movie
2009,Valhalla Rising,"Adventure, Drama, Fantasy",6.1,good,93,average length movie
2006,Mushishi,Fantasy,6.1,good,131,long movie
2006,Mon seung,"Horror, Mystery",6.1,good,85,average length movie
2007,Le dernier gang,Crime,6.1,good,125,long movie
2006,Trick: The Movie 2,"Comedy, Crime, Mystery",6.1,good,111,long movie
2007,La influencia,Drama,6.1,good,84,average length movie
2007,Freischwimmer,Thriller,6.1,good,115,long movie
2006,Nana 2,"Drama, Music, Romance",6.1,good,130,long movie
2008,Niko - lentäjän poika,"Animation, Adventure, Fami",6.1,good,80,average length movie
2008,Sleepwalking,Drama,6.1,good,101,long movie
2010,The Switch,"Comedy, Drama, Romance",6.1,good,101,long movie
2008,Nyugalom,Drama,6.1,good,108,long movie
2008,Halla Bol,"Crime, Drama",6.1,good,142,long movie
2008,Daylight Robbery,"Crime, Drama, Thriller",6.1,good,99,average length movie
2006,Immortal,Action,6.1,good,110,long movie
2007,"Ó Paí, Ó","Comedy, Musical",6.1,good,96,average length movie
2007,Cleaner,"Crime, Mystery, Thriller",6.1,good,88,average length movie
2009,Life Is Hot in Cracktown,"Crime, Drama",6.1,good,99,average length movie
2008,I Sell the Dead,"Comedy, Horror",6.1,good,85,average length movie
2007,Just Buried,"Comedy, Drama",6.1,good,94,average length movie
2006,Il giorno + bello,Comedy,6.1,good,90,average length movie
2007,Ganes,"Biography, Drama, Music",6.1,good,107,long movie
2009,In the Electric Mist,"Crime, Drama, Mystery",6.1,good,117,long movie
2008,L: Change the World,"Crime, Drama, Thriller",6.1,good,129,long movie
2007,Beauty and the Beast: A Latter-Day Tale,"Drama, Romance",6.1,good,91,average length movie
2007,Harvest Moon,Horror,6.1,good,75,average length movie
2008,Le nouveau protocole,"Action, Drama, Mystery",6.1,good,92,average length movie
2007,Janjan,Drama,6.1,good,95,average length movie
2008,Un barrage contre le Pacifique,Drama,6.1,good,115,long movie
2007,Firmin,"Action, Comedy, Drama",6.1,good,97,average length movie
2007,Redacted,"Crime, Thriller, War",6.1,good,90,average length movie
2008,Varg,"Action, Adventure, Drama",6.1,good,95,average length movie
2008,Lakeview Terrace,"Crime, Drama, Thriller",6.1,good,110,long movie
2006,Pushkin: Poslednyaya duel,"Biography, Drama, History",6.1,good,105,long movie
2007,Ein fliehendes Pferd,"Comedy, Drama",6.1,good,92,average length movie
2010,The Killer Inside Me,"Crime, Drama, Horror",6.1,good,109,long movie
2006,Matsugane ransha jiken,"Comedy, Crime, Drama",6.1,good,112,long movie
2007,Max & Co,"Animation, Adventure, Dram",6.1,good,76,average length movie
2008,Tales from the Dead,Horror,6.1,good,90,average length movie
2008,Berlin am Meer,"Drama, Romance",6.1,good,98,average length movie
2008,The Anarchist's Wife,"Drama, History",6.1,good,112,long movie
2010,The Sorcerer's Apprentice,"Action, Adventure, Family",6.1,good,109,long movie
2007,Zukan ni nottenai mushi,Comedy,6.1,good,103,long movie
2008,Det som ingen ved,"Drama, Thriller",6.1,good,99,average length movie
2007,Riza,Drama,6.1,good,109,long movie
2007,Buhera mátrix,Comedy,6.1,good,80,average length movie
2009,Solomon Kane,"Action, Adventure, Crime",6.1,good,104,long movie
2007,Frownland,"Comedy, Drama",6.1,good,106,long movie
2007,Blackbird,Drama,6.1,good,104,long movie
2007,Hotel Meina,"Drama, History",6.1,good,115,long movie
2007,Tocar el cielo,Drama,6.1,good,109,long movie
2008,27 Dresses,"Comedy, Romance",6.1,good,111,long movie
2007,Koi suru madori,"Drama, Romance",6.1,good,113,long movie
2007,Brutal Massacre: A Comedy,Comedy,6.1,good,94,average length movie
2008,Didine,Comedy,6.1,good,103,long movie
2008,Pilgrim's Progress,"Adventure, Fantasy",6.1,good,105,long movie
2007,The Poughkeepsie Tapes,"Horror, Mystery, Thriller",6.1,good,81,average length movie
2008,The Least of These,"Drama, Mystery, Thriller",6.1,good,97,average length movie
2009,True Adolescents,"Comedy, Drama",6.1,good,88,average length movie
2008,Wild Child,"Comedy, Drama, Romance",6.1,good,98,average length movie
2008,Swing Vote,"Comedy, Drama",6.1,good,120,long movie
2008,Birds of America,"Comedy, Drama",6.1,good,85,average length movie
2007,El resultado del amor,"Drama, Romance",6.1,good,94,average length movie
2008,The Errand of Angels,Drama,6.1,good,91,average length movie
2007,Julgamento,"Drama, Thriller",6.1,good,98,average length movie
2008,Splinter,"Horror, Sci-Fi, Thriller",6.1,good,82,average length movie
2008,What Happens in Vegas,"Comedy, Romance",6.1,good,99,average length movie
2009,Die zwei Leben des Daniel Shore,"Crime, Drama, Thriller",6.1,good,95,average length movie
2007,Shoot on Sight,"Crime, Drama, Thriller",6.1,good,110,long movie
2007,The Orange Thief,Comedy,6.1,good,84,average length movie
2007,Lakshyam,"Action, Drama, Romance",6.1,good,164,long movie
2008,Newcastle,"Drama, Romance, Sport",6.1,good,107,long movie
2008,Miracle at St. Anna,"Action, Drama, War",6.1,good,160,long movie
2008,Akumu tantei 2,"Drama, Horror",6.1,good,102,long movie
2007,Oh Happy Day,"Comedy, Drama, Romance",6.1,good,100,long movie
2009,Greta,"Drama, Romance",6.1,good,92,average length movie
2008,La buena nueva,Drama,6.1,good,108,long movie
2010,Habana Eva,"Comedy, Romance",6.1,good,106,long movie
2008,Restless,Drama,6.1,good,100,long movie
2007,Bang bang wo ai shen,Drama,6.1,good,103,long movie
2007,Musallat,"Crime, Fantasy, Horror",6.1,good,95,average length movie
2009,Fired Up!,"Comedy, Sport",6.1,good,90,average length movie
2008,The Rainbow Tribe,"Comedy, Family",6.1,good,90,average length movie
2008,Il mattino ha l'oro in bocca,Comedy,6.1,good,105,long movie
2008,Ying han,"Crime, Drama",6.1,good,95,average length movie
2007,Encarnación,Drama,6.1,good,93,average length movie
2008,Nepobedimyy,Action,6.1,good,121,long movie
2008,Goth,"Crime, Drama, Mystery",6.1,good,95,average length movie
2008,Leaving Barstow,Drama,6.1,good,85,average length movie
2007,Otryv,Drama,6.1,good,83,average length movie
2009,Jusqu'à toi,"Comedy, Romance",6.1,good,80,average length movie
2006,M,Drama,6.1,good,110,long movie
2008,El patio de mi cárcel,Drama,6.1,good,100,long movie
2007,Cemento armato,"Crime, Thriller",6.1,good,102,long movie
2009,The Missing Person,Drama,6.1,good,95,average length movie
2009,The Maiden Heist,"Comedy, Crime",6.1,good,90,average length movie
2008,Fleisch ist mein Gemüse,"Comedy, Drama, Music",6.1,good,97,average length movie
2007,Veðramót,Drama,6.1,good,102,long movie
2009,Accidents Happen,"Comedy, Drama",6.1,good,92,average length movie
2007,O Signo da Cidade,Drama,6.1,good,95,average length movie
2009,Formosa Betrayed,Thriller,6.1,good,103,long movie
2007,Chocolate,"Comedy, Romance",6.1,good,121,long movie
2008,Transporter 3,"Action, Thriller",6.1,good,104,long movie
2010,Sinners and Saints,"Action, Crime, Thriller",6.1,good,104,long movie
2009,Against the Current,Drama,6.1,good,98,average length movie
2008,My Big Love,"Drama, Romance",6.1,good,110,long movie
2007,Medvídek,"Comedy, Drama",6.1,good,98,average length movie
2008,Kakushi toride no san akunin,"Action, Adventure, Drama",6.1,good,118,long movie
2009,Duplicity,"Comedy, Crime, Romance",6.1,good,125,long movie
2008,A Festa da Menina Morta,Drama,6.1,good,115,long movie
2007,Soo,"Action, Drama, Thriller",6.1,good,122,long movie
2009,Stolen Lives,"Crime, Drama, Mystery",6.1,good,91,average length movie
2007,Diorthosi,Drama,6.1,good,87,average length movie
2009,High Life,"Comedy, Crime",6.1,good,80,average length movie
2008,Center Stage: Turn It Up,"Drama, Music, Romance",6.1,good,95,average length movie
2008,Die Geschichte vom Brandner Kaspar,"Comedy, Drama",6.1,good,96,average length movie
2008,Nothing Like the Holidays,"Comedy, Drama, Romance",6.1,good,98,average length movie
2008,Riprendimi,Comedy,6.1,good,93,average length movie
2007,Jigeum sarangha-neun saramgwa salgo issumnika?,"Adventure, Drama",6.1,good,116,long movie
2008,Gekijô ban poketto monsutâ: Daiyamondo & Pâru - Gir,"Animation, Action, Adventu",6.1,good,100,long movie
2009,Pagafantas,Comedy,6.1,good,80,average length movie
2009,A Lonely Place for Dying,"Action, Thriller, War",6.1,good,94,average length movie
2008,A Quiet Little Marriage,Drama,6.1,good,90,average length movie
2008,Istoria 52,"Mystery, Thriller",6.1,good,97,average length movie
2008,A Bunch of Amateurs,Comedy,6.1,good,96,average length movie
2008,8 citas,"Comedy, Romance",6.1,good,95,average length movie
2008,Selbstgespräche,"Comedy, Drama",6.1,good,96,average length movie
2008,Naoko,"Drama, Romance, Sport",6.1,good,120,long movie
2010,6 Souls,"Horror, Mystery, Thriller",6.1,good,112,long movie
2008,Tôkyô shônen,"Mystery, Romance",6.1,good,95,average length movie
2007,1814,"History, Thriller",6.1,good,95,average length movie
2008,Le piège américain,"Drama, Thriller",6.1,good,110,long movie
2008,Nights and Weekends,"Drama, Romance",6.1,good,80,average length movie
2009,Zion Ve Ahiv,Drama,6.1,good,84,average length movie
2008,Tenure,"Comedy, Drama",6.1,good,89,average length movie
2008,Ngor dik zeoi oi,Romance,6.1,good,101,long movie
2009,Les regrets,"Drama, Romance",6.1,good,104,long movie
2009,Achchamundu! Achchamundu!,"Drama, Thriller",6.1,good,135,long movie
2008,Afterschool,"Drama, Mystery",6.1,good,107,long movie
2008,Insidious,"Drama, Mystery, Romance",6.1,good,96,average length movie
2008,Serbis,"Drama, Romance",6.1,good,87,average length movie
2009,Extract,"Comedy, Crime, Romance",6.1,good,92,average length movie
2008,Nirvana,"Drama, Romance",6.1,good,93,average length movie
2009,De storm,"Action, Drama, History",6.1,good,96,average length movie
2010,Sammy's avonturen: De geheime doorgang,"Animation, Adventure, Fami",6.1,good,88,average length movie
2008,Ai no kotodama,"Drama, Romance",6.1,good,72,average length movie
2009,Billu,"Comedy, Drama",6.1,good,137,long movie
2010,Greenberg,"Comedy, Drama, Romance",6.1,good,107,long movie
2009,Mercy,"Drama, Romance",6.1,good,87,average length movie
2010,Mahler auf der Couch,"Biography, Drama, Romance",6.1,good,98,average length movie
2009,Cendres et sang,Drama,6.1,good,105,long movie
2008,Lang ya,"Action, Romance, Thriller",6.1,good,89,average length movie
2009,36 vues du Pic Saint Loup,"Comedy, Drama",6.1,good,84,average length movie
2008,Three Blind Mice,"Comedy, Drama",6.1,good,94,average length movie
2008,Bank Bang,"Comedy, Crime",6.1,good,97,average length movie
2009,Det enda rationella,Drama,6.1,good,98,average length movie
2010,Rosa Morena,Drama,6.1,good,90,average length movie
2010,Czukor Show,"Comedy, Drama",6.1,good,80,average length movie
2010,Bon appétit,"Drama, Romance",6.1,good,91,average length movie
2010,Habitación en Roma,"Drama, Romance",6.1,good,107,long movie
2008,Links,Drama,6.1,good,83,average length movie
2008,"Ulybka Boga, ili Chisto odesskaya istoriya","Comedy, Fantasy, Romance",6.1,good,127,long movie
2009,The Waiting City,"Drama, Romance",6.1,good,100,long movie
2010,La mosquitera,"Comedy, Drama, Romance",6.1,good,95,average length movie
2010,L'enfance du mal,"Drama, Thriller",6.1,good,90,average length movie
2009,I taket lyser stjärnorna,Drama,6.1,good,90,average length movie
2010,You Are Here,"Drama, Fantasy, Sci-Fi",6.1,good,79,average length movie
2009,Human Zoo,Drama,6.1,good,110,long movie
2009,Artois the Goat,Comedy,6.1,good,110,long movie
2008,Modeon boi,Drama,6.1,good,121,long movie
2010,Shocking Blue,Drama,6.1,good,82,average length movie
2008,Program na winyan akat,"Horror, Thriller",6.1,good,95,average length movie
2010,All About Evil,"Comedy, Horror",6.1,good,98,average length movie
2008,In jeder Sekunde,Drama,6.1,good,104,long movie
2009,Handsome Harry,Drama,6.1,good,94,average length movie
2008,Al-mor wa al rumman,Drama,6.1,good,95,average length movie
2010,Jhootha Hi Sahi,"Comedy, Drama, Romance",6.1,good,142,long movie
2010,Frozen,"Drama, Thriller",6.1,good,93,average length movie
2009,Suck,"Comedy, Horror, Music",6.1,good,91,average length movie
2008,Sorry Bhai!,"Comedy, Drama, Romance",6.1,good,154,long movie
2009,Der Fall des Lemming,"Comedy, Crime",6.1,good,96,average length movie
2009,Guy and Madeline on a Park Bench,"Drama, Musical",6.1,good,82,average length movie
2010,I Am 24,"Comedy, Romance",6.1,good,118,long movie
2009,Normal,"Crime, Drama, Thriller",6.1,good,100,long movie
2007,V ozhidanii chuda,Comedy,6.1,good,97,average length movie
2009,Tung moon,"Action, Crime, Thriller",6.1,good,100,long movie
2009,The Eclipse,"Drama, Horror, Romance",6.1,good,88,average length movie
2009,Francesca,Drama,6.1,good,94,average length movie
2009,Le roi de l'évasion,"Adventure, Comedy",6.1,good,93,average length movie
2009,Bai yin di guo,"Biography, Drama, Family",6.1,good,113,long movie
2009,Tardid,"Drama, Mystery, Romance",6.1,good,131,long movie
2010,Snowmen,"Comedy, Family",6.1,good,86,average length movie
2009,Tutta colpa di Giuda,"Comedy, Musical",6.1,good,102,long movie
2009,Carried Away,Drama,6.1,good,102,long movie
2008,Gölge,Drama,6.1,good,115,long movie
2009,Las viudas de los jueves,"Crime, Drama, Mystery",6.1,good,122,long movie
2009,Yong jiu ju liu,"Drama, Romance",6.1,good,115,long movie
2009,Gokusen: The Movie,"Comedy, Drama",6.1,good,118,long movie
2009,Wrong Turn at Tahoe,"Action, Crime, Drama",6.1,good,91,average length movie
2009,Grown Up Movie Star,Drama,6.1,good,95,average length movie
2010,Jud Süss - Film ohne Gewissen,"Biography, Drama, War",6.1,good,114,long movie
2010,Alting bliver godt igen,"Drama, Thriller",6.1,good,90,average length movie
2009,Otra película de huevos y un pollo,"Animation, Action, Adventu",6.1,good,90,average length movie
2010,For Colored Girls,Drama,6.1,good,133,long movie
2008,Surrogate,Drama,6.1,good,57,short movie
2010,Il padre e lo straniero,Drama,6.1,good,110,long movie
2009,El arriero,Drama,6.1,good,93,average length movie
2009,Navidad,"Drama, Romance",6.1,good,99,average length movie
2009,La dame de trèfle,"Crime, Drama",6.1,good,99,average length movie
2010,Nanny McPhee and the Big Bang,"Comedy, Family, Fantasy",6.1,good,109,long movie
2010,Provinces of Night,"Drama, Romance",6.1,good,105,long movie
2009,Skazka pro temnotu,Drama,6.1,good,72,average length movie
2009,Superstar,Drama,6.1,good,103,long movie
2009,All the Best: Fun Begins,"Action, Comedy, Drama",6.1,good,144,long movie
2010,Le mac,"Comedy, Crime",6.1,good,90,average length movie
2010,Europolis,Drama,6.1,good,98,average length movie
2008,Rozygrysh,Drama,6.1,good,84,average length movie
2009,Urutora mirakuru rabu sutôrî,Drama,6.1,good,120,long movie
2009,Joi sun ho,"Drama, Fantasy",6.1,good,85,average length movie
2010,Sensation,Comedy,6.1,good,107,long movie
2010,A Bela e o Paparazzo,"Comedy, Romance",6.1,good,106,long movie
2009,U zemlji cudesa,Drama,6.1,good,93,average length movie
2009,Ljubavni zivot domobrana,Comedy,6.1,good,95,average length movie
2010,Mammuth,"Comedy, Drama",6.1,good,92,average length movie
2010,Space Battleship Yamato,"Action, Adventure, Drama",6.1,good,138,long movie
2009,La reine des pommes,"Comedy, Drama, Musical",6.1,good,84,average length movie
2009,"Non ma fille, tu n'iras pas danser",Drama,6.1,good,105,long movie
2009,Ruzhaye sabz,Drama,6.1,good,73,average length movie
2009,Veselchaki,Comedy,6.1,good,96,average length movie
2010,Griff the Invisible,"Comedy, Drama, Romance",6.1,good,90,average length movie
2010,Bo,Drama,6.1,good,100,long movie
2009,Em Teu Nome,Drama,6.1,good,100,long movie
2009,Oggi sposi,"Comedy, Romance",6.1,good,118,long movie
2010,Sus,Drama,6.1,good,91,average length movie
2009,Handlarz cudów,Drama,6.1,good,107,long movie
2010,Sevdah za Karima,Drama,6.1,good,95,average length movie
2010,Snowman's Land,"Comedy, Crime",6.1,good,95,average length movie
2009,Neseli Hayat,Comedy,6.1,good,100,long movie
2009,Billa,"Action, Romance, Thriller",6.1,good,149,long movie
2010,Beyond the Black Rainbow,"Horror, Sci-Fi, Thriller",6.1,good,110,long movie
2010,Figli delle stelle,"Comedy, Crime",6.1,good,102,long movie
2009,Deu suay doo,"Action, Romance",6.1,good,112,long movie
2007,Saek-jeuk-shi-gong-ssi-zeun-too,"Comedy, Drama, Romance",6.1,good,115,long movie
2009,Insadong seukaendeul,"Crime, Drama, Thriller",6.1,good,109,long movie
2010,El atentado,"Drama, History, War",6.1,good,120,long movie
2010,Essential Killing,"Thriller, War",6.1,good,83,average length movie
2010,Ranbô to taiki,Drama,6.1,good,97,average length movie
2010,Raiou,Romance,6.1,good,133,long movie
2010,Kajínek,"Action, Crime, Drama",6.1,good,118,long movie
2010,Elena Undone,"Drama, Romance",6.1,good,111,long movie
2010,Eva y Lola,"Drama, Music, Romance",6.1,good,87,average length movie
2010,Revolución,Drama,6.1,good,105,long movie
2010,Miss Tacuarembó,"Comedy, Drama, Musical",6.1,good,92,average length movie
2010,Tout ce qui brille,Comedy,6.1,good,100,long movie
2007,Dong-gab-nae-gi-gwawe-ha-gi-le-sseun-too,"Comedy, Romance",6.1,good,125,long movie
2010,Yüregine Sor,"Drama, Romance",6.1,good,115,long movie
2010,Twisted Seduction,"Comedy, Romance, Thriller",6.1,good,85,average length movie
2010,The Happy Poet,"Comedy, Drama, Romance",6.1,good,85,average length movie
2010,A Christmas Snow,"Comedy, Drama, Family",6.1,good,110,long movie
2010,Dârin wa gaikokujin,Comedy,6.1,good,100,long movie
2010,Muumi ja punainen pyrstötähti,"Animation, Adventure, Fami",6.1,good,75,average length movie
2010,Kolysanka,"Comedy, Horror",6.1,good,95,average length movie
2010,Trigger,Drama,6.1,good,83,average length movie
2010,Siyah Beyaz,Drama,6.1,good,90,average length movie
2010,En waar de sterre bleef stille staan,Drama,6.1,good,73,average length movie
2010,Chantrapas,Drama,6.1,good,122,long movie
2010,Daayen Ya Baayen,"Comedy, Drama, Family",6.1,good,115,long movie
2010,Punane elavhõbe,"Crime, Drama, History",6.1,good,86,average length movie
2010,Kavsak,Drama,6.1,good,95,average length movie
2010,Hitganvut Yehidim,Drama,6.1,good,120,long movie
2010,Notizie degli scavi,Drama,6.1,good,89,average length movie
2010,Sik-gaek: Kim-chi-jeon-jaeng,Comedy,6.1,good,119,long movie
2010,Mon pote,"Comedy, Crime, Drama",6.1,good,105,long movie
2010,Gekijouban Poketto monsutâ: Daiamondo & Pâru - Gen',"Animation, Action, Family",6.1,good,96,average length movie
2010,Majka asfalta,Drama,6.1,good,107,long movie
2010,Dik Trom,Family,6.1,good,85,average length movie
2010,Hjem til jul,"Comedy, Drama",6.1,good,90,average length movie
2010,Turquaze,Drama,6.1,good,96,average length movie
2010,"Der Mann, der über Autos sprang",Adventure,6.1,good,105,long movie
2010,RPG Metanoia,"Animation, Adventure, Dram",6.1,good,105,long movie
2010,Hangover,Comedy,6.1,good,135,long movie
2010,Wanted,Action,6.1,good,110,long movie
2010,Benny and Babloo,"Comedy, Drama",6.1,good,123,long movie
2010,Nights in the Gardens of Spain,"Drama, Romance",6.1,good,76,average length movie
2010,Ragada,"Action, Comedy",6.1,good,146,long movie
2010,Marcelino Pan y Vino,"Drama, Family",6.1,good,91,average length movie
2010,Kagit,Drama,6.1,good,105,long movie
2010,L'assaut,"Action, History, Thriller",6.1,good,91,average length movie
2009,4-kyo-si Choo-ri-yeong-yeok,"Action, Crime, Drama",6.1,good,86,average length movie
2010,Desenrola,Family,6.1,good,88,average length movie
2006,Fe Mahatet masr,Comedy,6.1,good,102,long movie
2007,Rafighe Bad,"Comedy, Drama",6.1,good,93,average length movie
2005,Neghab,"Drama, Mystery",6.1,good,90,average length movie
2005,In Memory of My Father,"Comedy, Drama",6.0,good,96,average length movie
2006,Slipp Jimmy fri,"Animation, Comedy",6.0,good,86,average length movie
2005,Sahara,"Action, Adventure, Comedy",6.0,good,124,long movie
2006,Arthur et les Minimoys,"Animation, Adventure, Fami",6.0,good,94,average length movie
2006,Superman Returns,"Action, Sci-Fi",6.0,good,154,long movie
2006,Agua,Drama,6.0,good,89,average length movie
2005,Géminis,Drama,6.0,good,85,average length movie
2005,Strangers with Candy,Comedy,6.0,good,97,average length movie
2006,Astérix et les Vikings,"Animation, Adventure, Come",6.0,good,78,average length movie
2009,Malice in Wonderland,"Adventure, Drama, Fantasy",6.0,good,87,average length movie
2005,Guy in Row Five,Comedy,6.0,good,97,average length movie
2008,Leatherheads,"Comedy, Drama, Romance",6.0,good,114,long movie
2005,The Good Humor Man,"Drama, Romance",6.0,good,112,long movie
2005,Hide and Seek,"Drama, Horror, Mystery",6.0,good,101,long movie
2005,The Amityville Horror,Horror,6.0,good,90,average length movie
2005,Duck,Drama,6.0,good,96,average length movie
2005,River Queen,"Action, Adventure, Drama",6.0,good,114,long movie
2005,Johnny Slade's Greatest Hits,"Comedy, Crime, Music",6.0,good,88,average length movie
2007,Viva,"Comedy, Drama, Musical",6.0,good,120,long movie
2006,Catch and Release,"Comedy, Drama, Romance",6.0,good,124,long movie
2005,Ice Princess,"Comedy, Drama, Family",6.0,good,98,average length movie
2005,Zemanovaload,Comedy,6.0,good,90,average length movie
2005,Je préfère qu'on reste amis,"Comedy, Drama, Romance",6.0,good,100,long movie
2005,The Dark Hours,"Horror, Thriller",6.0,good,80,average length movie
2005,Sametoví vrazi,"Crime, Drama",6.0,good,137,long movie
2006,A herceg haladéka,Drama,6.0,good,92,average length movie
2008,Nim's Island,"Adventure, Family, Fantasy",6.0,good,96,average length movie
2005,WTC View,"Drama, Romance",6.0,good,104,long movie
2005,Tout pour plaire,Comedy,6.0,good,105,long movie
2006,Half Light,"Drama, Horror, Mystery",6.0,good,110,long movie
2006,The Hawk Is Dying,Drama,6.0,good,112,long movie
2007,Shrek the Third,"Animation, Adventure, Come",6.0,good,93,average length movie
2005,Wassup Rockers,"Comedy, Drama",6.0,good,111,long movie
2007,Dark Matter,Drama,6.0,good,88,average length movie
2005,Hank Williams First Nation,"Comedy, Drama",6.0,good,92,average length movie
2006,The Novice,Drama,6.0,good,89,average length movie
2005,La maison de Nina,"Drama, History, War",6.0,good,112,long movie
2006,"Sexo, amor y otras perversiones","Comedy, Drama",6.0,good,100,long movie
2005,A Little Trip to Heaven,"Drama, Thriller",6.0,good,98,average length movie
2005,Carambole,"Crime, Drama, Mystery",6.0,good,102,long movie
2005,La ravisseuse,Drama,6.0,good,90,average length movie
2006,The Guatemalan Handshake,"Comedy, Drama",6.0,good,98,average length movie
2007,Pusinky,"Comedy, Drama",6.0,good,90,average length movie
2005,Tjenare kungen,"Comedy, Drama, Music",6.0,good,94,average length movie
2006,Jimmy and Judy,"Crime, Drama, Thriller",6.0,good,99,average length movie
2005,Malek wa ketaba,Drama,6.0,good,120,long movie
2007,The Grand,Comedy,6.0,good,104,long movie
2006,The Darwin Awards,"Adventure, Comedy, Romance",6.0,good,94,average length movie
2005,I Am a Sex Addict,"Biography, Comedy, Romance",6.0,good,98,average length movie
2005,Tara Road,Drama,6.0,good,97,average length movie
2005,Johan,"Drama, Romance",6.0,good,90,average length movie
2006,Miami Vice,"Action, Crime, Thriller",6.0,good,132,long movie
2005,The Best Man,"Comedy, Romance",6.0,good,96,average length movie
2005,Gonggongui jeog 2,"Action, Drama",6.0,good,148,long movie
2005,Gentille,Comedy,6.0,good,102,long movie
2005,Balu,"Action, Crime",6.0,good,169,long movie
2005,...e se domani,Comedy,6.0,good,90,average length movie
2005,Katze im Sack,Drama,6.0,good,87,average length movie
2007,The Condemned,"Action, Crime, Thriller",6.0,good,113,long movie
2008,Killshot,"Action, Crime, Drama",6.0,good,95,average length movie
2006,Halim,"Biography, Drama, Music",6.0,good,155,long movie
2006,Punk Love,Drama,6.0,good,102,long movie
2005,Tango Charlie,"Action, Adventure, Drama",6.0,good,142,long movie
2007,Bordertown,"Crime, Drama, Mystery",6.0,good,112,long movie
2005,Het schnitzelparadijs,"Comedy, Romance",6.0,good,82,average length movie
2005,Domino One,"Mystery, Thriller",6.0,good,86,average length movie
2005,Tôkyô zonbi,"Action, Comedy, Horror",6.0,good,103,long movie
2006,The Good German,"Drama, Mystery, Romance",6.0,good,105,long movie
2005,Never Been Thawed,Comedy,6.0,good,87,average length movie
2005,Dubai,"Drama, Romance",6.0,good,110,long movie
2006,Let's Go to Prison,"Comedy, Crime",6.0,good,84,average length movie
2007,Then She Found Me,"Comedy, Drama, Romance",6.0,good,100,long movie
2008,A House Divided,Drama,6.0,good,105,long movie
2006,Jaan-E-Mann: Let's Fall in Love... Again,"Drama, Musical, Romance",6.0,good,165,long movie
2006,Walker Payne,Drama,6.0,good,117,long movie
2005,Thambi,"Drama, Thriller",6.0,good,138,long movie
2006,Pretendiendo,"Comedy, Romance",6.0,good,118,long movie
2008,Camille,"Comedy, Drama, Fantasy",6.0,good,94,average length movie
2007,Flakes,Comedy,6.0,good,84,average length movie
2005,Namgeuk-ilgi,"Horror, Mystery, Thriller",6.0,good,115,long movie
2006,The Fast and the Furious: Tokyo Drift,"Action, Crime, Thriller",6.0,good,104,long movie
2006,Le passager de l'été,Drama,6.0,good,97,average length movie
2008,Igor,"Animation, Comedy, Family",6.0,good,87,average length movie
2006,Die Wilden Hühner,"Adventure, Family",6.0,good,105,long movie
2005,Fekete kefe,Comedy,6.0,good,83,average length movie
2007,I Could Never Be Your Woman,"Comedy, Drama, Romance",6.0,good,97,average length movie
2006,Brother's Shadow,Drama,6.0,good,91,average length movie
2006,The Conrad Boys,"Drama, Romance",6.0,good,94,average length movie
2005,Festival,"Comedy, Drama",6.0,good,107,long movie
2005,Sima-ye zani dar doordast,Drama,6.0,good,103,long movie
2005,A Perfect Day,Drama,6.0,good,88,average length movie
2005,Cheon gun,"Action, Comedy, Sci-Fi",6.0,good,106,long movie
2006,Alone with Her,"Crime, Drama, Thriller",6.0,good,78,average length movie
2005,Koti-ikävä,Drama,6.0,good,85,average length movie
2006,Essaye-moi,"Comedy, Romance",6.0,good,90,average length movie
2006,Sofacama,"Comedy, Drama",6.0,good,90,average length movie
2006,Scenes of a Sexual Nature,"Comedy, Drama, Romance",6.0,good,91,average length movie
2005,Chello hongmijoo ilga salinsagan,"Horror, Mystery",6.0,good,94,average length movie
2006,La niña en la piedra,Drama,6.0,good,104,long movie
2005,Czas surferów,"Comedy, Crime",6.0,good,90,average length movie
2006,Okhota na Piranyu,"Action, Crime, Thriller",6.0,good,167,long movie
2006,Jean-Philippe,"Comedy, Fantasy, Music",6.0,good,90,average length movie
2005,Masahista,Drama,6.0,good,76,average length movie
2005,Shades of Gray,Comedy,6.0,good,76,average length movie
2007,The Gray Man,"Biography, Crime, Thriller",6.0,good,98,average length movie
2007,Hvordan vi slipper af med de andre,"Comedy, Drama, Sci-Fi",6.0,good,94,average length movie
2005,Mapado,Comedy,6.0,good,105,long movie
2007,Simple Things,"Comedy, Drama",6.0,good,102,long movie
2006,Cabeza de perro,Drama,6.0,good,91,average length movie
2008,Doomsday,"Action, Sci-Fi, Thriller",6.0,good,108,long movie
2006,Sprængfarlig bombe,"Comedy, Drama",6.0,good,90,average length movie
2007,Sieben Tage Sonntag,Drama,6.0,good,80,average length movie
2006,Il mio miglior nemico,Comedy,6.0,good,110,long movie
2007,Trail of the Screaming Forehead,"Comedy, Sci-Fi",6.0,good,88,average length movie
2006,Meurtrières,"Crime, Drama",6.0,good,98,average length movie
2007,Je crois que je l'aime,"Comedy, Drama, Romance",6.0,good,90,average length movie
2005,Om Sara,Drama,6.0,good,108,long movie
2006,Puccini for Beginners,"Comedy, Romance",6.0,good,82,average length movie
2005,Jakeob-ui jeongseok,"Comedy, Romance",6.0,good,100,long movie
2006,Sarang-eul nochida,Romance,6.0,good,115,long movie
2008,Smutek paní Snajderové,"Drama, Romance",6.0,good,104,long movie
2006,Neandertal,Drama,6.0,good,105,long movie
2006,The Last Romantic,"Comedy, Drama",6.0,good,88,average length movie
2007,Sex and Death 101,"Comedy, Drama, Fantasy",6.0,good,117,long movie
2006,Schwesterherz,Drama,6.0,good,94,average length movie
2007,Year of the Dog,"Comedy, Drama",6.0,good,97,average length movie
2007,Margot at the Wedding,"Comedy, Drama",6.0,good,93,average length movie
2009,Planet 51,"Animation, Adventure, Come",6.0,good,91,average length movie
2006,Neun Szenen,Comedy,6.0,good,105,long movie
2006,Interkosmos,"Drama, History, Music",6.0,good,71,average length movie
2006,Duh u mocvari,"Adventure, Family, Mystery",6.0,good,90,average length movie
2006,Tin sun yut dui,"Comedy, Drama",6.0,good,98,average length movie
2006,Duk haan yum cha,"Comedy, Romance",6.0,good,85,average length movie
2006,Al final del espectro,"Drama, Horror, Mystery",6.0,good,92,average length movie
2007,Sparkle,Comedy,6.0,good,100,long movie
2008,Genova,"Drama, Mystery, Romance",6.0,good,93,average length movie
2006,Mientras tanto,Drama,6.0,good,92,average length movie
2007,La luna en botella,Comedy,6.0,good,97,average length movie
2008,Sleep Dealer,"Drama, Romance, Sci-Fi",6.0,good,90,average length movie
2007,Heyy Babyy,"Comedy, Drama",6.0,good,144,long movie
2009,Carriers,"Drama, Horror, Sci-Fi",6.0,good,84,average length movie
2006,Limit of Love: Umizaru,"Action, Drama",6.0,good,117,long movie
2006,Metro ni notte,Drama,6.0,good,121,long movie
2008,Speed Racer,"Action, Adventure, Comedy",6.0,good,135,long movie
2007,Apne,"Drama, Sport",6.0,good,173,long movie
2008,Hank and Mike,"Comedy, Fantasy",6.0,good,86,average length movie
2007,Take,"Crime, Drama, Thriller",6.0,good,98,average length movie
2007,Jump!,"Biography, Drama",6.0,good,105,long movie
2007,Tehilim,Drama,6.0,good,96,average length movie
2006,Gang chanee kap ee-aep,Comedy,6.0,good,117,long movie
2006,Pretty Dead Things,Horror,6.0,good,92,average length movie
2007,Capitaine Achab,Adventure,6.0,good,100,long movie
2007,Wolfsbergen,Drama,6.0,good,93,average length movie
2006,Arang,"Horror, Thriller",6.0,good,97,average length movie
2006,Gang-jeok,"Action, Crime, Drama",6.0,good,118,long movie
2006,Kto nigdy nie zyl,Drama,6.0,good,100,long movie
2007,A Plumm Summer,"Adventure, Family",6.0,good,99,average length movie
2007,Magicians,Comedy,6.0,good,90,average length movie
2007,Finishing the Game: The Search for a New Bruce Lee,Comedy,6.0,good,84,average length movie
2007,West 32nd,"Crime, Drama",6.0,good,86,average length movie
2007,Nanhe Jaisalmer: A Dream Come True,"Comedy, Drama, Family",6.0,good,108,long movie
2007,Avant que j'oublie,"Drama, Romance",6.0,good,108,long movie
2007,Kid Svensk,Drama,6.0,good,90,average length movie
2007,Phantom Love,Drama,6.0,good,87,average length movie
2006,Tai yang yue,Drama,6.0,good,94,average length movie
2007,Kicks,"Crime, Drama",6.0,good,112,long movie
2007,Chuecatown,"Comedy, Crime",6.0,good,101,long movie
2010,Kolorádó Kid,"Drama, Romance",6.0,good,111,long movie
2007,Testosteron,Comedy,6.0,good,119,long movie
2006,Seuseung-ui eunhye,"Horror, Mystery, Thriller",6.0,good,93,average length movie
2007,Roming,Comedy,6.0,good,120,long movie
2008,Baby Mama,"Comedy, Romance",6.0,good,99,average length movie
2006,"Kasal, kasali, kasalo","Comedy, Romance",6.0,good,100,long movie
2008,The Golden Boys,"Comedy, Romance",6.0,good,97,average length movie
2006,Wo hu,"Crime, Drama, Thriller",6.0,good,101,long movie
2008,Desierto Sur,Drama,6.0,good,100,long movie
2007,Le coeur des hommes 2,"Comedy, Drama, Romance",6.0,good,115,long movie
2009,Under New Management,"Comedy, Crime, Drama",6.0,good,100,long movie
2008,The Seven of Daran: The Battle of Pareo Rock,Family,6.0,good,89,average length movie
2008,Eskalofrío,"Horror, Thriller",6.0,good,95,average length movie
2007,Just Follow Law: Wo zai zheng fu bu men de ri zi,"Comedy, Drama, Fantasy",6.0,good,112,long movie
2007,Tsubaki Sanjûrô,"Action, Drama, History",6.0,good,119,long movie
2007,La señal,"Crime, Drama, Mystery",6.0,good,95,average length movie
2007,Saving Sarah Cain,Drama,6.0,good,103,long movie
2010,Victim,"Horror, Thriller",6.0,good,90,average length movie
2008,Baghead,"Comedy, Drama, Horror",6.0,good,84,average length movie
2006,Love My Life,Drama,6.0,good,96,average length movie
2006,Asthram,"Action, Crime, Thriller",6.0,good,140,long movie
2008,Linkeroever,"Drama, Horror, Mystery",6.0,good,102,long movie
2006,Faryad moorcheha,"Adventure, Drama",6.0,good,85,average length movie
2008,Lauf um Dein Leben - Vom Junkie zum Ironman,"Biography, Drama, Sport",6.0,good,96,average length movie
2008,Nights in Rodanthe,"Drama, Romance",6.0,good,97,average length movie
2006,Kowai onna,"Drama, Horror, Mystery",6.0,good,107,long movie
2006,Al rahina,"Action, Mystery, Thriller",6.0,good,96,average length movie
2008,Bedtime Stories,"Comedy, Family, Fantasy",6.0,good,99,average length movie
2007,Blood of a Poet,Drama,6.0,good,100,long movie
2008,Pathology,"Crime, Horror, Thriller",6.0,good,95,average length movie
2007,Eon-ni-ga-gan-da,"Comedy, Romance",6.0,good,112,long movie
2009,Short Cut to Hollywood,Comedy,6.0,good,94,average length movie
2007,Exhibit A,"Crime, Drama, Thriller",6.0,good,85,average length movie
2008,Tres días,"Crime, Drama, Sci-Fi",6.0,good,93,average length movie
2007,Barcelona (un mapa),Drama,6.0,good,90,average length movie
2008,La fabrique des sentiments,Drama,6.0,good,104,long movie
2008,Otis,"Comedy, Crime, Horror",6.0,good,100,long movie
2007,Caixa Dois,Comedy,6.0,good,90,average length movie
2006,Gekijô-ban poketto monsutâ: Adobansu jenerêshon pok,"Animation, Action, Adventu",6.0,good,105,long movie
2008,Ca$h,"Comedy, Crime, Thriller",6.0,good,100,long movie
2008,"Tot, kto gasit svet","Crime, Drama, Mystery",6.0,good,86,average length movie
2008,Lie to Me,"Drama, Romance",6.0,good,98,average length movie
2009,Yattâman,"Action, Adventure, Comedy",6.0,good,111,long movie
2009,Doghouse,"Comedy, Horror, Sci-Fi",6.0,good,89,average length movie
2006,Akihabara@Deep,"Action, Adventure, Drama",6.0,good,120,long movie
2009,The Cry of the Owl,"Drama, Thriller",6.0,good,100,long movie
2008,Dorothy Mills,"Drama, Horror, Mystery",6.0,good,102,long movie
2008,Righteous Kill,"Crime, Mystery, Thriller",6.0,good,101,long movie
2009,Delhi-6,"Comedy, Drama",6.0,good,141,long movie
2006,Kas wa lask,"Comedy, Drama",6.0,good,105,long movie
2009,Transformers: Revenge of the Fallen,"Action, Adventure, Sci-Fi",6.0,good,150,long movie
2007,La capture,Drama,6.0,good,92,average length movie
2009,Stellina Blue,Drama,6.0,good,95,average length movie
2009,Shadows in the Sun,Drama,6.0,good,81,average length movie
2008,Parlez-moi de la pluie,"Comedy, Drama",6.0,good,110,long movie
2008,Je veux voir,Drama,6.0,good,75,average length movie
2008,The Crew,"Action, Crime, Drama",6.0,good,123,long movie
2008,The Betrayed,"Crime, Drama, Mystery",6.0,good,98,average length movie
2008,Mikro eglima,"Comedy, Crime, Drama",6.0,good,85,average length movie
2009,Night at the Museum: Battle of the Smithsonian,"Adventure, Comedy, Family",6.0,good,105,long movie
2008,Quarantine,"Horror, Thriller",6.0,good,89,average length movie
2009,Chicago Overcoat,"Action, Adventure, Crime",6.0,good,94,average length movie
2008,Los,Drama,6.0,good,110,long movie
2007,Ai no yokan,Drama,6.0,good,102,long movie
2007,Valsa para Bruno Stein,Drama,6.0,good,95,average length movie
2008,Cliente,"Drama, Romance",6.0,good,104,long movie
2008,Hush,"Horror, Thriller",6.0,good,91,average length movie
2008,Una palabra tuya,Drama,6.0,good,100,long movie
2007,Kleftes,"Comedy, Thriller",6.0,good,90,average length movie
2008,Le plaisir de chanter,Comedy,6.0,good,99,average length movie
2010,Ca$h,"Crime, Thriller",6.0,good,108,long movie
2010,Mars,"Animation, Comedy, Sci-Fi",6.0,good,90,average length movie
2006,Taghato,Drama,6.0,good,102,long movie
2009,Thick as Thieves,"Action, Crime, Thriller",6.0,good,104,long movie
2009,A Fork in the Road,"Comedy, Crime",6.0,good,105,long movie
2007,Hing dai,"Action, Drama",6.0,good,100,long movie
2008,Momma's Man,"Comedy, Drama",6.0,good,94,average length movie
2010,Another Harvest Moon,Drama,6.0,good,89,average length movie
2007,Bayrampasa: Ben fazla kalmayacagim,"Comedy, Drama",6.0,good,106,long movie
2008,Elle veut le chaos,Drama,6.0,good,105,long movie
2007,Signorina Effe,Drama,6.0,good,95,average length movie
2008,"Anywhere, USA","Comedy, Drama",6.0,good,123,long movie
2009,Espion(s),"Drama, Romance, Thriller",6.0,good,99,average length movie
2008,Feuerherz,"Biography, Drama, War",6.0,good,92,average length movie
2008,The Children,"Horror, Mystery, Thriller",6.0,good,84,average length movie
2008,Genenet al asmak,"Drama, Romance",6.0,good,111,long movie
2008,Un homme et son chien,Drama,6.0,good,94,average length movie
2008,Gigantic,"Comedy, Drama, Romance",6.0,good,98,average length movie
2009,Across the Hall,"Horror, Mystery, Thriller",6.0,good,93,average length movie
2007,Cyrano Fernández,"Action, Drama, Romance",6.0,good,100,long movie
2008,Superstar,"Drama, Romance",6.0,good,120,long movie
2009,Budapest,"Drama, Romance",6.0,good,113,long movie
2008,Les bureaux de Dieu,"Comedy, Drama",6.0,good,122,long movie
2009,La fille du RER,Drama,6.0,good,97,average length movie
2009,Map of the Sounds of Tokyo,"Drama, Thriller",6.0,good,109,long movie
2008,Shin-gi-jeon,"Adventure, Drama",6.0,good,134,long movie
2010,Lope,"Biography, Drama, History",6.0,good,106,long movie
2008,In 3 Tagen bist du tot 2,"Horror, Thriller",6.0,good,95,average length movie
2009,Väärät juuret,Drama,6.0,good,99,average length movie
2007,Rats and Cats,"Comedy, Drama",6.0,good,87,average length movie
2010,Kites,"Action, Drama, Romance",6.0,good,123,long movie
2009,Flugten,"Drama, Thriller",6.0,good,114,long movie
2008,Le crime est notre affaire,"Comedy, Crime, Mystery",6.0,good,109,long movie
2009,The Red Machine,"Adventure, Crime, Drama",6.0,good,84,average length movie
2009,Heartless,"Drama, Fantasy, Horror",6.0,good,114,long movie
2010,Henry's Crime,"Comedy, Crime, Drama",6.0,good,108,long movie
2009,Tera Kya Hoga Johnny,"Crime, Drama, Thriller",6.0,good,155,long movie
2010,No Greater Love,"Drama, Romance",6.0,good,109,long movie
2008,Shultes,"Crime, Drama",6.0,good,100,long movie
2010,Isolerad,"Mystery, Thriller",6.0,good,75,average length movie
2009,Saw VI,"Horror, Mystery, Thriller",6.0,good,90,average length movie
2008,No mires para abajo,"Drama, Romance",6.0,good,85,average length movie
2008,Antarctica,"Drama, Romance",6.0,good,112,long movie
2009,Le jour où Dieu est parti en voyage,Drama,6.0,good,100,long movie
2010,The Tourist,"Action, Adventure, Crime",6.0,good,103,long movie
2010,22 mei,"Drama, Fantasy, Thriller",6.0,good,88,average length movie
2008,Die Entdeckung der Currywurst,Drama,6.0,good,106,long movie
2009,Visage,"Comedy, Drama, Musical",6.0,good,138,long movie
2009,Gli amici del bar Margherita,"Comedy, Drama, Romance",6.0,good,90,average length movie
2009,Bullying,Drama,6.0,good,95,average length movie
2009,Barfuß bis zum Hals,Comedy,6.0,good,93,average length movie
2010,La vida empieza hoy,Comedy,6.0,good,90,average length movie
2009,Tris di donne & abiti nuziali,Comedy,6.0,good,98,average length movie
2010,Waiting for Forever,"Comedy, Drama, Romance",6.0,good,95,average length movie
2010,La blonde aux seins nus,"Adventure, Drama, Romance",6.0,good,100,long movie
2008,Deti noci,Drama,6.0,good,80,average length movie
2008,Chan mat,"Drama, Romance",6.0,good,100,long movie
2008,Noon-e-neun noon i-e-neun i,"Action, Crime",6.0,good,101,long movie
2008,Qian bu gou yong 2,"Comedy, Drama",6.0,good,126,long movie
2010,The Taqwacores,"Drama, Music",6.0,good,83,average length movie
2009,Eamon,"Comedy, Romance",6.0,good,86,average length movie
2010,Made in Poland,Drama,6.0,good,90,average length movie
2009,Dead Man Running,"Action, Crime, Drama",6.0,good,92,average length movie
2006,Be name pedar,"Drama, War",6.0,good,96,average length movie
2009,Eraser Children,"Comedy, Drama, Fantasy",6.0,good,100,long movie
2009,Simon & Malou,"Comedy, Romance",6.0,good,90,average length movie
2009,The Race,"Comedy, Drama, Sport",6.0,good,86,average length movie
2009,Zoomerne,Family,6.0,good,88,average length movie
2008,Un altro pianeta,Drama,6.0,good,82,average length movie
2010,Some Days Are Better Than Others,Drama,6.0,good,93,average length movie
2008,1895,History,6.0,good,110,long movie
2010,Memoirs of a Teenage Amnesiac,"Drama, Romance",6.0,good,124,long movie
2009,Paper Heart,"Comedy, Drama, Romance",6.0,good,88,average length movie
2009,Humpday,"Comedy, Drama, Romance",6.0,good,94,average length movie
2008,The Ceremony,"Drama, Mystery, Thriller",6.0,good,84,average length movie
2009,"Maria, ihm schmeckt's nicht!",Comedy,6.0,good,96,average length movie
2010,Regresa,"Comedy, Romance",6.0,good,99,average length movie
2009,Kei tung bou deui - Tung pou,"Action, Crime, Drama",6.0,good,91,average length movie
2010,Feed the Fish,Comedy,6.0,good,92,average length movie
2010,Ningen shikkaku,Drama,6.0,good,134,long movie
2009,Van Diemen's Land,"Biography, Drama, History",6.0,good,104,long movie
2009,Dawson Isla 10,Drama,6.0,good,117,long movie
2010,I Love You Too,Comedy,6.0,good,107,long movie
2009,Kamogawa horumô,Comedy,6.0,good,113,long movie
2009,"Good Morning, Aman",Drama,6.0,good,105,long movie
2009,Zivot i smrt porno bande,"Adventure, Drama, Horror",6.0,good,90,average length movie
2009,"She, a Chinese",Drama,6.0,good,103,long movie
2010,Orly,Drama,6.0,good,84,average length movie
2010,Tête de turc,"Crime, Drama, Thriller",6.0,good,87,average length movie
2010,Gardiens de l'ordre,"Crime, Drama, Thriller",6.0,good,105,long movie
2008,Premer Kahini,Romance,6.0,good,150,long movie
2010,Cosa voglio di più,"Drama, Romance",6.0,good,126,long movie
2009,Samayou yaiba,"Drama, Thriller",6.0,good,112,long movie
2007,Boys Love gekijouban,Drama,6.0,good,88,average length movie
2009,Ju-on: Shiroi rôjo,"Fantasy, Horror",6.0,good,61,average length movie
2010,The Imperialists Are Still Alive!,Drama,6.0,good,90,average length movie
2009,Zoufalci,"Comedy, Drama",6.0,good,100,long movie
2010,BearCity,"Comedy, Romance",6.0,good,104,long movie
2010,Snow & Ashes,"Drama, Thriller, War",6.0,good,110,long movie
2009,Afonia i pszczoly,Romance,6.0,good,108,long movie
2009,Ketika cinta bertasbih,Drama,6.0,good,120,long movie
2010,A Marine Story,"Crime, Drama, Romance",6.0,good,98,average length movie
2009,Apan,"Drama, Thriller",6.0,good,81,average length movie
2010,Joy,Drama,6.0,good,75,average length movie
2007,Pee chang nang,Horror,6.0,good,90,average length movie
2010,Logan,"Comedy, Drama, Family",6.0,good,94,average length movie
2009,"Napoli, Napoli, Napoli",Drama,6.0,good,102,long movie
2010,The Fat Boy Chronicles,Drama,6.0,good,78,average length movie
2009,Al Mosafer,Drama,6.0,good,125,long movie
2009,The Lionshare,Drama,6.0,good,65,average length movie
2009,Kirâ vâjin rôdo,Drama,6.0,good,97,average length movie
2010,D'amour et d'eau fraîche,Drama,6.0,good,85,average length movie
2010,Oxy-Morons,"Action, Thriller",6.0,good,111,long movie
2009,Karat 14,"Crime, Drama",6.0,good,87,average length movie
2010,Chuen sing yit luen - yit lat lat,"Comedy, Romance",6.0,good,93,average length movie
2010,Limbo,Drama,6.0,good,105,long movie
2009,Kolpaçino,"Action, Comedy",6.0,good,98,average length movie
2009,Kurtlar Vadisi: Gladio,"Action, Crime, Drama",6.0,good,97,average length movie
2010,Almost Kings,Drama,6.0,good,93,average length movie
2010,Pyeong-haeng-i-ron,Thriller,6.0,good,110,long movie
2010,Zeburâman: Zebura Shiti no gyakushû,"Action, Sci-Fi",6.0,good,106,long movie
2010,Gekijouban Trick: Reinouryokusha batoru roiyaru,Mystery,6.0,good,119,long movie
2009,Dinosaurier,"Comedy, Crime, Romance",6.0,good,105,long movie
2010,"Aballay, el hombre sin miedo","Action, Adventure, Drama",6.0,good,100,long movie
2009,Sil jong,Thriller,6.0,good,99,average length movie
2010,Memory Lane,Drama,6.0,good,98,average length movie
2009,Bay rong,Action,6.0,good,90,average length movie
2010,45m2,Drama,6.0,good,78,average length movie
2009,Ho Ho Ho,"Comedy, Drama, Family",6.0,good,101,long movie
2010,Badmaa$h Company,"Comedy, Crime, Drama",6.0,good,142,long movie
2010,Black Butterfly,Drama,6.0,good,95,average length movie
2010,I Will Follow,Drama,6.0,good,80,average length movie
2010,Bumm Bumm Bole,"Drama, Family, Thriller",6.0,good,124,long movie
2009,Atashkar,"Comedy, Fantasy",6.0,good,82,average length movie
2010,De mayor quiero ser soldado,Drama,6.0,good,100,long movie
2010,The Christmas Bunny,"Drama, Family",6.0,good,98,average length movie
2010,The Film Emotional Atyachar,"Comedy, Crime, Drama",6.0,good,87,average length movie
2009,Neelathamara,Drama,6.0,good,109,long movie
2010,Nûdo no yoru: Ai wa oshiminaku ubau,"Crime, Drama, Thriller",6.0,good,127,long movie
2010,Hitpartzut X,Drama,6.0,good,90,average length movie
2010,Kar Beyaz,Drama,6.0,good,77,average length movie
2010,Pájaros volando,"Comedy, Fantasy, Music",6.0,good,110,long movie
2009,Final Flesh,"Comedy, Sci-Fi",6.0,good,71,average length movie
2010,Schuks Tshabalala's Survival Guide to South Africa,Comedy,6.0,good,91,average length movie
2010,Junjô,"Drama, Romance",6.0,good,87,average length movie
2010,Sumarlandið,"Comedy, Fantasy",6.0,good,85,average length movie
2010,Ziteitai pseftis,Comedy,6.0,good,87,average length movie
2010,Lotfan mozahem nashavid,"Comedy, Drama",6.0,good,81,average length movie
2010,Memleket meselesi,"Comedy, Drama",6.0,good,105,long movie
2010,Fei cheng wu rao 2,"Comedy, Romance",6.0,good,120,long movie
2008,Wool-hak-kyo I-ti,Comedy,6.0,good,120,long movie
2010,Samurai Ayothaya,"Action, Drama, History",6.0,good,100,long movie
2010,Du yeoja,"Drama, Romance",6.0,good,105,long movie
2010,Keyfar,"Crime, Drama, Mystery",6.0,good,109,long movie
2007,Ma-eulgeumgo yeonswaeseub gyeogsageon,"Comedy, Crime",6.0,good,115,long movie
2007,Intergalactic Combat,"Action, Adventure, Sci-Fi",5.9,ok,90,average length movie
2007,Lucky You,"Drama, Romance, Sport",5.9,ok,124,long movie
2006,Tajnata kniga,Drama,5.9,ok,94,average length movie
2005,The Brothers Grimm,"Action, Adventure, Comedy",5.9,ok,118,long movie
2006,Lurking in Suburbia,Comedy,5.9,ok,87,average length movie
2005,Bigger Than the Sky,"Comedy, Drama, Romance",5.9,ok,106,long movie
2006,Stalin,"Action, Drama",5.9,ok,168,long movie
2005,Adam & Steve,"Comedy, Drama, Music",5.9,ok,99,average length movie
2005,Guess Who,"Comedy, Romance",5.9,ok,105,long movie
2005,Köshpendiler,"Drama, History, War",5.9,ok,112,long movie
2006,A-List,"Comedy, Drama",5.9,ok,98,average length movie
2005,Kameleon 2,"Adventure, Comedy, Family",5.9,ok,105,long movie
2005,The Legend of Zorro,"Action, Adventure, Romance",5.9,ok,129,long movie
2006,Matti,"Biography, Comedy, Drama",5.9,ok,135,long movie
2005,When Do We Eat?,Comedy,5.9,ok,86,average length movie
2005,Truce,"Drama, Western",5.9,ok,106,long movie
2005,L'empire des loups,"Action, Crime, Drama",5.9,ok,128,long movie
2006,Even Money,"Crime, Drama",5.9,ok,113,long movie
2006,East Broadway,"Comedy, Family, Romance",5.9,ok,105,long movie
2007,88 Minutes,"Crime, Drama, Mystery",5.9,ok,108,long movie
2006,29 Reasons to Run,Comedy,5.9,ok,99,average length movie
2005,Puritan,"Drama, Fantasy, Mystery",5.9,ok,94,average length movie
2005,A porcelánbaba,"Drama, Family, Fantasy",5.9,ok,75,average length movie
2005,La boîte noire,"Mystery, Thriller",5.9,ok,90,average length movie
2005,Boy s tenyu,"Action, Drama, Sport",5.9,ok,132,long movie
2005,Heart of the Beholder,Drama,5.9,ok,106,long movie
2006,Jadesoturi,"Action, Adventure, Drama",5.9,ok,110,long movie
2005,Must Love Dogs,"Comedy, Romance",5.9,ok,98,average length movie
2006,Annapolis,"Drama, Romance, Sport",5.9,ok,108,long movie
2005,Checking Out,Comedy,5.9,ok,94,average length movie
2005,Domino,"Action, Biography, Crime",5.9,ok,127,long movie
2005,Restart,Drama,5.9,ok,85,average length movie
2005,El hasa el sabaa,"Comedy, Fantasy",5.9,ok,110,long movie
2005,Kész cirkusz,"Action, Comedy",5.9,ok,74,average length movie
2005,Segundo asalto,"Drama, Romance",5.9,ok,104,long movie
2010,Dinner for Schmucks,Comedy,5.9,ok,114,long movie
2007,The Invasion,"Sci-Fi, Thriller",5.9,ok,99,average length movie
2006,The Thief Lord,"Adventure, Drama, Family",5.9,ok,98,average length movie
2005,Im Schwitzkasten,"Comedy, Drama",5.9,ok,95,average length movie
2006,La perrera,Drama,5.9,ok,90,average length movie
2006,Flannel Pajamas,Romance,5.9,ok,124,long movie
2005,Hormigas en la boca,Drama,5.9,ok,92,average length movie
2005,Backstage,"Drama, Music",5.9,ok,115,long movie
2005,Pyaar Mein Twist,"Comedy, Drama, Musical",5.9,ok,123,long movie
2006,A Woman in Winter,Drama,5.9,ok,100,long movie
2005,Am Tag als Bobby Ewing starb,"Comedy, Romance",5.9,ok,92,average length movie
2006,Écoute le temps,"Crime, Drama, Mystery",5.9,ok,87,average length movie
2007,Liebesleben,Drama,5.9,ok,113,long movie
2008,The X Files: I Want to Believe,"Drama, Horror, Mystery",5.9,ok,104,long movie
2005,Sangre,Drama,5.9,ok,90,average length movie
2005,Texas,Drama,5.9,ok,103,long movie
2006,Ruudi,"Comedy, Family, Fantasy",5.9,ok,112,long movie
2006,Tramvay,"Crime, Drama, Horror",5.9,ok,83,average length movie
2006,The Night Listener,"Crime, Drama, Mystery",5.9,ok,91,average length movie
2005,Kochi Rajavu,"Action, Comedy, Crime",5.9,ok,105,long movie
2008,Passengers,"Drama, Fantasy, Horror",5.9,ok,93,average length movie
2005,GamerZ,"Comedy, Fantasy",5.9,ok,101,long movie
2005,Hostel,Horror,5.9,ok,94,average length movie
2008,Punisher: War Zone,"Action, Crime, Drama",5.9,ok,103,long movie
2009,Cirque du Freak: The Vampire's Assistant,"Action, Adventure, Fantasy",5.9,ok,109,long movie
2006,The Lost,"Crime, Drama, Thriller",5.9,ok,119,long movie
2006,Beer League,"Comedy, Sport",5.9,ok,86,average length movie
2005,Polly Blue Eyes,"Comedy, Crime, Romance",5.9,ok,101,long movie
2005,Saam cha hau,"Action, Crime",5.9,ok,101,long movie
2006,Comeback Season,"Comedy, Romance",5.9,ok,99,average length movie
2005,Conventioneers,"Comedy, Romance",5.9,ok,95,average length movie
2006,The Elder Son,"Comedy, Drama",5.9,ok,87,average length movie
2006,Waist Deep,"Action, Crime, Drama",5.9,ok,97,average length movie
2005,O Coronel e o Lobisomem,Comedy,5.9,ok,106,long movie
2006,Va a ser que nadie es perfecto,"Comedy, Drama",5.9,ok,96,average length movie
2005,Harrys döttrar,Drama,5.9,ok,106,long movie
2006,Choking Man,Drama,5.9,ok,85,average length movie
2005,Thotti Jaya,Thriller,5.9,ok,145,long movie
2005,Ashura-jô no hitomi,"Action, Fantasy",5.9,ok,119,long movie
2007,Boy s tenyu II. Revansh,"Action, Crime, Drama",5.9,ok,135,long movie
2005,Opa!,"Comedy, Romance",5.9,ok,100,long movie
2005,Les états-Unis d'Albert,"Adventure, Comedy, Drama",5.9,ok,91,average length movie
2005,Penny Dreadful,"Horror, Thriller",5.9,ok,91,average length movie
2006,School for Scoundrels,Comedy,5.9,ok,100,long movie
2005,Frankie,Drama,5.9,ok,88,average length movie
2005,Gan-keun gajok,"Comedy, Drama",5.9,ok,102,long movie
2006,Los aires difíciles,Drama,5.9,ok,117,long movie
2005,Amatemi,Drama,5.9,ok,84,average length movie
2005,"What's Up, Scarlet?","Comedy, Drama, Romance",5.9,ok,84,average length movie
2006,1:1,Drama,5.9,ok,92,average length movie
2005,L'orizzonte degli eventi,Drama,5.9,ok,115,long movie
2007,Randy and the Mob,"Comedy, Crime",5.9,ok,91,average length movie
2006,The Night of the White Pants,"Comedy, Drama",5.9,ok,87,average length movie
2008,Bathory,"Biography, Drama, Fantasy",5.9,ok,141,long movie
2006,World Trade Center,"Drama, History, Thriller",5.9,ok,129,long movie
2006,La distancia,Thriller,5.9,ok,111,long movie
2005,Yek shab,Drama,5.9,ok,78,average length movie
2006,Bienvenido a casa,"Comedy, Drama, Romance",5.9,ok,118,long movie
2006,Who Loves the Sun,"Comedy, Drama",5.9,ok,94,average length movie
2006,Dasepo sonyo,"Comedy, Musical, Romance",5.9,ok,103,long movie
2005,Happy End.,"Drama, Horror, Mystery",5.9,ok,102,long movie
2007,The Death and Life of Bobby Z,"Action, Crime, Thriller",5.9,ok,97,average length movie
2007,Goal II: Living the Dream,"Adventure, Drama, Sport",5.9,ok,115,long movie
2005,I giorni dell'abbandono,Drama,5.9,ok,96,average length movie
2005,The Maid,"Drama, Horror, Mystery",5.9,ok,93,average length movie
2005,Qian bei bu zui,"Comedy, Romance",5.9,ok,110,long movie
2005,Hyeongsa,"Action, Comedy, Mystery",5.9,ok,108,long movie
2007,Uden for kærligheden,"Drama, Romance",5.9,ok,90,average length movie
2006,48 Shades,"Comedy, Drama",5.9,ok,96,average length movie
2007,Sluga Gosudarev,"Action, Adventure, History",5.9,ok,131,long movie
2007,Premonition,"Drama, Fantasy, Mystery",5.9,ok,96,average length movie
2006,Lo que sé de Lola,Drama,5.9,ok,112,long movie
2006,Avida,Comedy,5.9,ok,83,average length movie
2006,Beautiful Ohio,"Comedy, Drama",5.9,ok,91,average length movie
2007,Nancy Drew,"Comedy, Crime, Family",5.9,ok,99,average length movie
2005,Gamunui wigi: Gamunui yeonggwang 2,"Action, Comedy, Crime",5.9,ok,115,long movie
2005,Dunia,"Drama, Romance",5.9,ok,112,long movie
2007,West,"Crime, Drama, Romance",5.9,ok,90,average length movie
2007,Blind Date,"Comedy, Drama, Romance",5.9,ok,80,average length movie
2006,Windkracht 10: Koksijde Rescue,"Action, Adventure, Drama",5.9,ok,117,long movie
2010,Barry Munday,"Comedy, Drama, Romance",5.9,ok,95,average length movie
2009,InSearchOf,Drama,5.9,ok,102,long movie
2006,The Living and the Dead,"Drama, Horror, Mystery",5.9,ok,83,average length movie
2005,Tsoi suet yuk chi ngo oi nei,"Drama, Romance",5.9,ok,102,long movie
2006,La hora fría,"Horror, Mystery, Sci-Fi",5.9,ok,92,average length movie
2007,Andalucia,Drama,5.9,ok,90,average length movie
2007,You Are Here,"Comedy, Romance",5.9,ok,90,average length movie
2009,The Haunting in Connecticut,"Drama, Horror, Mystery",5.9,ok,92,average length movie
2005,Aein,"Drama, Romance",5.9,ok,98,average length movie
2008,8,Drama,5.9,ok,100,long movie
2007,Greetings from the Shore,"Comedy, Drama, Romance",5.9,ok,116,long movie
2007,End of the Line,"Horror, Thriller",5.9,ok,95,average length movie
2007,Silk,"Drama, Romance",5.9,ok,107,long movie
2006,Sonja,Drama,5.9,ok,72,average length movie
2009,Calvin Marshall,"Comedy, Drama",5.9,ok,93,average length movie
2007,El otro,Drama,5.9,ok,83,average length movie
2007,Reno 911!: Miami,"Comedy, Crime",5.9,ok,84,average length movie
2005,Long khong,"Fantasy, Horror, Mystery",5.9,ok,100,long movie
2006,Arc,Drama,5.9,ok,113,long movie
2007,I Now Pronounce You Chuck & Larry,"Comedy, Romance",5.9,ok,115,long movie
2008,El juego del ahorcado,Drama,5.9,ok,114,long movie
2007,Day Zero,Drama,5.9,ok,92,average length movie
2010,Eu e Meu Guarda-Chuva,"Family, Fantasy",5.9,ok,78,average length movie
2007,Blue State,"Comedy, Drama, Romance",5.9,ok,88,average length movie
2006,¿Por qué se frotan las patitas?,"Comedy, Musical",5.9,ok,105,long movie
2007,The Beautiful Ordinary,"Comedy, Drama",5.9,ok,101,long movie
2008,Wushu,"Action, Drama, Family",5.9,ok,104,long movie
2006,Les ambitieux,"Comedy, Romance",5.9,ok,90,average length movie
2006,Analog Days,Drama,5.9,ok,90,average length movie
2007,P2,"Crime, Horror, Thriller",5.9,ok,98,average length movie
2006,Palimpsest,Thriller,5.9,ok,85,average length movie
2006,Bas Ek Pal,"Drama, Romance",5.9,ok,150,long movie
2006,Drama/Mex,Drama,5.9,ok,93,average length movie
2007,Joshua,"Drama, Horror, Thriller",5.9,ok,106,long movie
2007,Live!,Drama,5.9,ok,96,average length movie
2007,Turn the River,Drama,5.9,ok,92,average length movie
2007,Pudor,Drama,5.9,ok,106,long movie
2008,The Amazing Truth About Queen Raquela,"Biography, Drama",5.9,ok,80,average length movie
2010,Percy Jackson & the Olympians: The Lightning Thief,"Adventure, Family, Fantasy",5.9,ok,118,long movie
2006,Khan kluay,"Animation, Adventure, Fami",5.9,ok,88,average length movie
2007,Black Water,"Action, Adventure, Drama",5.9,ok,90,average length movie
2007,Jack Brooks: Monster Slayer,"Action, Comedy, Horror",5.9,ok,85,average length movie
2006,Rough,"Romance, Sport",5.9,ok,106,long movie
2006,Casi casi,"Adventure, Comedy",5.9,ok,93,average length movie
2007,Blackout,Drama,5.9,ok,95,average length movie
2006,Dies d'agost,Drama,5.9,ok,93,average length movie
2005,Koara kachô,"Comedy, Crime, Drama",5.9,ok,85,average length movie
2006,Fallen,Drama,5.9,ok,88,average length movie
2007,Ekko,"Drama, Horror, Thriller",5.9,ok,80,average length movie
2009,After.Life,"Drama, Mystery, Thriller",5.9,ok,104,long movie
2007,Daisy Diamond,Drama,5.9,ok,94,average length movie
2007,Body/Antibody,"Comedy, Drama",5.9,ok,98,average length movie
2007,Sugarhouse,"Crime, Thriller",5.9,ok,90,average length movie
2009,My Life in Ruins,"Comedy, Romance",5.9,ok,95,average length movie
2008,Made of Honor,"Comedy, Romance",5.9,ok,101,long movie
2008,Boot Camp,"Crime, Drama, Thriller",5.9,ok,99,average length movie
2007,Odna lyubov na million,"Action, Romance",5.9,ok,105,long movie
2008,Lake City,"Crime, Drama",5.9,ok,93,average length movie
2006,Love Conquers All,"Drama, Romance",5.9,ok,90,average length movie
2008,Donne-moi la main,"Drama, Romance",5.9,ok,80,average length movie
2007,Murder Party,"Comedy, Drama, Horror",5.9,ok,79,average length movie
2007,L'auberge rouge,"Comedy, Crime",5.9,ok,95,average length movie
2007,"Ore wa, kimi no tame ni koso shini ni iku","Drama, War",5.9,ok,135,long movie
2008,El camino,Drama,5.9,ok,91,average length movie
2009,Within,"Drama, Thriller",5.9,ok,95,average length movie
2007,Pars: Kiraz operasyonu,"Action, Crime, Drama",5.9,ok,145,long movie
2006,Kabuslar evi - Takip,"Crime, Horror",5.9,ok,67,average length movie
2007,Détrompez-vous,Comedy,5.9,ok,88,average length movie
2007,Steak,"Comedy, Sci-Fi",5.9,ok,82,average length movie
2007,Saw IV,"Horror, Mystery, Thriller",5.9,ok,93,average length movie
2007,Eichmann,"Biography, Drama, History",5.9,ok,96,average length movie
2007,Normal,Drama,5.9,ok,100,long movie
2007,Ma vie n'est pas une comédie romantique,"Comedy, Romance",5.9,ok,92,average length movie
2008,Encarnação do Demônio,Horror,5.9,ok,94,average length movie
2007,Naked Boys Singing!,"Comedy, Musical",5.9,ok,95,average length movie
2007,Muoi,"Drama, History, Horror",5.9,ok,93,average length movie
2007,Stellungswechsel,Comedy,5.9,ok,97,average length movie
2007,Casual Day,Drama,5.9,ok,95,average length movie
2006,Nuga geunyeo-wa jasseulkka?,Comedy,5.9,ok,109,long movie
2008,Adventures of Power,"Comedy, Music",5.9,ok,89,average length movie
2009,The Canyon,Thriller,5.9,ok,102,long movie
2008,Dance of the Dragon,"Drama, Music, Romance",5.9,ok,111,long movie
2007,Long Pigs,Horror,5.9,ok,81,average length movie
2009,Staten Island,"Comedy, Crime, Drama",5.9,ok,96,average length movie
2006,Style,Musical,5.9,ok,160,long movie
2007,Una semana solos,"Comedy, Drama",5.9,ok,110,long movie
2007,Life Mein Kabhie Kabhiee,"Drama, Thriller",5.9,ok,145,long movie
2007,Magnus,Drama,5.9,ok,86,average length movie
2007,Ping Pong Playa,"Comedy, Sport",5.9,ok,96,average length movie
2010,Adventure Scouts,"Action, Adventure, Comedy",5.9,ok,83,average length movie
2008,Kings of the Evening,Drama,5.9,ok,99,average length movie
2009,Infestation,"Action, Adventure, Comedy",5.9,ok,91,average length movie
2008,Eden,Drama,5.9,ok,83,average length movie
2009,Recién cazado,"Comedy, Drama, Romance",5.9,ok,110,long movie
2008,U Me Aur Hum,"Drama, Romance",5.9,ok,156,long movie
2007,Zhestokost,Drama,5.9,ok,89,average length movie
2007,Got My Eye on You,"Comedy, Music, Romance",5.9,ok,90,average length movie
2009,Falling Awake,"Romance, Thriller",5.9,ok,110,long movie
2007,XX (ekusu kurosu): makyô densetsu,"Action, Adventure, Comedy",5.9,ok,90,average length movie
2008,My Best Friend's Girl,"Comedy, Romance",5.9,ok,101,long movie
2008,Kataude mashin gâru,"Action, Comedy, Horror",5.9,ok,96,average length movie
2007,A Via Láctea,Drama,5.9,ok,86,average length movie
2008,GP506,Horror,5.9,ok,121,long movie
2008,Hayattan korkma,Drama,5.9,ok,103,long movie
2008,Märzmelodie,"Comedy, Musical",5.9,ok,89,average length movie
2010,Krews,"Action, Crime, Drama",5.9,ok,105,long movie
2007,Itsuka no kimi e,"Drama, Romance",5.9,ok,67,average length movie
2008,"Two Fists, One Heart","Action, Drama, Sport",5.9,ok,105,long movie
2008,Kamisama no pazuru,Sci-Fi,5.9,ok,134,long movie
2009,Confessions of a Shopaholic,"Comedy, Romance",5.9,ok,104,long movie
2008,The Disappeared,"Drama, Horror, Thriller",5.9,ok,96,average length movie
2008,Moskovskiy zhigolo,Drama,5.9,ok,97,average length movie
2006,Che kasi Amir ra kosht?,"Comedy, Crime",5.9,ok,92,average length movie
2009,Don't Worry About Me,Drama,5.9,ok,89,average length movie
2008,Mum & Dad,"Horror, Thriller",5.9,ok,84,average length movie
2007,Münferit,"Crime, Drama",5.9,ok,107,long movie
2008,Bouquet final,Comedy,5.9,ok,101,long movie
2007,Bangkok Love Story,"Action, Crime, Drama",5.9,ok,109,long movie
2010,Moo-jeok-ja,"Action, Crime, Drama",5.9,ok,124,long movie
2008,Wonseu-eopon-eo-taim,"Action, Adventure, Comedy",5.9,ok,110,long movie
2010,Holy Rollers,"Biography, Crime, Drama",5.9,ok,89,average length movie
2007,More Than Just a Game,"Drama, Sport",5.9,ok,90,average length movie
2008,Hoe overleef ik...?,"Drama, Family",5.9,ok,100,long movie
2008,Morrison krijgt een zusje,Family,5.9,ok,72,average length movie
2009,Bancs publics (Versailles rive droite),Comedy,5.9,ok,110,long movie
2008,Amorosa Soledad,"Comedy, Romance",5.9,ok,82,average length movie
2008,Chîmu bachisuta no eikô,"Comedy, Drama, Mystery",5.9,ok,120,long movie
2008,La rabia,Drama,5.9,ok,85,average length movie
2009,Quick Gun Murugun: Misadventures of an Indian Cowbo,"Action, Comedy, Drama",5.9,ok,97,average length movie
2009,Beyond a Reasonable Doubt,"Crime, Drama, Mystery",5.9,ok,106,long movie
2009,La horde,"Action, Horror",5.9,ok,90,average length movie
2008,Tôkyô zankoku keisatsu,"Action, Comedy, Horror",5.9,ok,110,long movie
2008,Star Wars: The Clone Wars,"Animation, Action, Adventu",5.9,ok,98,average length movie
2009,Spread,"Comedy, Drama, Romance",5.9,ok,97,average length movie
2008,Jiang shan mei ren,"Action, Drama, History",5.9,ok,99,average length movie
2009,Bellamy,"Crime, Drama, Thriller",5.9,ok,110,long movie
2008,Wit licht,"Drama, Thriller",5.9,ok,115,long movie
2008,The Pleasure of Being Robbed,Drama,5.9,ok,71,average length movie
2008,Unspoken,Drama,5.9,ok,90,average length movie
2009,Bomber,"Comedy, Drama",5.9,ok,84,average length movie
2009,The Fourth Kind,"Mystery, Sci-Fi, Thriller",5.9,ok,98,average length movie
2008,Il resto della notte,Drama,5.9,ok,101,long movie
2008,Tobruk,"History, War",5.9,ok,102,long movie
2009,Passenger Side,"Comedy, Drama",5.9,ok,85,average length movie
2008,La maison Nucingen,Horror,5.9,ok,94,average length movie
2010,Triple Dog,"Drama, Thriller",5.9,ok,95,average length movie
2009,Grande ourse - La clé des possibles,"Mystery, Sci-Fi",5.9,ok,104,long movie
2010,De vliegenierster van Kazbek,"Drama, Musical, War",5.9,ok,104,long movie
2009,El niño pez,"Drama, Romance, Thriller",5.9,ok,96,average length movie
2009,Saidoweizu,Drama,5.9,ok,124,long movie
2009,Darfur,"Drama, War",5.9,ok,98,average length movie
2009,Father in Israel,"Drama, Family",5.9,ok,90,average length movie
2009,Ved verdens ende,"Action, Adventure, Comedy",5.9,ok,95,average length movie
2009,Boat,Drama,5.9,ok,115,long movie
2010,Burning Bright,"Drama, Horror, Thriller",5.9,ok,86,average length movie
2009,Lo siniestro,Horror,5.9,ok,88,average length movie
2009,Papírkutyák,"Comedy, Crime",5.9,ok,92,average length movie
2009,Cherrybomb,"Drama, Thriller",5.9,ok,86,average length movie
2009,Albert Schweitzer,"Biography, Drama, History",5.9,ok,114,long movie
2010,The Way Home,Drama,5.9,ok,89,average length movie
2008,Plennyy,"Action, Drama",5.9,ok,80,average length movie
2007,Spring 1941,"Drama, War",5.9,ok,120,long movie
2009,Splinterheads,Comedy,5.9,ok,94,average length movie
2009,Give 'em Hell Malone,"Action, Crime, Thriller",5.9,ok,96,average length movie
2009,Deutschland 09 - 13 kurze Filme zur Lage der Nation,Drama,5.9,ok,151,long movie
2009,The Scenesters,"Comedy, Crime, Mystery",5.9,ok,101,long movie
2008,Il primo giorno d'inverno,Drama,5.9,ok,88,average length movie
2010,Henri 4,"Biography, Drama, War",5.9,ok,155,long movie
2010,Standing Firm,Drama,5.9,ok,81,average length movie
2009,Rivers Wash Over Me,"Drama, Romance",5.9,ok,87,average length movie
2008,Dioses,Drama,5.9,ok,120,long movie
2010,Der grosse Kater,Drama,5.9,ok,88,average length movie
2009,Holy Water,"Comedy, Crime",5.9,ok,94,average length movie
2010,The Last Song,"Drama, Music, Romance",5.9,ok,107,long movie
2009,A Esperança Está Onde Menos Se Espera,Drama,5.9,ok,122,long movie
2009,Appelsinpiken,"Drama, Romance",5.9,ok,80,average length movie
2007,Padashe sokoot,"Drama, War",5.9,ok,90,average length movie
2009,Adieu Gary,Drama,5.9,ok,75,average length movie
2008,En enkelt til Korsør,"Comedy, Romance",5.9,ok,104,long movie
2009,Fei chang wan mei,"Comedy, Romance",5.9,ok,107,long movie
2009,Los condenados,"Drama, Thriller",5.9,ok,94,average length movie
2008,Takut: Faces of Fear,Horror,5.9,ok,90,average length movie
2009,Incognito,Comedy,5.9,ok,93,average length movie
2010,Baciami ancora,"Drama, Romance",5.9,ok,139,long movie
2009,Beeswax,"Comedy, Drama",5.9,ok,100,long movie
2009,Peklo s princeznou,"Comedy, Family, Fantasy",5.9,ok,95,average length movie
2009,Papírrepülôk,"Comedy, Drama, Romance",5.9,ok,94,average length movie
2009,Halfway to Heaven,"Comedy, Fantasy, Romance",5.9,ok,80,average length movie
2009,Bröllopsfotografen,"Comedy, Drama, Romance",5.9,ok,113,long movie
2009,U Pana Boga za miedza,Comedy,5.9,ok,110,long movie
2009,Pokoj v dusi,Drama,5.9,ok,98,average length movie
2009,Bollywood Hero,Drama,5.9,ok,85,average length movie
2010,Grown Ups,Comedy,5.9,ok,102,long movie
2009,Une petite zone de turbulences,Comedy,5.9,ok,108,long movie
2009,Man tänker sitt,Drama,5.9,ok,76,average length movie
2009,Pettson & Findus - Glömligheter,"Animation, Family",5.9,ok,70,average length movie
2009,Kirpi,Comedy,5.9,ok,100,long movie
2009,Francia,"Comedy, Drama",5.9,ok,78,average length movie
2009,Straight,"Comedy, Drama",5.9,ok,110,long movie
2010,Just Wright,"Comedy, Romance, Sport",5.9,ok,100,long movie
2010,Bloomington,Drama,5.9,ok,83,average length movie
2010,Il figlio più piccolo,"Comedy, Drama",5.9,ok,100,long movie
2009,Plein sud,"Drama, Romance",5.9,ok,87,average length movie
2010,Leonie,"Biography, Drama",5.9,ok,102,long movie
2009,Mitä meistä tuli,"Crime, Drama",5.9,ok,116,long movie
2010,Small Town Murder Songs,"Crime, Drama, Thriller",5.9,ok,75,average length movie
2009,Boy,"Drama, Romance",5.9,ok,80,average length movie
2007,Vel,"Action, Comedy, Drama",5.9,ok,160,long movie
2010,Bass Ackwards,"Adventure, Comedy, Drama",5.9,ok,103,long movie
2010,StreetDance 3D,"Drama, Music, Romance",5.9,ok,98,average length movie
2009,La mujer sin piano,"Comedy, Drama",5.9,ok,94,average length movie
2010,Cheung Gong 7 hou: Oi dei kau,Animation,5.9,ok,83,average length movie
2010,Leading Ladies,Comedy,5.9,ok,102,long movie
2010,Juan,"Drama, Music, Romance",5.9,ok,105,long movie
2010,Undocumented,Horror,5.9,ok,96,average length movie
2010,Im Alter von Ellen,Drama,5.9,ok,95,average length movie
2009,Le coach,Comedy,5.9,ok,92,average length movie
2009,Sham moh,Drama,5.9,ok,94,average length movie
2009,Mniejsze zlo,Drama,5.9,ok,110,long movie
2009,Hel,Drama,5.9,ok,84,average length movie
2010,Heaven Burns,Drama,5.9,ok,105,long movie
2009,Wangan middonaito the movie,"Action, Drama",5.9,ok,100,long movie
2009,Kichin,"Drama, Romance",5.9,ok,102,long movie
2010,Motel Nana,Drama,5.9,ok,92,average length movie
2009,Pe-eo leo-beu,"Drama, Romance",5.9,ok,115,long movie
2010,Gabi on the Roof in July,"Comedy, Drama, Romance",5.9,ok,101,long movie
2010,Putty Hill,Drama,5.9,ok,85,average length movie
2010,Año bisiesto,"Drama, Romance",5.9,ok,94,average length movie
2009,Abimm,"Comedy, Drama",5.9,ok,108,long movie
2010,Knock Out,"Action, Crime, Drama",5.9,ok,117,long movie
2010,Elisa K,Drama,5.9,ok,71,average length movie
2010,@urFRENZ,Drama,5.9,ok,90,average length movie
2010,Fase 7,"Sci-Fi, Thriller",5.9,ok,95,average length movie
2010,Suicide Club,"Adventure, Comedy, Drama",5.9,ok,96,average length movie
2010,Simha,"Action, Drama",5.9,ok,155,long movie
2010,Belle épine,Drama,5.9,ok,80,average length movie
2009,Kenta to Jun to Kayo-chan no kuni,Drama,5.9,ok,131,long movie
2010,Harjunpää & pahan pappi,"Mystery, Thriller",5.9,ok,106,long movie
2010,Fei saa fung chung chun,"Action, Comedy, Crime",5.9,ok,95,average length movie
2010,En helt vanlig dag på jobben,"Biography, Comedy, Drama",5.9,ok,86,average length movie
2009,Swa Le,"Comedy, Drama",5.9,ok,139,long movie
2010,Khelein Hum Jee Jaan Sey,"Action, Drama, History",5.9,ok,168,long movie
2010,Bimilae,Drama,5.9,ok,111,long movie
2010,Wasted on the Young,"Drama, Thriller",5.9,ok,97,average length movie
2007,Choi-gang lo-maen-seu,"Comedy, Romance",5.9,ok,109,long movie
2010,No controles,"Comedy, Romance",5.9,ok,100,long movie
2010,The Drummond Will,"Comedy, Mystery",5.9,ok,81,average length movie
2010,Golimar,Action,5.9,ok,160,long movie
2008,Do Re Mi Fa So La Si Do,"Drama, Romance",5.9,ok,105,long movie
2010,La banda dei Babbi Natale,Comedy,5.9,ok,100,long movie
2010,Jaloux,Thriller,5.9,ok,95,average length movie
2010,Don Seenu,"Action, Comedy",5.9,ok,164,long movie
2009,To,"Animation, Action, Adventu",5.9,ok,85,average length movie
2010,Au fond des bois,Drama,5.9,ok,102,long movie
2010,Peremirie,Drama,5.9,ok,95,average length movie
2010,Mamas & Papas,"Drama, Family",5.9,ok,110,long movie
2010,Anarchija Zirmunuose,Drama,5.9,ok,90,average length movie
2010,Goo-reu-meul beo-eo-nan dal-cheo-reom,Action,5.9,ok,111,long movie
2010,Kanenas,"Drama, Romance",5.9,ok,95,average length movie
2010,Ramayana: The Epic,"Animation, Adventure, Fami",5.9,ok,98,average length movie
2010,Reds & Blues: The Ballad of Dixie & Kenny,Comedy,5.9,ok,109,long movie
2010,Die xue gu cheng,"Action, Drama, History",5.9,ok,131,long movie
2010,Hawi,Drama,5.9,ok,112,long movie
2010,Karma,Drama,5.9,ok,90,average length movie
2008,Dokkan Shehata,"Action, Drama",5.9,ok,137,long movie
2009,Kvelaferi kargad iqneba,"Action, Adventure, Comedy",5.9,ok,94,average length movie
2005,Al Abaa' al Sighar,"Comedy, Family, Musical",5.9,ok,90,average length movie
2010,The Speed: Do or Die,Action,5.9,ok,151,long movie
2007,Hena maysara,"Action, Crime, Drama",5.9,ok,127,long movie
2008,Geliebte Clara,"Biography, Drama, Music",5.8,ok,107,long movie
2005,The Ringer,"Comedy, Sport",5.8,ok,94,average length movie
2005,The Illustrated Family Doctor,"Comedy, Drama, Fantasy",5.8,ok,102,long movie
2006,Whirlygirl,"Drama, Romance",5.8,ok,99,average length movie
2005,Trouble,Thriller,5.8,ok,98,average length movie
2008,Journey to the Center of the Earth,"Action, Adventure, Family",5.8,ok,93,average length movie
2006,Libertas,"Biography, Drama, History",5.8,ok,130,long movie
2006,Gray Matters,"Comedy, Romance",5.8,ok,96,average length movie
2005,Slow Burn,"Drama, Mystery, Thriller",5.8,ok,93,average length movie
2005,Frozen,Thriller,5.8,ok,90,average length movie
2005,Into the Blue,"Action, Adventure, Crime",5.8,ok,110,long movie
2007,Tali-Ihantala 1944,"Drama, History, War",5.8,ok,117,long movie
2007,Savage Grace,Drama,5.8,ok,97,average length movie
2005,Flirt,"Romance, Comedy",5.8,ok,90,average length movie
2005,Cry Wolf,"Drama, Horror, Mystery",5.8,ok,90,average length movie
2006,Ask the Dust,"Drama, Romance",5.8,ok,117,long movie
2007,Say It in Russian,"Drama, Romance, Thriller",5.8,ok,85,average length movie
2005,The River King,"Drama, Mystery, Thriller",5.8,ok,99,average length movie
2005,Bye Bye Blackbird,Drama,5.8,ok,99,average length movie
2005,Le courage d'aimer,"Comedy, Drama",5.8,ok,103,long movie
2006,Egyetleneim,"Comedy, Drama, Romance",5.8,ok,76,average length movie
2005,FAQs,Drama,5.8,ok,95,average length movie
2005,Beowulf & Grendel,"Action, Adventure, Drama",5.8,ok,103,long movie
2005,Last Days,"Drama, Music",5.8,ok,97,average length movie
2005,Nearing Grace,"Comedy, Drama, Romance",5.8,ok,105,long movie
2005,Dirty Deeds,Comedy,5.8,ok,87,average length movie
2006,Firewall,"Action, Crime, Thriller",5.8,ok,105,long movie
2005,Bad News Bears,"Comedy, Sport",5.8,ok,113,long movie
2007,The Heartbreak Kid,"Comedy, Romance",5.8,ok,116,long movie
2008,Downloading Nancy,"Drama, Thriller",5.8,ok,102,long movie
2006,Final Destination 3,"Horror, Thriller",5.8,ok,93,average length movie
2006,The Texas Chainsaw Massacre: The Beginning,"Horror, Thriller",5.8,ok,91,average length movie
2005,Steal Me,Drama,5.8,ok,95,average length movie
2005,El calentito,"Comedy, Music",5.8,ok,90,average length movie
2005,Les chevaliers du ciel,"Adventure, Action",5.8,ok,102,long movie
2006,Moreno & tystnaden,"Crime, Drama, Mystery",5.8,ok,91,average length movie
2005,Game 6,"Comedy, Drama, Sport",5.8,ok,87,average length movie
2005,Mary,"Drama, Thriller",5.8,ok,83,average length movie
2006,Mini's First Time,"Comedy, Crime, Drama",5.8,ok,91,average length movie
2005,Niagara Motel,Drama,5.8,ok,88,average length movie
2005,Touched,"Drama, Romance",5.8,ok,90,average length movie
2005,O Veneno da Madrugada,Drama,5.8,ok,118,long movie
2005,Stoned,"Biography, Drama, Music",5.8,ok,102,long movie
2005,Les enfants,Comedy,5.8,ok,88,average length movie
2006,The Ant Bully,"Animation, Adventure, Come",5.8,ok,88,average length movie
2006,Sejtanov ratnik,"Comedy, Fantasy, Horror",5.8,ok,94,average length movie
2005,Román pro zeny,Comedy,5.8,ok,100,long movie
2005,Snow White,Drama,5.8,ok,111,long movie
2006,Friends with Money,"Comedy, Drama, Romance",5.8,ok,88,average length movie
2007,The Memory Thief,Drama,5.8,ok,95,average length movie
2005,All That I Need,"Comedy, Drama",5.8,ok,80,average length movie
2005,Mumbai Express,"Action, Comedy",5.8,ok,152,long movie
2005,The Cabinet of Dr. Caligari,"Drama, Horror, Mystery",5.8,ok,76,average length movie
2005,Laura Smiles,Drama,5.8,ok,98,average length movie
2005,Desu toransu,"Action, Adventure, Fantasy",5.8,ok,89,average length movie
2005,J'ai vu tuer Ben Barka,Drama,5.8,ok,101,long movie
2005,Mon petit doigt m'a dit...,"Comedy, Mystery",5.8,ok,105,long movie
2008,Bitter & Twisted,"Comedy, Drama",5.8,ok,90,average length movie
2005,Pasongsong gyerantak,"Comedy, Drama",5.8,ok,120,long movie
2005,Odete,Drama,5.8,ok,101,long movie
2006,Suburban Mayhem,"Comedy, Drama, Thriller",5.8,ok,95,average length movie
2006,Premium,"Comedy, Drama, Romance",5.8,ok,97,average length movie
2008,Telling Lies,Thriller,5.8,ok,81,average length movie
2006,The Break-Up,"Comedy, Drama, Romance",5.8,ok,106,long movie
2006,Studs,"Comedy, Sport",5.8,ok,90,average length movie
2005,Venner for livet,"Family, Drama",5.8,ok,89,average length movie
2005,Fîmeiru,Drama,5.8,ok,118,long movie
2006,Journey to the End of the Night,"Crime, Drama, Thriller",5.8,ok,88,average length movie
2006,The Kovak Box,"Mystery, Sci-Fi, Thriller",5.8,ok,102,long movie
2005,Jai Chiranjeeva,"Action, Comedy, Drama",5.8,ok,174,long movie
2005,The Reception,"Comedy, Drama, Romance",5.8,ok,80,average length movie
2005,Lifting de corazón,"Comedy, Drama, Romance",5.8,ok,93,average length movie
2005,Eilandgasten,Drama,5.8,ok,100,long movie
2006,The Truth,Comedy,5.8,ok,114,long movie
2005,Ek Khiladi Ek Haseena,"Comedy, Crime, Thriller",5.8,ok,143,long movie
2005,Hula Gods,"Comedy, Romance",5.8,ok,83,average length movie
2006,The Treatment,"Comedy, Drama, Romance",5.8,ok,86,average length movie
2006,Les brigades du Tigre,"Action, Adventure, Crime",5.8,ok,125,long movie
2005,Nerariyan CBI,"Mystery, Thriller",5.8,ok,146,long movie
2006,"Lenexa, 1 Mile",Drama,5.8,ok,91,average length movie
2005,Taepungtaeyang,Drama,5.8,ok,107,long movie
2005,Bunker paradise,Drama,5.8,ok,109,long movie
2007,"Maradona, la mano di Dio","Biography, Drama, Romance",5.8,ok,110,long movie
2005,Weltverbesserungsmaßnahmen,Comedy,5.8,ok,91,average length movie
2006,Alien Autopsy,"Biography, Comedy, Sci-Fi",5.8,ok,95,average length movie
2005,Buitenspel,"Drama, Fantasy, Mystery",5.8,ok,90,average length movie
2005,Bunhongsin,"Horror, Thriller",5.8,ok,103,long movie
2005,Jeuk sing,Comedy,5.8,ok,137,long movie
2006,Park,"Comedy, Drama",5.8,ok,86,average length movie
2005,Saigo no bansan,"Drama, Horror, Mystery",5.8,ok,92,average length movie
2006,Pournami,"Action, Drama, Mystery",5.8,ok,160,long movie
2007,Death Defying Acts,"Drama, History, Romance",5.8,ok,97,average length movie
2007,September Dawn,"Drama, History, Romance",5.8,ok,111,long movie
2005,Tae-poong,Action,5.8,ok,124,long movie
2005,Thirupaachi,"Action, Drama",5.8,ok,178,long movie
2006,Footy Legends,"Comedy, Drama, Sport",5.8,ok,90,average length movie
2007,Vikaren,"Comedy, Fantasy, Horror",5.8,ok,93,average length movie
2005,Potera za Srec(k)om,Comedy,5.8,ok,97,average length movie
2006,Jam,Drama,5.8,ok,91,average length movie
2006,Exit,"Drama, Mystery, Thriller",5.8,ok,100,long movie
2007,The Good Night,"Comedy, Drama, Fantasy",5.8,ok,93,average length movie
2006,Gradiva (C'est Gradiva qui vous appelle),"Drama, Horror",5.8,ok,110,long movie
2007,Superheroes,Drama,5.8,ok,87,average length movie
2007,Wind Chill,"Drama, Horror, Thriller",5.8,ok,91,average length movie
2006,Middletown,Drama,5.8,ok,88,average length movie
2006,Chacun sa nuit,Drama,5.8,ok,95,average length movie
2007,Wild Hogs,"Action, Adventure, Comedy",5.8,ok,100,long movie
2006,FC Venus,"Comedy, Romance, Sport",5.8,ok,100,long movie
2007,Cow-Boy,Comedy,5.8,ok,96,average length movie
2006,Muito Gelo e Dois Dedos D'Água,Comedy,5.8,ok,108,long movie
2008,De brief voor de koning,Adventure,5.8,ok,110,long movie
2006,The Tiger's Tail,"Comedy, Crime, Drama",5.8,ok,107,long movie
2006,Hezké chvilky bez záruky,Drama,5.8,ok,113,long movie
2006,Stay,"Comedy, Drama, Romance",5.8,ok,87,average length movie
2005,Ti amo in tutte le lingue del mondo,Comedy,5.8,ok,99,average length movie
2006,Kurtlar Vadisi: Irak,"Action, Drama, War",5.8,ok,122,long movie
2006,Black Eyed Dog,Drama,5.8,ok,91,average length movie
2006,Uro,"Action, Crime, Thriller",5.8,ok,104,long movie
2006,Små mirakel och stora,Drama,5.8,ok,97,average length movie
2007,Taitei no ken,"Action, Comedy, Fantasy",5.8,ok,110,long movie
2006,The Genius Club,"Drama, Thriller",5.8,ok,119,long movie
2005,Ren yu duo duo,"Drama, Fantasy, Romance",5.8,ok,94,average length movie
2006,Offside,"Comedy, Drama, Sport",5.8,ok,103,long movie
2006,Désaccord parfait,Comedy,5.8,ok,92,average length movie
2006,Black Sheep,"Comedy, Horror, Sci-Fi",5.8,ok,87,average length movie
2007,Smiley Face,Comedy,5.8,ok,85,average length movie
2010,The Wolfman,"Drama, Fantasy, Horror",5.8,ok,103,long movie
2007,Until Death,"Crime, Drama, Thriller",5.8,ok,101,long movie
2007,The Walker,"Crime, Drama, Mystery",5.8,ok,108,long movie
2007,Dans les cordes,"Drama, Sport",5.8,ok,93,average length movie
2007,Angel,"Drama, Romance",5.8,ok,113,long movie
2008,In Tranzit,"Drama, Romance, War",5.8,ok,113,long movie
2007,Everybody Wants to Be Italian,"Comedy, Romance",5.8,ok,105,long movie
2007,La cena per farli conoscere,Comedy,5.8,ok,99,average length movie
2007,Georgia Rule,"Comedy, Drama",5.8,ok,113,long movie
2008,Senseless,"Crime, Drama, Horror",5.8,ok,87,average length movie
2010,Clash of the Titans,"Action, Adventure, Fantasy",5.8,ok,106,long movie
2007,Storm Warning,"Horror, Thriller",5.8,ok,86,average length movie
2007,Achados e Perdidos,Crime,5.8,ok,102,long movie
2006,977,"Drama, Sci-Fi",5.8,ok,86,average length movie
2006,Ede megevé ebédem,Comedy,5.8,ok,90,average length movie
2007,Nevalyashka,"Comedy, Sport",5.8,ok,92,average length movie
2006,Obratnyy otschet,Action,5.8,ok,110,long movie
2007,Actrices,"Comedy, Drama",5.8,ok,107,long movie
2008,4 Copas,Romance,5.8,ok,110,long movie
2007,Vanechka,"Drama, Romance",5.8,ok,103,long movie
2006,Disorder,Thriller,5.8,ok,103,long movie
2006,Rag Tag,"Drama, Romance",5.8,ok,98,average length movie
2009,Ghosts of Girlfriends Past,"Comedy, Fantasy, Romance",5.8,ok,100,long movie
2008,All Roads Lead Home,"Drama, Family",5.8,ok,108,long movie
2006,Fartovyy,"Crime, Drama",5.8,ok,93,average length movie
2006,Apateu,"Horror, Thriller",5.8,ok,90,average length movie
2007,Primo Basílio,"Drama, Romance",5.8,ok,106,long movie
2007,The Take,"Action, Crime, Drama",5.8,ok,96,average length movie
2008,Semi-Pro,"Comedy, Sport",5.8,ok,91,average length movie
2007,Die Wilden Hühner und die Liebe,"Comedy, Family, Romance",5.8,ok,108,long movie
2006,4-4-2 - Il gioco più bello del mondo,Comedy,5.8,ok,100,long movie
2007,Colorado Avenue,Drama,5.8,ok,120,long movie
2007,LA Blues,Comedy,5.8,ok,95,average length movie
2007,Mrs. Ratcliffe's Revolution,Comedy,5.8,ok,102,long movie
2008,Touching Home,"Drama, Sport",5.8,ok,108,long movie
2007,Faut que ça danse!,"Comedy, Drama",5.8,ok,100,long movie
2006,Sa-rang-ha-ni-gga-gwen-chan-a,Romance,5.8,ok,111,long movie
2009,Nine,"Drama, Musical, Romance",5.8,ok,118,long movie
2010,Eat Pray Love,"Drama, Romance",5.8,ok,133,long movie
2006,Solange Du hier bist,Drama,5.8,ok,77,average length movie
2007,La vérité ou presque,"Comedy, Drama",5.8,ok,95,average length movie
2009,Brüno,Comedy,5.8,ok,81,average length movie
2007,L'heure zéro,"Comedy, Mystery",5.8,ok,104,long movie
2008,Outpost,"Action, Horror, Sci-Fi",5.8,ok,90,average length movie
2008,The Loss of a Teardrop Diamond,"Drama, Romance",5.8,ok,102,long movie
2007,Cumbia callera,"Crime, Drama, Musical",5.8,ok,94,average length movie
2007,Ai qing hu jiao zhuan yi,"Comedy, Romance",5.8,ok,95,average length movie
2007,Why Did I Get Married?,"Comedy, Drama",5.8,ok,113,long movie
2009,44 Inch Chest,"Crime, Drama",5.8,ok,95,average length movie
2007,Après lui,Drama,5.8,ok,94,average length movie
2008,Dance of the Dead,"Comedy, Horror",5.8,ok,87,average length movie
2008,Afterwards,"Drama, Mystery, Thriller",5.8,ok,104,long movie
2007,Sifir dedigimde,"Drama, Fantasy, Mystery",5.8,ok,90,average length movie
2007,Searchers 2.0,"Comedy, Drama",5.8,ok,96,average length movie
2008,Mad Money,"Comedy, Crime, Thriller",5.8,ok,104,long movie
2008,Les enfants de Timpelbach,"Adventure, Family, Fantasy",5.8,ok,95,average length movie
2008,The Ruins,Horror,5.8,ok,90,average length movie
2006,"Vdokh, vydokh",Drama,5.8,ok,86,average length movie
2007,St. Trinian's,"Comedy, Family",5.8,ok,97,average length movie
2008,RSO [Registered Sex Offender],Comedy,5.8,ok,80,average length movie
2006,Straight Story,"Comedy, Fantasy, Romance",5.8,ok,88,average length movie
2007,El brindis,"Comedy, Drama",5.8,ok,100,long movie
2008,Miao Miao,"Comedy, Drama, Romance",5.8,ok,83,average length movie
2008,Incendiary,"Drama, Romance, Thriller",5.8,ok,96,average length movie
2009,Ingenious,"Comedy, Drama, Romance",5.8,ok,85,average length movie
2007,7 km da Gerusalemme,Drama,5.8,ok,105,long movie
2008,Notre univers impitoyable,Comedy,5.8,ok,87,average length movie
2010,The Cursed,"Horror, Romance, Thriller",5.8,ok,88,average length movie
2008,Dansen,Drama,5.8,ok,90,average length movie
2008,Truffe,"Comedy, Drama, Sci-Fi",5.8,ok,75,average length movie
2009,Gamer,"Action, Sci-Fi, Thriller",5.8,ok,95,average length movie
2008,Les insoumis,"Action, Crime, Thriller",5.8,ok,91,average length movie
2008,Frost,"Comedy, Drama, Romance",5.8,ok,92,average length movie
2007,You Belong to Me,Thriller,5.8,ok,82,average length movie
2008,Cactus,"Crime, Drama, Mystery",5.8,ok,84,average length movie
2007,Trage liefde,Drama,5.8,ok,50,short movie
2009,G.I. Joe: The Rise of Cobra,"Action, Adventure, Sci-Fi",5.8,ok,118,long movie
2008,Buddenbrooks,Drama,5.8,ok,151,long movie
2008,All Inclusive,"Comedy, Drama",5.8,ok,95,average length movie
2009,Burlesque Fairytales,"Drama, Thriller",5.8,ok,83,average length movie
2009,The Descent: Part 2,"Adventure, Horror, Thrille",5.8,ok,94,average length movie
2009,Ne te retourne pas,"Drama, Horror, Mystery",5.8,ok,111,long movie
2008,Solo quiero caminar,"Crime, Drama, Thriller",5.8,ok,129,long movie
2008,Management,"Comedy, Drama, Romance",5.8,ok,94,average length movie
2009,Weather Girl,Comedy,5.8,ok,92,average length movie
2008,Uncertainty,"Drama, Romance, Thriller",5.8,ok,101,long movie
2007,Indi,"Drama, Romance",5.8,ok,92,average length movie
2007,Ranczo Wilkowyje,Comedy,5.8,ok,95,average length movie
2008,Les grandes personnes,"Comedy, Drama",5.8,ok,84,average length movie
2010,Consent,Drama,5.8,ok,87,average length movie
2009,"The Goods: Live Hard, Sell Hard",Comedy,5.8,ok,89,average length movie
2009,Next Day Air,"Action, Comedy, Crime",5.8,ok,84,average length movie
2008,Blå mænd,Comedy,5.8,ok,85,average length movie
2009,Echelon Conspiracy,"Action, Crime, Mystery",5.8,ok,105,long movie
2009,Amelia,"Adventure, Biography, Dram",5.8,ok,111,long movie
2007,Underdogs,Drama,5.8,ok,96,average length movie
2008,Saw V,"Horror, Mystery, Thriller",5.8,ok,92,average length movie
2009,Chintu Ji,"Comedy, Drama",5.8,ok,115,long movie
2009,"Mord ist mein Geschäft, Liebling","Comedy, Crime, Romance",5.8,ok,109,long movie
2009,Awaydays,"Crime, Drama",5.8,ok,105,long movie
2008,La fille de Monaco,"Comedy, Drama",5.8,ok,95,average length movie
2009,"Rabioso sol, rabioso cielo","Drama, Fantasy, Romance",5.8,ok,141,long movie
2009,Tanner Hall,"Drama, Romance",5.8,ok,96,average length movie
2008,La très très grande entreprise,Comedy,5.8,ok,102,long movie
2008,Duo shuai,"Action, Crime, Drama",5.8,ok,117,long movie
2009,Star Crossed,"Drama, Romance, Sport",5.8,ok,100,long movie
2008,Go Fast,"Action, Crime, Drama",5.8,ok,110,long movie
2008,Plus tard,Drama,5.8,ok,90,average length movie
2009,Castillos de cartón,"Drama, Romance",5.8,ok,94,average length movie
2009,2012,"Action, Adventure, Sci-Fi",5.8,ok,158,long movie
2008,Bloodline,Mystery,5.8,ok,113,long movie
2008,Kuchisake-onna 2,"Drama, Horror",5.8,ok,98,average length movie
2010,My Own Love Song,"Comedy, Drama",5.8,ok,102,long movie
2007,Ssa-woom,"Action, Comedy, Romance",5.8,ok,102,long movie
2009,"Chelovek, kotoryy znal vsyo",Drama,5.8,ok,106,long movie
2009,Observe and Report,"Comedy, Crime, Drama",5.8,ok,86,average length movie
2009,Spooner,"Comedy, Drama",5.8,ok,83,average length movie
2008,Nuit de chien,Drama,5.8,ok,110,long movie
2008,Allt flyter,"Comedy, Drama",5.8,ok,100,long movie
2008,Dog Tags,"Drama, Romance",5.8,ok,90,average length movie
2009,April Showers,"Crime, Drama",5.8,ok,94,average length movie
2008,Anubis: Het pad der 7 zonden,Mystery,5.8,ok,90,average length movie
2008,Dil Kabaddi,"Comedy, Drama",5.8,ok,120,long movie
2010,Resident Evil: Afterlife,"Action, Adventure, Horror",5.8,ok,96,average length movie
2008,Dig og mig,Drama,5.8,ok,85,average length movie
2009,Goryachie novosti,"Action, Crime, Drama",5.8,ok,107,long movie
2008,6 nyeon-jjae yeonae-jung,Romance,5.8,ok,103,long movie
2008,Ddeu-geo-woon-geot-e-jo-a,Comedy,5.8,ok,114,long movie
2008,Kidarida michyeo,"Comedy, Romance",5.8,ok,108,long movie
2009,Dare,"Drama, Romance",5.8,ok,92,average length movie
2010,The River Why,"Drama, Romance",5.8,ok,101,long movie
2009,Taras Bulba,"Action, Drama, History",5.8,ok,129,long movie
2009,The Perfect Age of Rock 'n' Roll,"Drama, Music",5.8,ok,92,average length movie
2008,Coopers' Camera,Comedy,5.8,ok,95,average length movie
2009,My Year Without Sex,"Comedy, Drama",5.8,ok,96,average length movie
2009,Knerten,"Adventure, Comedy, Family",5.8,ok,74,average length movie
2009,The Good Guy,"Comedy, Romance",5.8,ok,90,average length movie
2010,High School,Comedy,5.8,ok,99,average length movie
2008,Snuf de hond in oorlogstijd,"Adventure, Family",5.8,ok,97,average length movie
2008,Universalove,Musical,5.8,ok,83,average length movie
2010,SoulBoy,"Comedy, Drama, Music",5.8,ok,80,average length movie
2009,Un chat un chat,Comedy,5.8,ok,105,long movie
2010,Sympathy for Delicious,Drama,5.8,ok,96,average length movie
2010,Hunter Prey,"Sci-Fi, Thriller",5.8,ok,88,average length movie
2010,The Killing Jar,"Crime, Mystery, Thriller",5.8,ok,92,average length movie
2010,Aita,Drama,5.8,ok,85,average length movie
2009,Kenny Begins,"Action, Comedy, Sci-Fi",5.8,ok,87,average length movie
2009,Don McKay,"Drama, Mystery, Thriller",5.8,ok,87,average length movie
2007,Raju Bhai,Drama,5.8,ok,139,long movie
2008,Manna,"Comedy, Drama",5.8,ok,78,average length movie
2008,Derrière moi,Drama,5.8,ok,87,average length movie
2010,Meet Monica Velour,"Comedy, Drama, Romance",5.8,ok,96,average length movie
2009,Parkour,"Drama, Sport",5.8,ok,92,average length movie
2009,Everything Strange and New,Drama,5.8,ok,84,average length movie
2009,Dorfpunks,"Biography, Comedy, Drama",5.8,ok,90,average length movie
2009,Was du nicht siehst,"Drama, Romance, Thriller",5.8,ok,89,average length movie
2009,66/67,"Crime, Drama, Sport",5.8,ok,115,long movie
2010,Phasma Ex Machina,Sci-Fi,5.8,ok,86,average length movie
2009,Lalapipo,Comedy,5.8,ok,120,long movie
2009,Miyamoto Musashi: Sôken ni haseru yume,"Animation, Action",5.8,ok,72,average length movie
2008,Discreet,"Drama, Romance",5.8,ok,82,average length movie
2009,The Firm,Drama,5.8,ok,90,average length movie
2009,Made in China,Comedy,5.8,ok,87,average length movie
2008,Zebra Crossing,Drama,5.8,ok,93,average length movie
2010,Morning,Drama,5.8,ok,95,average length movie
2010,The Reef,"Adventure, Drama, Horror",5.8,ok,94,average length movie
2009,Besouro,"Action, Biography, Drama",5.8,ok,94,average length movie
2008,Kamennaya bashka,"Crime, Drama, Sport",5.8,ok,94,average length movie
2009,Kanikôsen,"Action, Adventure, Drama",5.8,ok,109,long movie
2010,Five Star Day,"Drama, Romance",5.8,ok,97,average length movie
2009,One Hundred Mornings,Drama,5.8,ok,85,average length movie
2008,Max Pinlig,"Comedy, Family",5.8,ok,98,average length movie
2008,Toul omry,"Drama, Romance",5.8,ok,119,long movie
2008,Mi verano con Amanda,Comedy,5.8,ok,92,average length movie
2008,Ile wazy kon trojanski?,Comedy,5.8,ok,117,long movie
2008,Odnazhdy v provintsii,Drama,5.8,ok,100,long movie
2009,La famille Wolberg,Drama,5.8,ok,95,average length movie
2009,An Earthy Paradise for the Eyes,"Comedy, Drama, History",5.8,ok,114,long movie
2010,The Extra Man,Comedy,5.8,ok,108,long movie
2009,Lyubov v bolshom gorode,"Comedy, Fantasy, Romance",5.8,ok,84,average length movie
2010,Father of Invention,"Comedy, Drama",5.8,ok,93,average length movie
2009,Sbirri,"Action, Drama",5.8,ok,90,average length movie
2010,The Dead,"Action, Adventure, Drama",5.8,ok,105,long movie
2010,Nous trois,"Drama, Romance",5.8,ok,90,average length movie
2010,You Again,"Comedy, Romance",5.8,ok,105,long movie
2009,"Io, loro e Lara",Comedy,5.8,ok,115,long movie
2009,Une semaine sur deux (et la moitié des vacances sco,"Drama, Family",5.8,ok,98,average length movie
2010,Coursier,"Action, Comedy, Crime",5.8,ok,98,average length movie
2008,1724 gibangnandongsageon,"Action, Adventure, Comedy",5.8,ok,103,long movie
2009,Heavenly Touch,"Drama, Romance",5.8,ok,90,average length movie
2010,Das Sandmännchen - Abenteuer im Traumland,"Animation, Adventure, Come",5.8,ok,83,average length movie
2010,Cost of a Soul,"Crime, Drama",5.8,ok,107,long movie
2010,My Girlfriend's Boyfriend,"Comedy, Romance",5.8,ok,84,average length movie
2009,Tau chut,Horror,5.8,ok,100,long movie
2009,Poligamy,"Comedy, Romance",5.8,ok,85,average length movie
2010,Lance et compte,"Drama, Sport",5.8,ok,120,long movie
2009,Moja krew,Drama,5.8,ok,90,average length movie
2009,Eating Out: All You Can Eat,"Comedy, Drama, Romance",5.8,ok,80,average length movie
2010,Fatal,"Comedy, Music",5.8,ok,95,average length movie
2010,Que se mueran los feos,Comedy,5.8,ok,104,long movie
2009,Petya po doroge v Tsarstvie Nebesnoe,Drama,5.8,ok,97,average length movie
2006,Thimiru,Action,5.8,ok,155,long movie
2009,House of the Wolf Man,"Family, Horror",5.8,ok,81,average length movie
2010,Death and Cremation,"Drama, Horror, Thriller",5.8,ok,86,average length movie
2009,Pangarööv,Drama,5.8,ok,93,average length movie
2010,Anjaana Anjaani,"Comedy, Drama, Musical",5.8,ok,151,long movie
2009,Macho,"Comedy, Drama, Romance",5.8,ok,76,average length movie
2010,The Man Who Collected Food,"Comedy, Horror",5.8,ok,79,average length movie
2007,Bharani,"Action, Drama",5.8,ok,145,long movie
2009,Os Normais 2: A Noite Mais Maluca de Todas,Comedy,5.8,ok,75,average length movie
2010,4.3.2.1.,"Crime, Thriller",5.8,ok,117,long movie
2010,Fun sau suet oi nei,"Comedy, Drama, Romance",5.8,ok,104,long movie
2010,La bellezza del somaro,Comedy,5.8,ok,107,long movie
2010,Kóngavegur,"Comedy, Drama",5.8,ok,100,long movie
2010,Eksperimentet,"Drama, History",5.8,ok,90,average length movie
2010,Cruzando el límite,Drama,5.8,ok,92,average length movie
2009,Antikiller D.K.,Action,5.8,ok,96,average length movie
2010,Zhu li ye,"Drama, Romance",5.8,ok,106,long movie
2010,Rina,"Comedy, Drama, Romance",5.8,ok,105,long movie
2010,Zot van A.,"Comedy, Romance",5.8,ok,120,long movie
2009,Wong Gok gam yuk,"Crime, Drama",5.8,ok,96,average length movie
2010,"L'amour, c'est mieux à deux","Comedy, Romance",5.8,ok,100,long movie
2010,Amigo,"Drama, War",5.8,ok,124,long movie
2010,Good Neighbours,"Drama, Thriller",5.8,ok,99,average length movie
2006,Kitakitalu,Comedy,5.8,ok,150,long movie
2010,Repeaters,"Action, Crime, Drama",5.8,ok,89,average length movie
2010,Sentô shôjo: Chi no tekkamen densetsu,"Comedy, Fantasy, Horror",5.8,ok,89,average length movie
2010,L'âge de raison,"Comedy, Romance",5.8,ok,97,average length movie
2010,Febbre da fieno,Romance,5.8,ok,100,long movie
2010,Kurt Josef Wagle og legenden om Fjordheksa,"Comedy, Horror",5.8,ok,82,average length movie
2008,Souryam,"Action, Drama",5.8,ok,151,long movie
2010,Rubber,"Comedy, Fantasy, Horror",5.8,ok,82,average length movie
2010,Harisma,"Comedy, Drama, Romance",5.8,ok,83,average length movie
2010,Poker,Comedy,5.8,ok,112,long movie
2010,Virsa,Drama,5.8,ok,133,long movie
2010,Que Pena Tu Vida,"Comedy, Drama, Romance",5.8,ok,94,average length movie
2010,Maschi contro femmine,Comedy,5.8,ok,113,long movie
2010,Te presento a Laura,"Comedy, Romance",5.8,ok,90,average length movie
2010,Five Minarets in New York,"Action, Thriller",5.8,ok,119,long movie
2010,Kidnappet,"Drama, Family, Thriller",5.8,ok,92,average length movie
2010,Tropico de Sangre,"Drama, History",5.8,ok,116,long movie
2010,A Spanking in Paradise,Comedy,5.8,ok,94,average length movie
2010,Cudowne lato,"Comedy, Drama, Romance",5.8,ok,92,average length movie
2010,Pro lyuboff,Drama,5.8,ok,106,long movie
2010,In Ghost House Inn,"Comedy, Horror",5.8,ok,136,long movie
2010,Kalevet,Horror,5.8,ok,90,average length movie
2009,Season of the Witch,Thriller,5.8,ok,144,long movie
2010,"Marieke, Marieke",Drama,5.8,ok,85,average length movie
2010,Leun yan sui yu,Romance,5.8,ok,118,long movie
2010,Farewell Baghdad,"Drama, War",5.8,ok,97,average length movie
2010,"La bani, la cap, la oase","Action, Comedy",5.8,ok,104,long movie
2010,Gauragangur,Comedy,5.8,ok,90,average length movie
2010,Jimseung ui kkut,"Fantasy, Mystery, Sci-Fi",5.8,ok,114,long movie
2010,Peseutibal,"Comedy, Drama, Romance",5.8,ok,110,long movie
2010,Nour Einy,"Drama, Romance",5.8,ok,98,average length movie
2009,Heartbroken,"Drama, Romance",5.8,ok,110,long movie
2007,Taymour and Shafika,"Action, Comedy, Romance",5.8,ok,99,average length movie
2005,Fantastic Four,"Action, Adventure, Fantasy",5.7,ok,106,long movie
2005,Self Medicated,"Biography, Drama",5.7,ok,107,long movie
2005,Standing Still,"Comedy, Drama, Romance",5.7,ok,90,average length movie
2005,Chicken Little,"Animation, Adventure, Come",5.7,ok,81,average length movie
2005,Pizza,Comedy,5.7,ok,80,average length movie
2006,The Woods,"Horror, Mystery, Thriller",5.7,ok,91,average length movie
2005,Vom Suchen und Finden der Liebe,"Comedy, Drama, Music",5.7,ok,107,long movie
2005,Le parfum de la dame en noir,"Comedy, Crime",5.7,ok,115,long movie
2007,Go Go Tales,"Comedy, Drama",5.7,ok,96,average length movie
2005,The Great New Wonderful,"Comedy, Drama, Romance",5.7,ok,87,average length movie
2006,Der var engang en dreng - som fik en lillesøster me,"Family, Musical",5.7,ok,90,average length movie
2005,Kids in America,Comedy,5.7,ok,91,average length movie
2008,A Previous Engagement,"Comedy, Romance",5.7,ok,118,long movie
2005,Pobeg,"Crime, Drama, Thriller",5.7,ok,110,long movie
2006,Volkodav iz roda Serykh Psov,"Action, Adventure, Fantasy",5.7,ok,136,long movie
2006,Bandidas,"Action, Comedy, Crime",5.7,ok,93,average length movie
2006,Gymnaslærer Pedersen,Drama,5.7,ok,123,long movie
2005,L'avion,"Drama, Fantasy, Mystery",5.7,ok,100,long movie
2005,Confession,"Drama, Thriller",5.7,ok,90,average length movie
2005,Partner(s),Comedy,5.7,ok,91,average length movie
2005,Unkenrufe,"Drama, Romance",5.7,ok,98,average length movie
2005,Combien tu m'aimes?,"Comedy, Drama, Romance",5.7,ok,95,average length movie
2006,Bickford Shmeckler's Cool Ideas,"Comedy, Romance",5.7,ok,79,average length movie
2005,Diary of a Mad Black Woman,"Comedy, Drama, Romance",5.7,ok,116,long movie
2006,Hatchet,"Comedy, Horror, Thriller",5.7,ok,85,average length movie
2005,"L'un reste, l'autre part","Comedy, Drama",5.7,ok,109,long movie
2005,NVA,Comedy,5.7,ok,98,average length movie
2006,Bristol Boys,"Crime, Drama",5.7,ok,88,average length movie
2006,The Hard Easy,"Action, Crime, Drama",5.7,ok,105,long movie
2005,Almost Heaven,"Drama, Comedy, Music",5.7,ok,102,long movie
2006,Confetti,"Comedy, Music, Romance",5.7,ok,100,long movie
2005,Trust the Man,"Comedy, Drama, Romance",5.7,ok,103,long movie
2005,Les parrains,"Comedy, Crime",5.7,ok,99,average length movie
2006,Everyone's Hero,"Animation, Adventure, Come",5.7,ok,87,average length movie
2005,Bunny,"Action, Drama",5.7,ok,139,long movie
2006,The Way Back Home,"Drama, Family",5.7,ok,93,average length movie
2007,Whisper,"Crime, Drama, Horror",5.7,ok,94,average length movie
2005,3° kälter,"Drama, Romance",5.7,ok,104,long movie
2005,Ellie Parker,"Comedy, Drama",5.7,ok,95,average length movie
2005,Heroína,Drama,5.7,ok,100,long movie
2006,Mad Cowgirl,"Drama, Horror, Romance",5.7,ok,89,average length movie
2005,Monarch of the Moon,"Action, Comedy, Sci-Fi",5.7,ok,98,average length movie
2005,O simdi mahkum,"Comedy, Crime",5.7,ok,125,long movie
2005,Onnen varjot,Drama,5.7,ok,99,average length movie
2005,Suspect,Drama,5.7,ok,95,average length movie
2005,Free Zone,"Comedy, Drama",5.7,ok,90,average length movie
2005,"Paradise, Texas",Drama,5.7,ok,90,average length movie
2006,One Last Dance,"Action, Comedy, Romance",5.7,ok,100,long movie
2008,The Burrowers,"Horror, Thriller, Western",5.7,ok,96,average length movie
2005,Storm,"Drama, Fantasy, Mystery",5.7,ok,110,long movie
2005,Gisaku,"Animation, Action, Drama",5.7,ok,81,average length movie
2006,Irresistible,"Drama, Mystery, Thriller",5.7,ok,103,long movie
2005,American Fusion,"Comedy, Romance",5.7,ok,94,average length movie
2005,"Dishab babato didam, Aida",Drama,5.7,ok,85,average length movie
2005,Ayya,"Drama, Romance",5.7,ok,159,long movie
2005,Hana to hebi 2: Pari/Shizuko,Drama,5.7,ok,118,long movie
2005,Kocken,Drama,5.7,ok,116,long movie
2007,Borderland,"Crime, Horror, Thriller",5.7,ok,105,long movie
2005,B-hyeong namja chingu,"Comedy, Romance",5.7,ok,96,average length movie
2007,Taking 5,"Comedy, Family, Music",5.7,ok,90,average length movie
2006,John Tucker Must Die,"Comedy, Romance",5.7,ok,89,average length movie
2007,Perfect Stranger,"Crime, Drama, Horror",5.7,ok,109,long movie
2006,Nacho Libre,"Comedy, Family, Sport",5.7,ok,92,average length movie
2007,La reine soleil,Animation,5.7,ok,90,average length movie
2006,Kiltro,"Action, Comedy, Drama",5.7,ok,93,average length movie
2005,15,"Action, Drama",5.7,ok,95,average length movie
2006,Cobrador: In God We Trust,Drama,5.7,ok,92,average length movie
2006,La belle bête,Drama,5.7,ok,110,long movie
2008,La personne aux deux personnes,"Comedy, Fantasy, Music",5.7,ok,84,average length movie
2006,I'm Reed Fish,"Comedy, Drama, Romance",5.7,ok,93,average length movie
2006,Eye of the Dolphin,"Comedy, Drama, Family",5.7,ok,102,long movie
2005,Gimî hebun,Thriller,5.7,ok,122,long movie
2006,Andersen. Zhizn bez lyubvi,"Adventure, Biography, Dram",5.7,ok,137,long movie
2005,Zakochany aniol,"Comedy, Romance",5.7,ok,95,average length movie
2006,Mojave Phone Booth,Drama,5.7,ok,88,average length movie
2005,Lopovi prve klase,Comedy,5.7,ok,91,average length movie
2006,Valley of the Heart's Delight,Drama,5.7,ok,100,long movie
2005,11:59,"Mystery, Sci-Fi, Thriller",5.7,ok,102,long movie
2006,Bosque de sombras,"Drama, Horror, Thriller",5.7,ok,97,average length movie
2007,The Flock,"Crime, Drama, Mystery",5.7,ok,105,long movie
2008,The Pirates Who Don't Do Anything: A VeggieTales Mo,"Animation, Adventure, Come",5.7,ok,85,average length movie
2006,Días azules,Comedy,5.7,ok,100,long movie
2006,Rain,Drama,5.7,ok,105,long movie
2006,Les aiguilles rouges,Drama,5.7,ok,93,average length movie
2006,Président,"Drama, Thriller",5.7,ok,97,average length movie
2005,Geochilmaru,Action,5.7,ok,86,average length movie
2005,Kochankowie z Marony,"Drama, Romance",5.7,ok,107,long movie
2006,Fidibus,Comedy,5.7,ok,107,long movie
2005,Gwai muk,Horror,5.7,ok,99,average length movie
2006,Nouvelle chance,Comedy,5.7,ok,87,average length movie
2007,Chapter 27,"Biography, Crime, Drama",5.7,ok,84,average length movie
2006,A Crime,"Crime, Thriller",5.7,ok,103,long movie
2005,Pitbullterje,Comedy,5.7,ok,90,average length movie
2007,Because I Said So,"Comedy, Romance",5.7,ok,102,long movie
2008,Manolete,"Biography, Drama, Romance",5.7,ok,92,average length movie
2006,Un printemps à Paris,"Crime, Thriller",5.7,ok,95,average length movie
2008,Chinaman's Chance: America's Other Slaves,"Action, Drama, History",5.7,ok,90,average length movie
2005,Liebeskind,Drama,5.7,ok,85,average length movie
2008,Universal Signs,Drama,5.7,ok,100,long movie
2007,White Noise 2: The Light,"Drama, Fantasy, Horror",5.7,ok,99,average length movie
2006,Tusabu Ilche,"Action, Comedy",5.7,ok,124,long movie
2007,Outlaw,"Action, Crime, Drama",5.7,ok,103,long movie
2008,Fool's Gold,"Action, Adventure, Comedy",5.7,ok,112,long movie
2006,Someone Else,"Comedy, Drama",5.7,ok,78,average length movie
2005,Ssunday Seoul,Comedy,5.7,ok,95,average length movie
2007,Daddy's Little Girls,"Drama, Romance",5.7,ok,100,long movie
2007,Blizhniy Boy: The Ultimate Fighter,Action,5.7,ok,105,long movie
2007,O Capacete Dourado,Drama,5.7,ok,83,average length movie
2006,Viaggio segreto,Drama,5.7,ok,107,long movie
2006,Mount Pleasant,Drama,5.7,ok,87,average length movie
2007,Vent mauvais,"Crime, Drama, Thriller",5.7,ok,92,average length movie
2006,Mujeres en el parque,Drama,5.7,ok,102,long movie
2006,Guo shi wu shuang,"Action, Comedy",5.7,ok,122,long movie
2007,Botched,"Comedy, Horror",5.7,ok,95,average length movie
2007,Rak Klavim Ratzim Hofshi,Drama,5.7,ok,100,long movie
2007,Danse avec lui,Drama,5.7,ok,118,long movie
2007,Le deuxième souffle,"Crime, Drama, Mystery",5.7,ok,155,long movie
2006,Don,"Drama, Family",5.7,ok,91,average length movie
2006,Vindication,Horror,5.7,ok,95,average length movie
2006,S&man,Horror,5.7,ok,84,average length movie
2007,w Delta z,"Crime, Drama, Horror",5.7,ok,104,long movie
2006,Hidden Secrets,"Comedy, Drama",5.7,ok,90,average length movie
2007,Partner,"Comedy, Drama, Romance",5.7,ok,155,long movie
2006,Kalteva torni,"Comedy, Drama",5.7,ok,96,average length movie
2007,J'aurais voulu être un danseur,Musical,5.7,ok,103,long movie
2006,Hamilton,Drama,5.7,ok,65,average length movie
2007,The Last Sin Eater,Drama,5.7,ok,117,long movie
2006,Ti lascio perché ti amo troppo,Comedy,5.7,ok,90,average length movie
2008,Agent Crush,"Animation, Action, Adventu",5.7,ok,93,average length movie
2007,Imprint,"Drama, Thriller",5.7,ok,84,average length movie
2010,Valentine's Day,"Comedy, Romance",5.7,ok,125,long movie
2008,Drillbit Taylor,"Comedy, Drama",5.7,ok,110,long movie
2005,Meatball Machine,"Action, Horror, Sci-Fi",5.7,ok,90,average length movie
2008,Home,Drama,5.7,ok,84,average length movie
2007,Dus Kahaniyaan,Drama,5.7,ok,110,long movie
2006,Phoenix,Drama,5.7,ok,86,average length movie
2007,Strange Girls,Thriller,5.7,ok,98,average length movie
2008,Alibi,Comedy,5.7,ok,86,average length movie
2006,Férfiakt,"Drama, Romance",5.7,ok,94,average length movie
2010,Waking Madison,Drama,5.7,ok,89,average length movie
2008,Carmo,"Adventure, Drama, Romance",5.7,ok,99,average length movie
2009,The Lodger,"Crime, Drama, Horror",5.7,ok,95,average length movie
2007,Dol,Drama,5.7,ok,90,average length movie
2008,Hotel California,"Action, Crime, Drama",5.7,ok,95,average length movie
2007,Surviving My Mother,"Comedy, Drama",5.7,ok,95,average length movie
2008,Shuttle,"Crime, Drama, Mystery",5.7,ok,107,long movie
2009,Mr. Right,"Comedy, Drama, Romance",5.7,ok,95,average length movie
2007,Nos voisins Dhantsu,Comedy,5.7,ok,92,average length movie
2007,This Beautiful City,Drama,5.7,ok,85,average length movie
2007,Entry Level,"Comedy, Drama",5.7,ok,85,average length movie
2006,Ddukbang,"Action, Crime",5.7,ok,94,average length movie
2007,Walk All Over Me,"Crime, Drama, Thriller",5.7,ok,98,average length movie
2009,Armored,"Action, Crime, Thriller",5.7,ok,88,average length movie
2007,Kill Buljo: The Movie,"Action, Adventure, Comedy",5.7,ok,93,average length movie
2006,2 wol 29 il,"Horror, Thriller",5.7,ok,90,average length movie
2006,Eoh-neu-nal-gap-ja-gi D-Day,Horror,5.7,ok,95,average length movie
2007,Le tueur,Thriller,5.7,ok,91,average length movie
2007,Moordwijven,Comedy,5.7,ok,100,long movie
2008,Winged Creatures,"Crime, Drama",5.7,ok,100,long movie
2009,Dolan's Cadillac,"Crime, Thriller",5.7,ok,89,average length movie
2007,When Night Falls,"Horror, Thriller",5.7,ok,82,average length movie
2007,Zincirbozan,"Crime, Drama",5.7,ok,110,long movie
2007,Sup fun oi,Romance,5.7,ok,101,long movie
2007,The Lovebirds,Drama,5.7,ok,81,average length movie
2008,Nowhere Man,Drama,5.7,ok,95,average length movie
2009,Splice,"Drama, Horror, Sci-Fi",5.7,ok,104,long movie
2009,Night Train,"Crime, Horror, Mystery",5.7,ok,83,average length movie
2008,Jake's Corner,"Drama, Family",5.7,ok,98,average length movie
2007,Negatibu happî chênsô ejji,"Comedy, Horror",5.7,ok,109,long movie
2007,Wasting Away,"Comedy, Horror",5.7,ok,90,average length movie
2009,Beyond the Pole,"Comedy, Drama",5.7,ok,87,average length movie
2008,Bianco e nero,"Comedy, Drama, Romance",5.7,ok,100,long movie
2008,American Son,"Drama, Romance, War",5.7,ok,90,average length movie
2007,Bong ga,"Crime, Thriller",5.7,ok,93,average length movie
2009,My Last Five Girlfriends,Comedy,5.7,ok,87,average length movie
2008,"Sexykiller, morirás por ella","Comedy, Horror",5.7,ok,100,long movie
2008,Cobardes,Drama,5.7,ok,89,average length movie
2009,Race to Witch Mountain,"Action, Adventure, Family",5.7,ok,98,average length movie
2007,Futro,Comedy,5.7,ok,101,long movie
2009,Italians,Comedy,5.7,ok,116,long movie
2009,The Hole,"Adventure, Fantasy, Thrill",5.7,ok,92,average length movie
2008,Le grand départ,"Comedy, Drama",5.7,ok,100,long movie
2008,Explicit Ills,"Drama, Romance",5.7,ok,87,average length movie
2008,Rejsen til Saturn,"Animation, Action, Adventu",5.7,ok,90,average length movie
2009,The Pagan Queen,"Fantasy, History, Romance",5.7,ok,99,average length movie
2007,Kuntilanak 2,Horror,5.7,ok,102,long movie
2007,Mrs. Worthington's Party,Drama,5.7,ok,90,average length movie
2008,Diario de una ninfómana,"Drama, Romance",5.7,ok,101,long movie
2008,Toronto Stories,Drama,5.7,ok,89,average length movie
2009,The Killing Room,"Mystery, Thriller",5.7,ok,93,average length movie
2010,Radio Free Albemuth,"Drama, Sci-Fi",5.7,ok,111,long movie
2008,Alarm,Thriller,5.7,ok,105,long movie
2008,Between Love & Goodbye,"Drama, Music, Romance",5.7,ok,97,average length movie
2008,The Lena Baker Story,"Crime, Drama, History",5.7,ok,106,long movie
2008,"Sans arme, ni haine, ni violence","Biography, Crime, Drama",5.7,ok,100,long movie
2008,The Family That Preys,Drama,5.7,ok,111,long movie
2009,Distanz,Drama,5.7,ok,84,average length movie
2008,Singh Is Kinng,"Action, Comedy, Crime",5.7,ok,135,long movie
2008,"Navidad, S.A.",Comedy,5.7,ok,110,long movie
2009,Kamui gaiden,"Action, Drama",5.7,ok,120,long movie
2009,The Three Investigators and the Secret of Terror Ca,"Adventure, Family, Mystery",5.7,ok,97,average length movie
2008,Höhere Gewalt,Drama,5.7,ok,96,average length movie
2008,Cruising Bar 2,Comedy,5.7,ok,100,long movie
2008,3 zan,Drama,5.7,ok,94,average length movie
2008,Oi sklavoi sta desma tous,"Drama, Romance",5.7,ok,127,long movie
2010,The Four-Faced Liar,"Comedy, Drama, Romance",5.7,ok,87,average length movie
2009,Tetsuo: The Bullet Man,"Action, Horror, Sci-Fi",5.7,ok,71,average length movie
2008,Kino Lika,Drama,5.7,ok,120,long movie
2009,Kurbaan,"Action, Crime, Drama",5.7,ok,161,long movie
2008,Saving God,"Crime, Drama",5.7,ok,101,long movie
2009,El cónsul de Sodoma,"Biography, Drama, Romance",5.7,ok,110,long movie
2009,Ricky,"Comedy, Drama, Fantasy",5.7,ok,89,average length movie
2009,Le code a changé,"Comedy, Drama",5.7,ok,100,long movie
2008,Immigrants (L.A. Dolce Vita),"Animation, Comedy",5.7,ok,78,average length movie
2009,Il grande sogno,Drama,5.7,ok,101,long movie
2009,Kirot,"Action, Drama, Thriller",5.7,ok,102,long movie
2009,Chawu,"Action, Comedy, Horror",5.7,ok,121,long movie
2009,Barking Water,Drama,5.7,ok,85,average length movie
2008,L'uomo che ama,Drama,5.7,ok,103,long movie
2009,Vasha,"Crime, Drama, Thriller",5.7,ok,100,long movie
2010,Person of Interest,"Crime, Drama, Thriller",5.7,ok,72,average length movie
2007,Yonguijudo Miss Shin,"Comedy, Romance",5.7,ok,108,long movie
2008,Mes stars et moi,Comedy,5.7,ok,88,average length movie
2009,White Wedding,"Comedy, Romance",5.7,ok,93,average length movie
2009,V.O.S.,Comedy,5.7,ok,87,average length movie
2010,Brighton Rock,"Crime, Drama, Thriller",5.7,ok,111,long movie
2008,Biseuti boijeu,Drama,5.7,ok,123,long movie
2010,'Master Harold' ... And the Boys,Drama,5.7,ok,87,average length movie
2009,Lucky Fritz,"Comedy, Sci-Fi",5.7,ok,86,average length movie
2010,La cité,"Drama, History",5.7,ok,82,average length movie
2009,Ru meng,Drama,5.7,ok,118,long movie
2009,Women in Trouble,"Comedy, Drama",5.7,ok,92,average length movie
2009,La femme invisible (d'après une histoire vraie),"Comedy, Fantasy",5.7,ok,90,average length movie
2009,Petit indi,Drama,5.7,ok,90,average length movie
2010,Carne de neón,"Comedy, Thriller",5.7,ok,98,average length movie
2008,Motivos para no enamorarse,"Comedy, Romance",5.7,ok,90,average length movie
2008,Puen yai jon salad,"Action, Adventure, Fantasy",5.7,ok,154,long movie
2008,Nestyda,Comedy,5.7,ok,88,average length movie
2009,Drool,Comedy,5.7,ok,85,average length movie
2010,Breast Picture,"Comedy, Romance",5.7,ok,86,average length movie
2009,Saint John of Las Vegas,"Comedy, Drama",5.7,ok,85,average length movie
2010,Dans ton sommeil,"Horror, Thriller",5.7,ok,84,average length movie
2009,Superbror,"Adventure, Drama, Fantasy",5.7,ok,89,average length movie
2008,Helen,Drama,5.7,ok,79,average length movie
2010,Upside,Drama,5.7,ok,90,average length movie
2008,O Ilias tou 16ou,Comedy,5.7,ok,100,long movie
2009,"Pour toujours, les Canadiens!","Drama, History, Sport",5.7,ok,95,average length movie
2010,Every Day,"Comedy, Drama, Romance",5.7,ok,93,average length movie
2010,Last Letters from Monte Rosa,"Action, Drama",5.7,ok,88,average length movie
2009,Love at First Hiccup,Comedy,5.7,ok,90,average length movie
2008,Histeria,Horror,5.7,ok,90,average length movie
2010,Skateland,Drama,5.7,ok,98,average length movie
2009,Damage,"Action, Drama",5.7,ok,102,long movie
2009,Hierro,"Mystery, Thriller",5.7,ok,94,average length movie
2009,Pethaino gia sena!,Comedy,5.7,ok,102,long movie
2010,Death at a Funeral,Comedy,5.7,ok,92,average length movie
2009,Captain Berlin versus Hitler,Comedy,5.7,ok,75,average length movie
2009,Separation City,"Comedy, Drama, Romance",5.7,ok,107,long movie
2009,Dread,"Drama, Horror, Thriller",5.7,ok,108,long movie
2009,Project Solitude,Thriller,5.7,ok,96,average length movie
2010,Jucy,Comedy,5.7,ok,90,average length movie
2009,Zweiohrküken,"Comedy, Romance",5.7,ok,124,long movie
2009,Skjult,"Horror, Thriller",5.7,ok,95,average length movie
2010,Rust,Drama,5.7,ok,95,average length movie
2009,Year of the Carnivore,"Comedy, Drama",5.7,ok,88,average length movie
2009,Ma-rin-bo-ee,"Action, Thriller",5.7,ok,118,long movie
2009,Mai tian,"Action, Drama, History",5.7,ok,108,long movie
2007,I Love You,Romance,5.7,ok,150,long movie
2009,Quelque chose à te dire,Drama,5.7,ok,100,long movie
2009,5 huajai hero,"Action, Comedy",5.7,ok,77,average length movie
2010,Twelve,"Action, Crime, Drama",5.7,ok,93,average length movie
2009,La loi de Murphy,"Comedy, Crime",5.7,ok,86,average length movie
2010,"No eres tú, soy yo","Comedy, Romance",5.7,ok,101,long movie
2009,La folle histoire d'amour de Simon Eskenazy,"Comedy, Romance",5.7,ok,100,long movie
2009,Kyûketsu Shôjo tai Shôjo Furanken,"Action, Comedy, Horror",5.7,ok,84,average length movie
2010,Karla og Jonas,Family,5.7,ok,82,average length movie
2009,Pepperminta,Drama,5.7,ok,80,average length movie
2009,Mandrill,"Action, Thriller",5.7,ok,90,average length movie
2008,Gosa,"Horror, Thriller",5.7,ok,88,average length movie
2010,Film socialisme,Drama,5.7,ok,102,long movie
2010,Tum Milo Toh Sahi,"Comedy, Drama",5.7,ok,128,long movie
2010,Redemption Road,Drama,5.7,ok,95,average length movie
2010,Vorstadtkrokodile 2,"Adventure, Family",5.7,ok,90,average length movie
2009,Love Khichdi,"Comedy, Drama, Romance",5.7,ok,130,long movie
2009,Orada,Drama,5.7,ok,93,average length movie
2010,A Very Mary Christmas,"Comedy, Family",5.7,ok,97,average length movie
2009,Zabludivshiysya,"Drama, Fantasy, Mystery",5.7,ok,90,average length movie
2009,Jóhannes,Comedy,5.7,ok,90,average length movie
2009,De vilde svaner,"Adventure, Drama",5.7,ok,60,average length movie
2009,Storm,"Drama, Family",5.7,ok,82,average length movie
2009,Bestevenner,Family,5.7,ok,75,average length movie
2010,Lyubov v bolshom gorode 2,"Comedy, Fantasy",5.7,ok,89,average length movie
2009,Chaesikjuuija,Drama,5.7,ok,111,long movie
2009,Gutmoning peurejideonteu,Drama,5.7,ok,131,long movie
2010,Kaboom,"Comedy, Mystery, Romance",5.7,ok,86,average length movie
2009,Na igre,"Action, Drama, Sci-Fi",5.7,ok,90,average length movie
2009,Magiczne drzewo,"Adventure, Family, Fantasy",5.7,ok,83,average length movie
2010,The Kane Files: Life of Trial,Action,5.7,ok,86,average length movie
2009,Yeogo goedam 5: Dong-ban-ja-sal,"Drama, Horror, Mystery",5.7,ok,88,average length movie
2009,Chernaya Molniya,"Action, Sci-Fi, Thriller",5.7,ok,102,long movie
2010,See piu fung wan,"Action, Thriller",5.7,ok,93,average length movie
2010,Hitler à Hollywood,Drama,5.7,ok,85,average length movie
2009,Crepuscule,Drama,5.7,ok,70,average length movie
2010,Inshite miru: 7-kakan no desu gêmu,"Horror, Mystery, Thriller",5.7,ok,107,long movie
2009,Crush,"Drama, Romance",5.7,ok,77,average length movie
2010,72 ga cho hak,Comedy,5.7,ok,99,average length movie
2010,Chin do,Romance,5.7,ok,95,average length movie
2010,Miss You Like Crazy,"Drama, Romance",5.7,ok,126,long movie
2010,L'Italien,"Comedy, Drama",5.7,ok,102,long movie
2010,Trick,Action,5.7,ok,95,average length movie
2010,Somos lo que hay,"Drama, Horror",5.7,ok,90,average length movie
2010,Cherkess,Drama,5.7,ok,117,long movie
2010,Locked Away,"Crime, Drama, Thriller",5.7,ok,93,average length movie
2010,Lian ai tong gao,"Comedy, Romance",5.7,ok,98,average length movie
2009,Cabeça a Prêmio,Drama,5.7,ok,104,long movie
2010,Gôsuto,"Drama, Fantasy, Mystery",5.7,ok,115,long movie
2007,Geuk-rak-do sal-in-sa-geon,"Mystery, Thriller",5.7,ok,112,long movie
2009,Robin Hood: Prince of Thieves,"Action, Drama, Thriller",5.7,ok,142,long movie
2010,Irumbukkottai Murattu Singam,Drama,5.7,ok,143,long movie
2010,Skrzydlate swinie,"Comedy, Drama, Sport",5.7,ok,99,average length movie
2010,Dao jiàn xiào,"Action, Comedy",5.7,ok,92,average length movie
2009,Mahalai sayongkwan,Horror,5.7,ok,110,long movie
2010,Isi Life Mein...!,"Comedy, Drama, Romance",5.7,ok,139,long movie
2007,Haebuhak-gyosil,Horror,5.7,ok,111,long movie
2010,Boca do Lixo,"Action, Crime, Drama",5.7,ok,100,long movie
2008,Shab,Drama,5.7,ok,97,average length movie
2009,Hel-lo-mai-leo-beu,"Comedy, Drama, Romance",5.7,ok,95,average length movie
2010,Jue zhan cha ma zhen,"Adventure, Comedy, Western",5.7,ok,104,long movie
2008,Feng Yun Jue,"Animation, Action, Adventu",5.7,ok,98,average length movie
2007,Beautiful Sunday,Thriller,5.7,ok,117,long movie
2007,Zir-e Derakht-e Holou,"Comedy, Drama",5.7,ok,90,average length movie
2005,Malesh Ehna Benetbahdel,Comedy,5.7,ok,90,average length movie
2009,Ranjeni orao,"Drama, Romance",5.7,ok,128,long movie
2005,The Naked Monster,"Comedy, Horror, Sci-Fi",5.6,ok,100,long movie
2005,What Is It?,Drama,5.6,ok,72,average length movie
2006,.45,"Crime, Drama, Thriller",5.6,ok,101,long movie
2006,Der Liebeswunsch,"Drama, Romance",5.6,ok,112,long movie
2008,Babylon A.D.,"Action, Adventure, Sci-Fi",5.6,ok,90,average length movie
2005,Man with the Screaming Brain,"Adventure, Comedy, Sci-Fi",5.6,ok,90,average length movie
2008,Possession,"Drama, Horror, Mystery",5.6,ok,85,average length movie
2008,Four Christmases,"Comedy, Drama, Romance",5.6,ok,88,average length movie
2005,The Wendell Baker Story,"Comedy, Drama, Romance",5.6,ok,99,average length movie
2006,I'll Believe You,"Comedy, Sci-Fi",5.6,ok,82,average length movie
2005,Be Cool,"Comedy, Crime, Drama",5.6,ok,118,long movie
2005,Things to Do Before You're 30,"Comedy, Drama, Romance",5.6,ok,101,long movie
2005,Dark Water,"Drama, Horror, Mystery",5.6,ok,105,long movie
2006,The Pink Panther,"Adventure, Comedy, Crime",5.6,ok,93,average length movie
2005,Kicking & Screaming,"Comedy, Family, Romance",5.6,ok,95,average length movie
2005,The Godfather of Green Bay,Comedy,5.6,ok,90,average length movie
2005,Batalla en el cielo,"Crime, Drama",5.6,ok,98,average length movie
2006,The Black Dahlia,"Crime, Drama, Mystery",5.6,ok,121,long movie
2005,The Circle,"Drama, Mystery, Thriller",5.6,ok,103,long movie
2005,The Pacifier,"Action, Comedy, Drama",5.6,ok,95,average length movie
2005,Der kleine Eisbär 2: Die geheimnisvolle Insel,"Animation, Adventure, Dram",5.6,ok,80,average length movie
2006,Poseidon,"Action, Adventure, Drama",5.6,ok,98,average length movie
2006,Thanks to Gravity,"Comedy, Drama, Romance",5.6,ok,96,average length movie
2008,Llamando a un ángel,"Comedy, Romance",5.6,ok,109,long movie
2006,Chaos,Drama,5.6,ok,124,long movie
2006,Fuera del cielo,"Crime, Drama, Thriller",5.6,ok,112,long movie
2005,Wu ji,"Action, Drama, Fantasy",5.6,ok,121,long movie
2006,Man About Town,"Comedy, Drama",5.6,ok,96,average length movie
2005,Turning Green,"Drama, Comedy",5.6,ok,85,average length movie
2006,Intellectual Property,"Drama, Thriller",5.6,ok,81,average length movie
2005,Southern Belles,"Comedy, Romance",5.6,ok,90,average length movie
2005,Nynne,"Comedy, Romance",5.6,ok,94,average length movie
2006,Failure to Launch,"Comedy, Romance",5.6,ok,97,average length movie
2005,Edy,"Drama, Thriller",5.6,ok,101,long movie
2005,50 Ways of Saying Fabulous,Drama,5.6,ok,90,average length movie
2005,Il ne faut jurer... de rien!,Comedy,5.6,ok,101,long movie
2005,The Mechanik,"Action, Drama, Thriller",5.6,ok,94,average length movie
2005,"Zaïna, cavalière de l'Atlas","Adventure, Drama",5.6,ok,100,long movie
2006,Family: Ties of Blood,"Action, Crime, Drama",5.6,ok,150,long movie
2007,Sextet,"Comedy, Romance",5.6,ok,96,average length movie
2005,Dirty,"Crime, Drama, Thriller",5.6,ok,97,average length movie
2005,These Foolish Things,"Comedy, Drama, Romance",5.6,ok,107,long movie
2006,Riisuttu mies,"Comedy, Drama",5.6,ok,119,long movie
2005,Vaada,"Crime, Drama, Mystery",5.6,ok,122,long movie
2005,Torrente 3: El protector,"Comedy, Crime",5.6,ok,91,average length movie
2007,The Reaping,"Horror, Thriller",5.6,ok,99,average length movie
2005,Automatic,Drama,5.6,ok,77,average length movie
2006,The Contract,"Action, Crime, Drama",5.6,ok,96,average length movie
2005,Che Guevara,"Biography, Drama, History",5.6,ok,102,long movie
2005,Isolation,"Horror, Sci-Fi, Thriller",5.6,ok,95,average length movie
2006,Hot Tamale,"Action, Comedy, Crime",5.6,ok,102,long movie
2005,Chicken Tikka Masala,"Comedy, Drama, Romance",5.6,ok,90,average length movie
2005,Puzzlehead,"Drama, Sci-Fi",5.6,ok,81,average length movie
2006,Sheitan,"Comedy, Horror, Thriller",5.6,ok,94,average length movie
2005,The Derby Stallion,Drama,5.6,ok,99,average length movie
2006,My Brother,Drama,5.6,ok,100,long movie
2005,Actress Apocalypse,"Comedy, Horror",5.6,ok,95,average length movie
2006,The Bet,"Crime, Drama, Thriller",5.6,ok,92,average length movie
2005,Balkanska braca,"Comedy, Drama",5.6,ok,87,average length movie
2007,Good Luck Chuck,"Comedy, Romance",5.6,ok,96,average length movie
2005,Can This Be Love,"Comedy, Romance",5.6,ok,106,long movie
2005,FC Venus,"Comedy, Romance, Sport",5.6,ok,107,long movie
2005,Among Brothers,"Drama, Thriller, Crime",5.6,ok,85,average length movie
2007,The Mini,Comedy,5.6,ok,80,average length movie
2006,The Last Winter,"Horror, Mystery, Thriller",5.6,ok,101,long movie
2005,Han cheng gong lüe,"Drama, Comedy, Action",5.6,ok,95,average length movie
2005,Aaru,"Action, Thriller",5.6,ok,168,long movie
2007,The Hitcher,"Crime, Thriller",5.6,ok,84,average length movie
2005,Mais Uma Vez Amor,"Romance, Comedy",5.6,ok,93,average length movie
2006,Altered,"Horror, Sci-Fi, Thriller",5.6,ok,88,average length movie
2005,The Hole Story,Comedy,5.6,ok,82,average length movie
2006,Les irréductibles,"Comedy, Drama",5.6,ok,105,long movie
2006,Toi et moi,"Comedy, Drama, Romance",5.6,ok,90,average length movie
2005,Il mistero di Lovecraft - Road to L.,Thriller,5.6,ok,92,average length movie
2005,Yeladim Tovim,"Crime, Drama, Romance",5.6,ok,75,average length movie
2006,"You, Me and Dupree","Comedy, Romance",5.6,ok,110,long movie
2005,Bharathchandran I.P.S,"Action, Thriller",5.6,ok,120,long movie
2006,J'invente rien,Comedy,5.6,ok,87,average length movie
2007,De fortabte sjæles ø,"Action, Adventure, Family",5.6,ok,100,long movie
2006,The Darkroom,"Horror, Mystery, Thriller",5.6,ok,83,average length movie
2006,"Puff, Puff, Pass",Comedy,5.6,ok,95,average length movie
2006,We Go Way Back,Drama,5.6,ok,80,average length movie
2006,Danika,"Drama, Horror, Mystery",5.6,ok,79,average length movie
2006,Raftáci,Comedy,5.6,ok,104,long movie
2005,Zhixi,Thriller,5.6,ok,86,average length movie
2005,Comme un frère,"Drama, Romance",5.6,ok,54,short movie
2008,Bart Got a Room,Comedy,5.6,ok,80,average length movie
2005,Johanna,"Drama, Musical",5.6,ok,86,average length movie
2006,Nihon chinbotsu,"Adventure, Drama, Sci-Fi",5.6,ok,135,long movie
2006,Gretchen,Comedy,5.6,ok,98,average length movie
2006,Mulberry St,"Horror, Sci-Fi, Thriller",5.6,ok,84,average length movie
2007,Dog Days of Summer,Drama,5.6,ok,88,average length movie
2007,Love and Mary,"Comedy, Romance",5.6,ok,104,long movie
2006,Shut Up and Sing,"Comedy, Drama, Music",5.6,ok,96,average length movie
2006,The Abandoned,"Horror, Mystery, Thriller",5.6,ok,99,average length movie
2007,The Three Investigators and the Secret of Skeleton ,"Adventure, Family, Mystery",5.6,ok,91,average length movie
2006,36 China Town,"Comedy, Mystery, Thriller",5.6,ok,140,long movie
2006,El camino de los ingleses,"Drama, Romance",5.6,ok,118,long movie
2007,South of Pico,Drama,5.6,ok,86,average length movie
2007,Straightheads,"Crime, Drama, Horror",5.6,ok,80,average length movie
2006,Le grand Meaulnes,Drama,5.6,ok,97,average length movie
2006,Young Triffie's Been Made Away With,Comedy,5.6,ok,89,average length movie
2006,La sombra de nadie,"Horror, Thriller",5.6,ok,105,long movie
2006,El próximo oriente,Comedy,5.6,ok,93,average length movie
2005,Döngel kârhanesi,Comedy,5.6,ok,92,average length movie
2006,The Pleasure of Your Company,"Comedy, Romance",5.6,ok,90,average length movie
2006,Outlaw Trail: The Treasure of Butch Cassidy,"Adventure, Family, Western",5.6,ok,90,average length movie
2007,4: Rise of the Silver Surfer,"Action, Adventure, Fantasy",5.6,ok,92,average length movie
2007,Fred Claus,"Comedy, Family, Fantasy",5.6,ok,116,long movie
2008,What Just Happened,"Comedy, Drama",5.6,ok,104,long movie
2005,Shaere zobale-ha,"Drama, Romance",5.6,ok,80,average length movie
2007,Truands,"Crime, Thriller",5.6,ok,107,long movie
2006,Tempelriddernes skat,"Adventure, Family",5.6,ok,85,average length movie
2007,The Ungodly,"Crime, Horror, Thriller",5.6,ok,100,long movie
2006,Kútfejek,"Action, Comedy",5.6,ok,105,long movie
2009,The Skeptic,"Horror, Thriller",5.6,ok,89,average length movie
2009,El cártel,"Drama, Thriller",5.6,ok,87,average length movie
2007,Charly,Drama,5.6,ok,95,average length movie
2007,Cecilie,"Horror, Thriller",5.6,ok,93,average length movie
2006,Sairen,"Horror, Thriller",5.6,ok,87,average length movie
2006,Madame Irma,Comedy,5.6,ok,90,average length movie
2007,The Killing Floor,"Crime, Horror, Mystery",5.6,ok,94,average length movie
2006,Miles from Home,Drama,5.6,ok,97,average length movie
2008,Rigged,"Action, Adventure, Crime",5.6,ok,100,long movie
2007,El corazón de la tierra,"Drama, Romance",5.6,ok,107,long movie
2006,Home of the Brave,"Action, Drama, War",5.6,ok,106,long movie
2006,Un ami parfait,"Crime, Romance, Thriller",5.6,ok,106,long movie
2007,48 Angels,Drama,5.6,ok,92,average length movie
2005,Innocent,"Drama, Romance",5.6,ok,80,average length movie
2006,The 4th Dimension,"Drama, Fantasy, Mystery",5.6,ok,82,average length movie
2009,Imagine That,"Comedy, Drama, Family",5.6,ok,107,long movie
2009,Je te mangerais,"Drama, Music",5.6,ok,96,average length movie
2006,El cielo dividido,"Drama, Romance",5.6,ok,140,long movie
2007,Netherbeast Incorporated,"Comedy, Horror",5.6,ok,93,average length movie
2007,Love Comes Lately,"Comedy, Drama",5.6,ok,86,average length movie
2009,Brief Interviews with Hideous Men,"Comedy, Drama",5.6,ok,80,average length movie
2008,Just Add Water,"Comedy, Romance",5.6,ok,95,average length movie
2006,Keillers park,"Drama, Romance",5.6,ok,91,average length movie
2007,L'invité,Comedy,5.6,ok,86,average length movie
2007,Röllin sydän,"Animation, Adventure, Fami",5.6,ok,78,average length movie
2007,The Babysitters,Drama,5.6,ok,88,average length movie
2006,The Monster of Phantom Lake,"Comedy, Horror, Sci-Fi",5.6,ok,97,average length movie
2008,The Promotion,Comedy,5.6,ok,86,average length movie
2006,The Amazing Grace,"Drama, History",5.6,ok,100,long movie
2007,Taxi 4,"Action, Comedy, Crime",5.6,ok,91,average length movie
2006,Lange flate ballær,"Comedy, Drama, Sport",5.6,ok,97,average length movie
2007,Les deux mondes,"Comedy, Fantasy",5.6,ok,105,long movie
2008,The Accidental Husband,"Comedy, Romance",5.6,ok,90,average length movie
2006,Asian Stories (Book 3),"Comedy, Drama",5.6,ok,98,average length movie
2007,The Deaths of Ian Stone,"Horror, Thriller",5.6,ok,87,average length movie
2007,Elias og kongeskipet,"Animation, Family",5.6,ok,76,average length movie
2006,K3 en het ijsprinsesje,Family,5.6,ok,70,average length movie
2007,Héros,Thriller,5.6,ok,116,long movie
2009,The Stepfather,"Crime, Thriller",5.6,ok,101,long movie
2007,Le prix à payer,Comedy,5.6,ok,95,average length movie
2007,Clandestinos,"Crime, Drama, Romance",5.6,ok,81,average length movie
2007,All My Friends Are Leaving Brisbane,"Comedy, Romance",5.6,ok,76,average length movie
2008,3:19,Drama,5.6,ok,90,average length movie
2007,UV,"Drama, Mystery",5.6,ok,102,long movie
2007,Hacia la oscuridad,"Crime, Drama, Thriller",5.6,ok,94,average length movie
2008,"Mes amis, mes amours","Comedy, Romance",5.6,ok,99,average length movie
2007,I'm Through with White Girls (The Inevitable Undoin,"Comedy, Romance",5.6,ok,93,average length movie
2006,Svyaz,"Drama, Romance",5.6,ok,80,average length movie
2007,Ta Ra Rum Pum,"Family, Romance, Sport",5.6,ok,153,long movie
2006,Pocahauntus,Horror,5.6,ok,79,average length movie
2009,The Pink Panther 2,"Action, Adventure, Comedy",5.6,ok,92,average length movie
2007,Hannah Takes the Stairs,"Comedy, Drama, Romance",5.6,ok,83,average length movie
2008,Osso Bucco,"Comedy, Romance",5.6,ok,86,average length movie
2006,Sin-de-rel-la,"Horror, Thriller",5.6,ok,94,average length movie
2009,Streetballers,"Drama, Sport",5.6,ok,119,long movie
2008,The Deal,"Comedy, Romance",5.6,ok,100,long movie
2007,Diary of the Dead,"Fantasy, Horror, Sci-Fi",5.6,ok,95,average length movie
2007,Gabriel,"Action, Fantasy, Horror",5.6,ok,114,long movie
2007,Demandez la permission aux enfants,Comedy,5.6,ok,96,average length movie
2007,Til døden os skiller,"Comedy, Drama, Romance",5.6,ok,100,long movie
2007,Disengagement,Drama,5.6,ok,115,long movie
2007,Boku wa imôto ni koi wo suru,Romance,5.6,ok,122,long movie
2008,Stóra planið,Comedy,5.6,ok,90,average length movie
2006,Franklin et le trésor du lac,"Animation, Family, Fantasy",5.6,ok,80,average length movie
2008,"War, Inc.","Action, Comedy, Thriller",5.6,ok,107,long movie
2006,Phii khon pen,"Horror, Mystery, Thriller",5.6,ok,108,long movie
2009,Horsemen,"Crime, Drama, Mystery",5.6,ok,90,average length movie
2007,Kiss the Bride,"Comedy, Romance",5.6,ok,100,long movie
2008,Deadgirl,Horror,5.6,ok,101,long movie
2006,Statysci,Comedy,5.6,ok,118,long movie
2008,The Echo,"Drama, Horror, Mystery",5.6,ok,90,average length movie
2007,Munna,Action,5.6,ok,167,long movie
2009,Love Happens,"Drama, Romance",5.6,ok,109,long movie
2008,The Auteur,Comedy,5.6,ok,80,average length movie
2007,La clef,Thriller,5.6,ok,115,long movie
2007,We Are the Strange,"Animation, Action, Adventu",5.6,ok,88,average length movie
2008,Carnera: The Walking Mountain,"Biography, Drama, Sport",5.6,ok,125,long movie
2007,Already Dead,"Action, Crime, Thriller",5.6,ok,93,average length movie
2007,Sooloilua,"Comedy, Drama",5.6,ok,96,average length movie
2007,Lieksa!,"Comedy, Drama",5.6,ok,90,average length movie
2007,En mand kommer hjem,Comedy,5.6,ok,100,long movie
2009,The Vintner's Luck,"Drama, Fantasy, Romance",5.6,ok,120,long movie
2007,"À vos marques, party!","Comedy, Drama, Romance",5.6,ok,119,long movie
2009,Wake,"Comedy, Drama, Romance",5.6,ok,97,average length movie
2009,You,Drama,5.6,ok,84,average length movie
2007,The Devil Dared Me To,"Action, Comedy",5.6,ok,75,average length movie
2008,Hero Wanted,"Action, Crime, Thriller",5.6,ok,94,average length movie
2007,Cristóvão Colombo - O Enigma,"Drama, History",5.6,ok,75,average length movie
2007,A Grande Família: O Filme,Comedy,5.6,ok,104,long movie
2008,Alien Raiders,"Action, Horror, Sci-Fi",5.6,ok,85,average length movie
2008,Sex and the City,"Comedy, Drama, Romance",5.6,ok,145,long movie
2008,Diminished Capacity,Comedy,5.6,ok,92,average length movie
2007,Gong tau,Horror,5.6,ok,97,average length movie
2008,The Local,"Action, Drama",5.6,ok,90,average length movie
2008,Ace of Hearts,"Drama, Family",5.6,ok,100,long movie
2008,Bheemaa,Action,5.6,ok,169,long movie
2009,Effi Briest,"Drama, Romance",5.6,ok,118,long movie
2007,La nuit des horloges,Fantasy,5.6,ok,90,average length movie
2010,The Bounty Hunter,"Action, Comedy, Romance",5.6,ok,110,long movie
2008,Filth and Wisdom,"Comedy, Drama, Music",5.6,ok,84,average length movie
2008,From Within,"Horror, Mystery, Thriller",5.6,ok,89,average length movie
2007,Konji vrani,Drama,5.6,ok,98,average length movie
2008,Le premier venu,"Drama, Romance",5.6,ok,121,long movie
2008,La troisième partie du monde,"Fantasy, Mystery, Romance",5.6,ok,105,long movie
2009,Not Since You,"Drama, Romance",5.6,ok,90,average length movie
2008,Um Amor de Perdição,Romance,5.6,ok,81,average length movie
2009,Fighting,"Action, Crime, Drama",5.6,ok,105,long movie
2009,Falling Up,"Comedy, Drama, Romance",5.6,ok,98,average length movie
2007,Hito ga hito o ai suru koto no dôshiyô mo nasa,Drama,5.6,ok,117,long movie
2007,L'ora di punta,Drama,5.6,ok,90,average length movie
2008,Sakigake!! Otokojuku,"Action, Comedy",5.6,ok,110,long movie
2007,Esto huele mal,"Comedy, Drama",5.6,ok,86,average length movie
2009,New in Town,"Comedy, Romance",5.6,ok,97,average length movie
2007,The Inheritance,Drama,5.6,ok,62,average length movie
2009,Se Eu Fosse Você 2,Comedy,5.6,ok,96,average length movie
2010,Broken Sun,Drama,5.6,ok,93,average length movie
2010,Peep World,"Comedy, Drama",5.6,ok,79,average length movie
2008,Heroes,"Action, Adventure, Comedy",5.6,ok,139,long movie
2008,Higurashi no naku koro ni,"Drama, Horror, Mystery",5.6,ok,106,long movie
2009,Strigoi,"Comedy, Drama, Fantasy",5.6,ok,105,long movie
2008,Ulvenatten,"Action, Drama, Thriller",5.6,ok,90,average length movie
2009,Alien Trespass,"Comedy, Horror, Sci-Fi",5.6,ok,90,average length movie
2007,Frayed,"Horror, Thriller",5.6,ok,111,long movie
2010,Love Ranch,"Biography, Comedy, Drama",5.6,ok,117,long movie
2010,The 5th Quarter,"Biography, Drama, Sport",5.6,ok,90,average length movie
2007,The Houseboy,"Drama, Romance",5.6,ok,81,average length movie
2007,Duggholufólkið,"Adventure, Family",5.6,ok,83,average length movie
2008,Carlitos y el campo de los sueños,"Adventure, Comedy, Drama",5.6,ok,107,long movie
2007,1612: Khroniki smutnogo vremeni,"Adventure, Drama, Fantasy",5.6,ok,144,long movie
2008,Fatso,"Comedy, Drama",5.6,ok,91,average length movie
2007,Korowód,"Drama, Romance",5.6,ok,112,long movie
2009,Mutants,"Drama, Horror, Sci-Fi",5.6,ok,95,average length movie
2009,Haeundae,"Action, Drama",5.6,ok,120,long movie
2009,Love Simple,"Comedy, Romance",5.6,ok,85,average length movie
2009,Prime Mover,"Comedy, Drama",5.6,ok,90,average length movie
2010,Agua fria de mar,Drama,5.6,ok,83,average length movie
2009,12 Rounds,"Action, Crime, Thriller",5.6,ok,108,long movie
2007,.hack//G.U. Trilogy,"Animation, Action, Adventu",5.6,ok,93,average length movie
2008,The Kreutzer Sonata,Drama,5.6,ok,99,average length movie
2008,Coluche: l'histoire d'un mec,"Biography, Drama, History",5.6,ok,100,long movie
2008,A Song of Good,"Crime, Drama, Mystery",5.6,ok,84,average length movie
2008,New Town Killers,"Action, Crime, Drama",5.6,ok,100,long movie
2010,When in Rome,"Comedy, Romance",5.6,ok,91,average length movie
2008,Hak sai lik,Action,5.6,ok,94,average length movie
2009,Sun cheung sau,"Action, Adventure, Crime",5.6,ok,90,average length movie
2007,Winx Club: Il segreto del Regno Perduto,"Animation, Action, Adventu",5.6,ok,85,average length movie
2009,Command Performance,"Action, Drama, Thriller",5.6,ok,93,average length movie
2009,Love Hurts,"Comedy, Romance",5.6,ok,90,average length movie
2007,Du saram-yida,"Crime, Drama, Horror",5.6,ok,85,average length movie
2008,Cold Play,Thriller,5.6,ok,88,average length movie
2009,Storage,"Crime, Thriller",5.6,ok,95,average length movie
2010,Zwart water,Horror,5.6,ok,112,long movie
2008,"Happy Birthday, Harris Malden",Comedy,5.6,ok,80,average length movie
2009,The Butterfly Effect 3: Revelations,"Crime, Sci-Fi, Thriller",5.6,ok,90,average length movie
2009,Tannöd,"Crime, Drama, Horror",5.6,ok,93,average length movie
2008,Qing tai,"Crime, Drama",5.6,ok,95,average length movie
2010,La herencia Valdemar,"Horror, Mystery",5.6,ok,104,long movie
2008,Laylat El-Baby Doll,Drama,5.6,ok,180,epic movie
2008,Schattenwelt,Drama,5.6,ok,92,average length movie
2008,Somtum,"Action, Comedy, Sport",5.6,ok,103,long movie
2009,Rock Slyde,Comedy,5.6,ok,89,average length movie
2008,Home Movie,"Drama, Horror, Thriller",5.6,ok,77,average length movie
2010,Don't Be Afraid of the Dark,"Fantasy, Horror, Thriller",5.6,ok,99,average length movie
2009,The Outside,Drama,5.6,ok,90,average length movie
2008,De l'autre côté du lit,Comedy,5.6,ok,93,average length movie
2009,Djavolja varos,"Comedy, Drama",5.6,ok,82,average length movie
2009,El corredor nocturno,Thriller,5.6,ok,98,average length movie
2008,Purgatorio,Drama,5.6,ok,90,average length movie
2010,Shit Year,Drama,5.6,ok,95,average length movie
2009,Karla og Katrine,Family,5.6,ok,87,average length movie
2008,Annan Thambi,"Action, Comedy, Family",5.6,ok,141,long movie
2009,Duress,"Crime, Thriller",5.6,ok,80,average length movie
2008,Kurukshetra,War,5.6,ok,109,long movie
2009,Yau lung hei fung,Romance,5.6,ok,117,long movie
2009,To kako - Stin epohi ton iroon,"Comedy, Horror",5.6,ok,88,average length movie
2010,A Little Help,"Comedy, Drama, Romance",5.6,ok,109,long movie
2010,The Last Exorcism,"Horror, Mystery, Thriller",5.6,ok,87,average length movie
2010,The Dry Land,Drama,5.6,ok,92,average length movie
2008,Mangue Negro,Horror,5.6,ok,105,long movie
2008,A-nae-ga kyeol-hon-haet-da,"Comedy, Romance",5.6,ok,119,long movie
2009,The Coming,Sci-Fi,5.6,ok,100,long movie
2009,Raaz: The Mystery Continues,"Horror, Mystery, Romance",5.6,ok,151,long movie
2009,First Squad: The Moment of Truth,"Animation, Action, Drama",5.6,ok,73,average length movie
2009,Curious George 2: Follow That Monkey!,"Animation, Adventure, Come",5.6,ok,80,average length movie
2009,La première étoile,Comedy,5.6,ok,90,average length movie
2010,The Stranger in Us,Drama,5.6,ok,107,long movie
2010,The Ward,"Horror, Mystery, Thriller",5.6,ok,89,average length movie
2008,Rôjin to rabudôru: Watashi ga shochô ni natta toki.,Drama,5.6,ok,65,average length movie
2010,Cop Out,"Action, Comedy, Crime",5.6,ok,107,long movie
2009,Dhoondte Reh Jaoge,"Comedy, Drama",5.6,ok,131,long movie
2009,Baton,"Animation, Action",5.6,ok,60,average length movie
2009,Challenge,"Action, Comedy, Drama",5.6,ok,160,long movie
2010,Pièce montée,"Comedy, Romance",5.6,ok,93,average length movie
2010,Bus Palladium,"Comedy, Drama, Music",5.6,ok,100,long movie
2009,Ballad: Na mo naki koi no uta,"Action, Drama, Romance",5.6,ok,127,long movie
2009,Venezzia,Drama,5.6,ok,90,average length movie
2010,We Are Family,"Drama, Family",5.6,ok,115,long movie
2009,San qiang pai an jing qi,"Comedy, Drama",5.6,ok,95,average length movie
2009,Vertige,"Adventure, Horror, Thrille",5.6,ok,90,average length movie
2010,Zandegi ba cheshmane baste,Drama,5.6,ok,101,long movie
2009,Suske en Wiske: De Texas rakkers,"Animation, Adventure, Come",5.6,ok,80,average length movie
2009,Julenatt i Blåfjell,"Adventure, Family, Fantasy",5.6,ok,82,average length movie
2010,Blame,"Drama, Thriller",5.6,ok,89,average length movie
2010,Tutto l'amore del mondo,"Comedy, Romance",5.6,ok,100,long movie
2010,Bruc. La llegenda,"Adventure, History",5.6,ok,85,average length movie
2009,Meno male che ci sei,"Comedy, Drama",5.6,ok,106,long movie
2010,Khatta Meetha,"Comedy, Crime, Drama",5.6,ok,157,long movie
2007,Deepavali,"Action, Romance",5.6,ok,152,long movie
2010,Saw 3D,"Horror, Mystery",5.6,ok,90,average length movie
2010,"Kôshônin: The movie - Taimu rimitto kôdo 10,000 m n","Action, Drama",5.6,ok,123,long movie
2010,L'autre monde,"Drama, Thriller",5.6,ok,105,long movie
2010,Pickman's Muse,"Horror, Sci-Fi, Thriller",5.6,ok,77,average length movie
2008,Soovide puu,Drama,5.6,ok,86,average length movie
2010,Baana Kaathadi,Romance,5.6,ok,146,long movie
2010,After the Waterfall,Drama,5.6,ok,94,average length movie
2009,Wo de tangchao xiongdi,Action,5.6,ok,93,average length movie
2009,Pen-teu-ha-woo-seu ko-kki-ri,Drama,5.6,ok,144,long movie
2010,Szelíd teremtés - A Frankenstein-terv,Drama,5.6,ok,109,long movie
2010,Happy Few,Romance,5.6,ok,103,long movie
2009,Kwan yan chut si,"Crime, Drama, Thriller",5.6,ok,85,average length movie
2010,Paranormal Activity 2,Horror,5.6,ok,91,average length movie
2010,Honeymooner,Comedy,5.6,ok,74,average length movie
2010,Tomme tønner,"Comedy, Crime",5.6,ok,87,average length movie
2010,De Pernas pro Ar,Comedy,5.6,ok,101,long movie
2010,Farsan,Comedy,5.6,ok,97,average length movie
2010,This Movie Is Broken,"Drama, Music, Romance",5.6,ok,85,average length movie
2010,Filière 13,Comedy,5.6,ok,112,long movie
2010,Sans queue ni tête,"Comedy, Drama",5.6,ok,95,average length movie
2007,Jeonseol-ui gohyang,"Drama, History, Horror",5.6,ok,95,average length movie
2010,Happy Husbands,Comedy,5.6,ok,162,long movie
2010,Moral Bozuklugu ve 31,Comedy,5.6,ok,95,average length movie
2010,Nan nan,Drama,5.6,ok,105,long movie
2009,Muzi v riji,"Comedy, Drama",5.6,ok,120,long movie
2009,Puthiya Mugham,"Action, Drama, Thriller",5.6,ok,137,long movie
2010,Denizden gelen,Drama,5.6,ok,107,long movie
2010,Holiday,"Comedy, Crime, Mystery",5.6,ok,90,average length movie
2010,Christmas Mail,"Comedy, Drama, Family",5.6,ok,89,average length movie
2010,I Hate Luv Storys,"Comedy, Drama, Romance",5.6,ok,129,long movie
2010,"Ultramarines: A Warhammer 40,000 Movie","Animation, Action, Fantasy",5.6,ok,76,average length movie
2010,Apnoia,"Drama, Thriller",5.6,ok,87,average length movie
2010,El Sanatorio,"Comedy, Horror",5.6,ok,73,average length movie
2010,Tag und Nacht,Drama,5.6,ok,101,long movie
2010,Mubeopja,"Crime, Mystery, Thriller",5.6,ok,93,average length movie
2010,Rene Midis Holivudshi,"Drama, Mystery",5.6,ok,103,long movie
2010,Çakallarla Dans,Comedy,5.6,ok,102,long movie
2009,Bel Alwan ElTabeaya,"Comedy, Drama, Fantasy",5.6,ok,98,average length movie
2010,Manmadhan Ambu,"Comedy, Drama",5.6,ok,152,long movie
2008,Alien Encounter,Sci-Fi,5.6,ok,82,average length movie
2010,Uthama Puthiran,"Comedy, Romance",5.6,ok,169,long movie
2008,Damnatus,"Action, Fantasy, Horror",5.6,ok,108,long movie
2010,Gandu,Drama,5.6,ok,85,average length movie
2007,Naan Avanillai,"Crime, Drama, Thriller",5.6,ok,149,long movie
2010,A Buddy Story,Romance,5.6,ok,84,average length movie
2007,Attack on the Pin-Up Boys,Comedy,5.6,ok,81,average length movie
2010,Police Police,Action,5.6,ok,142,long movie
2006,Aishwarya,"Drama, Romance",5.6,ok,147,long movie
2005,The Prodigy,"Crime, Drama, Thriller",5.5,ok,120,long movie
2005,Bob the Butler,"Comedy, Family",5.5,ok,90,average length movie
2006,Love Is the Drug,Drama,5.5,ok,96,average length movie
2005,Havoc,"Crime, Drama",5.5,ok,85,average length movie
2005,Los suicidas,Mystery,5.5,ok,80,average length movie
2010,In My Sleep,"Drama, Mystery, Thriller",5.5,ok,104,long movie
2005,My Suicidal Sweetheart,"Comedy, Drama",5.5,ok,115,long movie
2006,Day of Wrath,"Action, Adventure, Crime",5.5,ok,109,long movie
2005,Valiant,"Animation, Adventure, Come",5.5,ok,76,average length movie
2009,The Box,"Drama, Fantasy, Mystery",5.5,ok,115,long movie
2009,Whiteout,"Action, Crime, Horror",5.5,ok,101,long movie
2005,Monster-in-Law,"Comedy, Romance",5.5,ok,101,long movie
2005,White Noise,"Drama, Horror, Mystery",5.5,ok,101,long movie
2005,The Perfect Man,"Comedy, Family, Romance",5.5,ok,100,long movie
2006,The Penalty King,Comedy,5.5,ok,90,average length movie
2007,Dolina,Drama,5.5,ok,122,long movie
2006,Love Comes to the Executioner,"Comedy, Drama, Romance",5.5,ok,89,average length movie
2005,Bee Season,"Drama, Family",5.5,ok,104,long movie
2005,Beauty Shop,Comedy,5.5,ok,105,long movie
2005,The Nickel Children,Drama,5.5,ok,95,average length movie
2005,House of 9,"Drama, Horror, Mystery",5.5,ok,86,average length movie
2005,Shadowboxer,"Action, Crime, Drama",5.5,ok,93,average length movie
2007,Blood and Chocolate,"Drama, Fantasy, Horror",5.5,ok,98,average length movie
2005,Rumor Has It...,"Comedy, Drama, Romance",5.5,ok,97,average length movie
2005,Down and Derby,"Comedy, Family",5.5,ok,90,average length movie
2005,The Man,"Action, Comedy, Crime",5.5,ok,83,average length movie
2005,Say Uncle,"Comedy, Drama",5.5,ok,91,average length movie
2005,Hating Alison Ashley,Comedy,5.5,ok,100,long movie
2006,Comme tout le monde,"Comedy, Romance",5.5,ok,90,average length movie
2005,The Mistress of Spices,"Drama, Romance",5.5,ok,92,average length movie
2006,Barnyard,"Animation, Adventure, Come",5.5,ok,90,average length movie
2005,Dus,"Action, Crime, Drama",5.5,ok,152,long movie
2006,Mr. Fix It,"Comedy, Romance",5.5,ok,93,average length movie
2005,"Semen, una historia de amor",Comedy,5.5,ok,89,average length movie
2005,Little Athens,"Comedy, Crime, Drama",5.5,ok,103,long movie
2005,Idole instantanée,Comedy,5.5,ok,95,average length movie
2006,The Oh in Ohio,"Comedy, Drama, Romance",5.5,ok,88,average length movie
2006,La piste,"Adventure, Drama",5.5,ok,90,average length movie
2005,This Revolution,"Drama, Romance, Thriller",5.5,ok,95,average length movie
2005,Waterborne,Drama,5.5,ok,80,average length movie
2005,Palais royal!,Comedy,5.5,ok,110,long movie
2006,Karla,"Crime, Drama, Thriller",5.5,ok,99,average length movie
2006,Employee of the Month,"Comedy, Romance",5.5,ok,103,long movie
2005,The Fine Art of Love: Mine Ha-Ha,"Drama, Mystery",5.5,ok,102,long movie
2005,Un rey en La Habana,Comedy,5.5,ok,102,long movie
2006,Johnny Was,"Action, Crime, Drama",5.5,ok,93,average length movie
2005,Fluerne på væggen,Thriller,5.5,ok,92,average length movie
2005,Pervyy posle Boga,"Action, Drama, War",5.5,ok,99,average length movie
2006,Der Räuber Hotzenplotz,"Comedy, Crime, Family",5.5,ok,94,average length movie
2006,Live Free or Die,"Comedy, Crime",5.5,ok,89,average length movie
2005,Paper Moon Affair,"Drama, Romance",5.5,ok,82,average length movie
2006,The Gravedancers,Horror,5.5,ok,95,average length movie
2006,Rollin' with the Nines,"Crime, Action, Drama",5.5,ok,96,average length movie
2006,The Benchwarmers,"Comedy, Sport",5.5,ok,85,average length movie
2006,Ten 'til Noon,"Crime, Mystery, Thriller",5.5,ok,83,average length movie
2005,These Girls,"Comedy, Drama",5.5,ok,92,average length movie
2006,Head Trauma,"Horror, Mystery, Thriller",5.5,ok,84,average length movie
2005,Ninette,Comedy,5.5,ok,118,long movie
2005,Rofuto,Horror,5.5,ok,115,long movie
2005,"Yours, Mine & Ours","Comedy, Family, Fantasy",5.5,ok,88,average length movie
2005,Miracle at Sage Creek,"Action, Drama, Family",5.5,ok,90,average length movie
2005,Karam,"Action, Thriller",5.5,ok,117,long movie
2005,Jurm,"Crime, Drama, Mystery",5.5,ok,150,long movie
2005,Los 2 lados de la cama,"Comedy, Musical, Romance",5.5,ok,104,long movie
2006,Sans elle,"Thriller, Drama",5.5,ok,102,long movie
2007,Pars vite et reviens tard,"Crime, Drama, Thriller",5.5,ok,116,long movie
2007,Full of It,"Drama, Comedy",5.5,ok,93,average length movie
2005,Import-eksport,"Comedy, Drama",5.5,ok,90,average length movie
2006,Things That Hang from Trees,Drama,5.5,ok,97,average length movie
2006,Quatre étoiles,Comedy,5.5,ok,106,long movie
2006,RV,"Adventure, Comedy, Family",5.5,ok,99,average length movie
2005,Dosti: Friends Forever,"Drama, Romance",5.5,ok,136,long movie
2005,Ot 180 i vyshe,Comedy,5.5,ok,104,long movie
2006,The End of Silence,Drama,5.5,ok,94,average length movie
2005,Kyon Ki...,"Drama, Romance",5.5,ok,160,long movie
2005,Maine Pyaar Kyun Kiya,"Comedy, Drama, Romance",5.5,ok,145,long movie
2005,Cheaper by the Dozen 2,"Adventure, Comedy, Family",5.5,ok,94,average length movie
2006,Lady in the Water,"Drama, Fantasy, Mystery",5.5,ok,110,long movie
2006,Hoot,"Adventure, Comedy, Family",5.5,ok,91,average length movie
2006,Frostbiten,"Horror, Comedy",5.5,ok,98,average length movie
2006,Roman,"Drama, Thriller",5.5,ok,92,average length movie
2006,Dead Man's Cards,"Action, Crime, Drama",5.5,ok,110,long movie
2007,Baby,"Crime, Drama, Thriller",5.5,ok,100,long movie
2005,Bôkoku no îjisu,"Action, Drama, Thriller",5.5,ok,126,long movie
2006,Fast Track,"Comedy, Romance",5.5,ok,89,average length movie
2006,El cantante,"Biography, Drama, Music",5.5,ok,106,long movie
2006,Caffeine,Comedy,5.5,ok,92,average length movie
2006,La maison du bonheur,Comedy,5.5,ok,99,average length movie
2007,Walk the Talk,"Comedy, Drama",5.5,ok,95,average length movie
2005,Stories of Lost Souls,"Comedy, Drama, Thriller",5.5,ok,90,average length movie
2006,Two Tickets to Paradise,Comedy,5.5,ok,90,average length movie
2007,After Sex,"Comedy, Drama, Romance",5.5,ok,77,average length movie
2006,The Architect,"Crime, Drama, Romance",5.5,ok,82,average length movie
2006,Wasted,"Adventure, Drama, Mystery",5.5,ok,92,average length movie
2006,The Omen,"Horror, Thriller",5.5,ok,110,long movie
2006,Broken,"Drama, Thriller",5.5,ok,97,average length movie
2007,Her Best Move,"Comedy, Family, Romance",5.5,ok,101,long movie
2005,Jom kha mung wej,"Crime, Fantasy, Horror",5.5,ok,118,long movie
2006,Rokonok,Drama,5.5,ok,110,long movie
2005,Onaji tsuki wo miteiru,Drama,5.5,ok,106,long movie
2007,Cherry Crush,"Drama, Thriller",5.5,ok,89,average length movie
2007,Bone Dry,"Action, Drama, Thriller",5.5,ok,100,long movie
2007,Crashing,Drama,5.5,ok,79,average length movie
2008,Jack and Jill vs. the World,"Comedy, Drama, Romance",5.5,ok,90,average length movie
2005,Chang hen ge,"Drama, Romance",5.5,ok,115,long movie
2005,Gabal,"Drama, Horror",5.5,ok,106,long movie
2007,Firehouse Dog,"Action, Comedy, Family",5.5,ok,111,long movie
2006,Pirates of the Great Salt Lake,"Adventure, Comedy",5.5,ok,86,average length movie
2006,Solo,"Crime, Drama",5.5,ok,90,average length movie
2008,Freebird,Comedy,5.5,ok,89,average length movie
2005,Sarangni,"Drama, Romance",5.5,ok,115,long movie
2006,Varannan vecka,"Comedy, Drama, Romance",5.5,ok,97,average length movie
2007,Popcorn,"Comedy, Romance",5.5,ok,90,average length movie
2006,Chukkallo Chandrudu,Drama,5.5,ok,146,long movie
2005,"Percy, Buffalo Bill och jag","Adventure, Family, Romance",5.5,ok,83,average length movie
2006,Umrao Jaan,"Drama, Romance",5.5,ok,188,epic movie
2007,Cleópatra,"Drama, Romance",5.5,ok,116,long movie
2006,I-See-You.com,Comedy,5.5,ok,92,average length movie
2005,Jeuk sing 2 gi ji mor tin hau,Comedy,5.5,ok,96,average length movie
2006,The Ten Commandments: The Musical,Musical,5.5,ok,120,long movie
2006,All the Boys Love Mandy Lane,Horror,5.5,ok,90,average length movie
2005,A Concepção,Drama,5.5,ok,96,average length movie
2007,On the Doll,"Crime, Drama, Thriller",5.5,ok,102,long movie
2008,"Welcome Home, Roscoe Jenkins","Comedy, Romance",5.5,ok,114,long movie
2009,Tenderness,"Crime, Drama, Thriller",5.5,ok,101,long movie
2005,Rainbow boy... Rung tua thii paet khawng khwaam rak,"Comedy, Drama, Romance",5.5,ok,100,long movie
2006,Ame no machi,Horror,5.5,ok,95,average length movie
2007,Freezer Burn,"Comedy, Drama, Sci-Fi",5.5,ok,94,average length movie
2007,Itty Bitty Titty Committee,"Comedy, Drama, Romance",5.5,ok,87,average length movie
2007,"Lola, la película",Biography,5.5,ok,100,long movie
2006,Yôki na gyangu ga chikyû o mawasu,"Comedy, Crime",5.5,ok,92,average length movie
2007,Adrift in Manhattan,Drama,5.5,ok,91,average length movie
2007,Anamorph,"Crime, Horror, Thriller",5.5,ok,107,long movie
2007,Hostel: Part II,Horror,5.5,ok,94,average length movie
2005,Loufa kai parallagi: Seirines sto Aigaio,Comedy,5.5,ok,115,long movie
2009,Friday the 13th,"Horror, Mystery, Thriller",5.5,ok,97,average length movie
2007,I Think I Love My Wife,"Comedy, Drama, Romance",5.5,ok,94,average length movie
2008,Tennessee,"Adventure, Comedy, Drama",5.5,ok,99,average length movie
2006,Apart from That,Drama,5.5,ok,120,long movie
2007,Illegal Tender,"Crime, Drama, Thriller",5.5,ok,108,long movie
2006,Supervoksen,Drama,5.5,ok,92,average length movie
2007,Mein Führer - Die wirklich wahrste Wahrheit über Ad,"Comedy, Drama, War",5.5,ok,89,average length movie
2007,Welcome to Paradise,Drama,5.5,ok,111,long movie
2007,La carta esférica,Adventure,5.5,ok,108,long movie
2006,Duk ga si oi,"Comedy, Romance",5.5,ok,96,average length movie
2007,Game of Life,Drama,5.5,ok,100,long movie
2007,Trainwreck: My Life as an Idiot,"Comedy, Drama",5.5,ok,94,average length movie
2009,Balls Out: Gary the Tennis Coach,"Comedy, Sport",5.5,ok,92,average length movie
2007,Ledsaget udgang,"Comedy, Drama",5.5,ok,90,average length movie
2006,Suden arvoitus,"Adventure, Drama, Family",5.5,ok,96,average length movie
2006,Monopoly,"Crime, Mystery, Thriller",5.5,ok,91,average length movie
2006,In 3 Tagen bist du tot,"Horror, Thriller",5.5,ok,97,average length movie
2005,To kako,"Action, Comedy, Horror",5.5,ok,83,average length movie
2006,Colic: dek hen pee,"Horror, Mystery",5.5,ok,108,long movie
2007,La face cachée,"Comedy, Drama",5.5,ok,93,average length movie
2008,Kissing Cousins,Comedy,5.5,ok,98,average length movie
2006,L'estate del mio primo bacio,Comedy,5.5,ok,84,average length movie
2008,Garden Party,Drama,5.5,ok,88,average length movie
2007,¿Y tú quién eres?,Drama,5.5,ok,90,average length movie
2007,Et toi t'es sur qui?,Romance,5.5,ok,82,average length movie
2007,Throwing Stars,Comedy,5.5,ok,87,average length movie
2007,Overnight,Drama,5.5,ok,92,average length movie
2007,Un buen día lo tiene cualquiera,Drama,5.5,ok,84,average length movie
2007,Manuale d'amore 2 (Capitoli successivi),"Comedy, Romance",5.5,ok,120,long movie
2008,The House Bunny,"Comedy, Romance",5.5,ok,97,average length movie
2006,Yeon-ae-geu-cham-eul-soo-eop-neun-ga-byeo-woom,"Comedy, Romance",5.5,ok,125,long movie
2009,Elsewhere,"Crime, Drama, Thriller",5.5,ok,106,long movie
2008,Looking for Palladin,Comedy,5.5,ok,115,long movie
2007,Zibahkhana,"Horror, Thriller",5.5,ok,77,average length movie
2008,Finding Amanda,"Comedy, Drama",5.5,ok,96,average length movie
2007,Hjemve,Comedy,5.5,ok,97,average length movie
2007,Kuchisake-onna,Horror,5.5,ok,90,average length movie
2008,Remarkable Power,Comedy,5.5,ok,91,average length movie
2007,Tian tang kou,"Action, Drama",5.5,ok,95,average length movie
2008,100 Feet,"Horror, Mystery, Thriller",5.5,ok,96,average length movie
2009,Bride Wars,"Comedy, Romance",5.5,ok,89,average length movie
2008,Acolytes,"Crime, Drama, Horror",5.5,ok,91,average length movie
2007,Glyanets,"Comedy, Drama",5.5,ok,118,long movie
2008,Edison & Leo,"Animation, Comedy, Fantasy",5.5,ok,79,average length movie
2008,Familiar Strangers,"Comedy, Drama",5.5,ok,86,average length movie
2007,Zuhanórepülés,"Action, Crime, Drama",5.5,ok,90,average length movie
2006,Khiana mashroaa,"Action, Drama, Thriller",5.5,ok,117,long movie
2010,Arthur 3: la guerre des deux mondes,"Animation, Adventure, Fami",5.5,ok,101,long movie
2007,Un homme perdu,Drama,5.5,ok,93,average length movie
2007,Athidhi,Action,5.5,ok,300,epic movie
2010,Nine Dead,"Crime, Drama, Horror",5.5,ok,98,average length movie
2008,You Don't Mess with the Zohan,Comedy,5.5,ok,113,long movie
2007,Holding Trevor,"Drama, Romance",5.5,ok,88,average length movie
2008,The Objective,"Horror, Sci-Fi, Thriller",5.5,ok,90,average length movie
2007,Baram-pigi joheun nal,"Comedy, Romance",5.5,ok,103,long movie
2008,The Day the Earth Stood Still,"Drama, Sci-Fi, Thriller",5.5,ok,104,long movie
2010,Little Fockers,"Comedy, Romance",5.5,ok,98,average length movie
2007,Midlothia,Drama,5.5,ok,89,average length movie
2007,Too Young to Marry,"Comedy, Drama, Romance",5.5,ok,90,average length movie
2007,Into the Arms of Strangers,"Drama, Mystery, Thriller",5.5,ok,93,average length movie
2006,Umut adasi,"Adventure, Drama, Thriller",5.5,ok,118,long movie
2008,Lekcje pana Kuki,Comedy,5.5,ok,93,average length movie
2008,Chronic Town,Drama,5.5,ok,99,average length movie
2007,42plus,"Drama, Romance",5.5,ok,92,average length movie
2008,Farm House,"Horror, Mystery, Thriller",5.5,ok,95,average length movie
2009,My Father's Will,Drama,5.5,ok,88,average length movie
2009,The Open Road,"Comedy, Drama",5.5,ok,90,average length movie
2010,The Tortured,"Horror, Thriller",5.5,ok,79,average length movie
2007,Gwan gai,Action,5.5,ok,105,long movie
2009,The Butterfly Tattoo,"Drama, Romance, Thriller",5.5,ok,101,long movie
2009,Tiao chu qu,"Comedy, Drama",5.5,ok,87,average length movie
2008,How to Be a Serial Killer,"Comedy, Crime, Horror",5.5,ok,91,average length movie
2008,Harold,Comedy,5.5,ok,90,average length movie
2008,Cave Women on Mars,Sci-Fi,5.5,ok,73,average length movie
2008,Linewatch,"Crime, Drama, Thriller",5.5,ok,90,average length movie
2008,The Caller,"Crime, Drama, Mystery",5.5,ok,92,average length movie
2008,How to Be,"Comedy, Drama",5.5,ok,85,average length movie
2008,Leur morale... et la nôtre,"Comedy, Crime",5.5,ok,100,long movie
2007,Baan phii sing,Horror,5.5,ok,110,long movie
2008,"Grande, grosso e... Verdone",Comedy,5.5,ok,135,long movie
2009,Couples Retreat,Comedy,5.5,ok,113,long movie
2008,Mala wielka milosc,"Comedy, Romance",5.5,ok,107,long movie
2007,Ang lalake sa parola,"Drama, Romance",5.5,ok,108,long movie
2007,O kadin,"Drama, Music, Romance",5.5,ok,90,average length movie
2009,The Girlfriend Experience,Drama,5.5,ok,77,average length movie
2007,Weißt was geil wär...?!,"Comedy, Romance",5.5,ok,97,average length movie
2007,Leo,"Crime, Drama",5.5,ok,78,average length movie
2007,Pop Skull,"Drama, Horror",5.5,ok,86,average length movie
2007,12 in a Box,Comedy,5.5,ok,96,average length movie
2010,Miss Nobody,"Comedy, Crime",5.5,ok,92,average length movie
2009,Chamaco,Drama,5.5,ok,97,average length movie
2008,Phantom Punch,"Biography, Drama, Sport",5.5,ok,104,long movie
2009,Mandie and the Secret Tunnel,"Adventure, Drama, Family",5.5,ok,100,long movie
2008,Vilaine,Comedy,5.5,ok,93,average length movie
2008,Morgan Pålsson - världsreporter,Comedy,5.5,ok,84,average length movie
2009,How to Draw a Perfect Circle,Drama,5.5,ok,122,long movie
2009,The Jerk Theory,"Comedy, Music, Romance",5.5,ok,93,average length movie
2007,Chung oi,Horror,5.5,ok,97,average length movie
2008,Majdnem szüz,Drama,5.5,ok,103,long movie
2009,The Gold & the Beautiful,"Adventure, Comedy, Family",5.5,ok,90,average length movie
2009,The Lightkeepers,Comedy,5.5,ok,97,average length movie
2008,Eiga: Kurosagi,"Crime, Drama, Thriller",5.5,ok,127,long movie
2009,Wickie und die starken Männer,"Action, Adventure, Comedy",5.5,ok,85,average length movie
2010,Sint,Horror,5.5,ok,85,average length movie
2008,I-4: Loufa & apallagi,Comedy,5.5,ok,90,average length movie
2007,20 sigaret,"Action, Comedy, Drama",5.5,ok,90,average length movie
2009,Ninja,"Action, Crime, Drama",5.5,ok,86,average length movie
2009,Mensch,"Crime, Drama",5.5,ok,87,average length movie
2008,S.O.S Svartskjær,Family,5.5,ok,87,average length movie
2008,Who Do You Love,Drama,5.5,ok,91,average length movie
2008,Muumi ja vaarallinen juhannus,"Animation, Family, Fantasy",5.5,ok,88,average length movie
2010,Crazy on the Outside,"Comedy, Crime",5.5,ok,96,average length movie
2009,Subdivision,"Comedy, Drama",5.5,ok,100,long movie
2008,Karma: Crime. Passion. Reincarnation,"Crime, Drama, Mystery",5.5,ok,97,average length movie
2009,Toinen jalka haudasta,"Comedy, Drama",5.5,ok,101,long movie
2010,Odoru daisousasen the movie 3: Yatsura o kaihou sey,Drama,5.5,ok,141,long movie
2009,Lippels Traum,"Adventure, Drama, Family",5.5,ok,101,long movie
2008,L'amore non basta,Drama,5.5,ok,84,average length movie
2008,Nossa Vida Não Cabe Num Opala,Drama,5.5,ok,93,average length movie
2008,Via Darjeeling,"Drama, Mystery, Thriller",5.5,ok,104,long movie
2008,Kereta Hantu Manggarai,Horror,5.5,ok,89,average length movie
2009,Le dernier vol,"Adventure, Drama, Romance",5.5,ok,98,average length movie
2009,How I Got Lost,Drama,5.5,ok,87,average length movie
2008,Nalnari jongbujeon,"Comedy, Romance",5.5,ok,110,long movie
2009,Just Say Love,"Drama, Romance",5.5,ok,75,average length movie
2009,Shannon's Rainbow,"Drama, Family",5.5,ok,92,average length movie
2009,After,Drama,5.5,ok,116,long movie
2009,Redwoods,"Drama, Romance",5.5,ok,82,average length movie
2009,Bitter/Sweet,"Comedy, Romance",5.5,ok,106,long movie
2009,Once More with Feeling,"Comedy, Drama",5.5,ok,105,long movie
2010,The Trial,"Drama, Mystery",5.5,ok,101,long movie
2010,Hatchet II,"Action, Comedy, Horror",5.5,ok,85,average length movie
2008,Il seme della discordia,Comedy,5.5,ok,85,average length movie
2008,La seconda volta non si scorda mai,"Comedy, Romance",5.5,ok,100,long movie
2009,Wake Wood,"Drama, Horror, Thriller",5.5,ok,90,average length movie
2009,Velsignelsen,Drama,5.5,ok,75,average length movie
2007,Où est la main de l'homme sans tête,Thriller,5.5,ok,104,long movie
2010,Chatroom,"Drama, Thriller",5.5,ok,97,average length movie
2008,No Problem,Comedy,5.5,ok,98,average length movie
2009,Happy Ever Afters,Comedy,5.5,ok,101,long movie
2009,Fruit Fly,"Comedy, Musical",5.5,ok,94,average length movie
2009,The Truth About Average Guys,Comedy,5.5,ok,83,average length movie
2009,Crackie,Drama,5.5,ok,94,average length movie
2008,Arizona Sky,"Drama, Romance",5.5,ok,92,average length movie
2009,O Menino da Porteira,"Adventure, Drama, Western",5.5,ok,95,average length movie
2010,Raspberry Magic,"Comedy, Drama, Family",5.5,ok,82,average length movie
2010,Ceremony,"Comedy, Romance",5.5,ok,89,average length movie
2010,The Shrine,Horror,5.5,ok,85,average length movie
2008,Lokas,Comedy,5.5,ok,90,average length movie
2009,Higurashi no naku koro ni: Chikai,"Action, Drama, Horror",5.5,ok,108,long movie
2009,Neuilly sa mère!,Comedy,5.5,ok,90,average length movie
2010,Jordan,"Adventure, Drama, Thriller",5.5,ok,83,average length movie
2010,The Chameleon,"Biography, Crime, Drama",5.5,ok,106,long movie
2009,9:06,"Drama, Thriller",5.5,ok,71,average length movie
2009,Den rozhdeniya Alisy,"Animation, Family, Sci-Fi",5.5,ok,80,average length movie
2010,Foeksia de miniheks,"Family, Fantasy",5.5,ok,95,average length movie
2008,Nun of That,"Action, Comedy",5.5,ok,91,average length movie
2009,Mullewapp,"Animation, Family",5.5,ok,77,average length movie
2009,Sarvam,Thriller,5.5,ok,143,long movie
2010,Les nuits rouges du bourreau de jade,"Crime, Horror, Thriller",5.5,ok,98,average length movie
2009,Focaccia blues,"Biography, Comedy",5.5,ok,78,average length movie
2009,Lost Persons Area,Drama,5.5,ok,109,long movie
2010,Legenda o Lietajúcom Cypriánovi,"Adventure, Drama, Fantasy",5.5,ok,108,long movie
2009,Sagwan,Drama,5.5,ok,101,long movie
2008,Long khong 2,Horror,5.5,ok,80,average length movie
2010,Vähän kunnioitusta,Drama,5.5,ok,93,average length movie
2010,För kärleken,Drama,5.5,ok,97,average length movie
2009,Postchi se bar dar nemizanad,"Drama, Mystery, Thriller",5.5,ok,100,long movie
2009,Het geheim van Mega Mindy,"Adventure, Crime, Family",5.5,ok,67,average length movie
2010,R U There,Drama,5.5,ok,90,average length movie
2010,MacGruber,"Action, Comedy, Romance",5.5,ok,90,average length movie
2010,L'avocat,Thriller,5.5,ok,102,long movie
2009,M+Zh,"Comedy, Romance",5.5,ok,92,average length movie
2009,Cooking with Stella,"Comedy, Drama",5.5,ok,104,long movie
2009,Accused at 17,"Crime, Drama, Mystery",5.5,ok,90,average length movie
2010,Tensión sexual no resuelta,Comedy,5.5,ok,93,average length movie
2009,Spangas op survival,"Adventure, Drama, Family",5.5,ok,95,average length movie
2009,Domaine,"Drama, Romance",5.5,ok,110,long movie
2009,Insolação,Drama,5.5,ok,100,long movie
2010,Theeradha Vilaiyattu Pillai,Romance,5.5,ok,160,long movie
2010,Spilt Milk,Comedy,5.5,ok,82,average length movie
2010,Genitori & figli:) - Agitare bene prima dell'uso,Comedy,5.5,ok,110,long movie
2009,Katharsi,"Crime, Thriller",5.5,ok,74,average length movie
2009,Over gaden under vandet,Drama,5.5,ok,100,long movie
2010,Scusa ma ti voglio sposare,"Comedy, Drama, Romance",5.5,ok,106,long movie
2010,Hochzeitspolka,Comedy,5.5,ok,90,average length movie
2010,Agnosia,"Drama, Thriller",5.5,ok,105,long movie
2009,The Last Lovecraft: Relic of Cthulhu,"Adventure, Comedy, Horror",5.5,ok,78,average length movie
2010,Ay Lav Yu,Comedy,5.5,ok,102,long movie
2009,10-eok,Thriller,5.5,ok,114,long movie
2010,Bonded by Blood,"Crime, Drama, Thriller",5.5,ok,96,average length movie
2010,Rocky Trails,"Adventure, Comedy, Horror",5.5,ok,72,average length movie
2010,Embargo,"Comedy, Drama",5.5,ok,80,average length movie
2010,Garo: Red Requiem,"Action, Fantasy",5.5,ok,97,average length movie
2010,Homewrecker,"Biography, Comedy, Crime",5.5,ok,88,average length movie
2010,Echte Wiener 2 - Die Deppat'n und die Gspritzt'n,"Comedy, Drama",5.5,ok,100,long movie
2010,Knerten gifter seg,"Adventure, Comedy, Family",5.5,ok,78,average length movie
2010,"Ensemble, c'est trop",Comedy,5.5,ok,96,average length movie
2010,Jhummandi Naadam,Drama,5.5,ok,145,long movie
2010,Ticked-Off Trannies with Knives,"Comedy, Thriller",5.5,ok,90,average length movie
2010,Shaapit: The Cursed,"Adventure, Horror, Romance",5.5,ok,145,long movie
2010,An fei ta ming,"Drama, Romance",5.5,ok,97,average length movie
2010,Veijarit,"Comedy, Drama",5.5,ok,95,average length movie
2010,Mistyfikacja,"Drama, Mystery, Thriller",5.5,ok,120,long movie
2010,Sterke verhalen,Comedy,5.5,ok,85,average length movie
2007,Troe i Snezhinka,Comedy,5.5,ok,83,average length movie
2010,Hustawka,Drama,5.5,ok,94,average length movie
2010,Aagathan,"Drama, Romance",5.5,ok,120,long movie
2010,Noir océan,Drama,5.5,ok,87,average length movie
2010,Seazone,"Drama, Horror, Mystery",5.5,ok,106,long movie
2010,BKO: Bangkok Knockout,Action,5.5,ok,106,long movie
2010,Cutback,Drama,5.5,ok,87,average length movie
2010,Pus,Drama,5.5,ok,109,long movie
2010,Bang Rajan 2,"Action, Adventure, War",5.5,ok,127,long movie
2010,Saranae Siblor,Comedy,5.5,ok,105,long movie
2010,Krai... Nai Hong,Horror,5.5,ok,88,average length movie
2008,Overcome,Drama,5.5,ok,85,average length movie
2010,Chehel Salegi,Drama,5.5,ok,88,average length movie
2009,Island of Grace,Drama,5.5,ok,94,average length movie
2008,Mahya,Drama,5.5,ok,100,long movie
2005,Firecracker,"Crime, Drama, Mystery",5.4,ok,112,long movie
2005,Alchemy,"Comedy, Romance",5.4,ok,86,average length movie
2006,Raising Flagg,Comedy,5.4,ok,103,long movie
2005,Ze film,Comedy,5.4,ok,105,long movie
2005,Man of the House,"Comedy, Crime",5.4,ok,100,long movie
2005,Rx,"Thriller, Crime, Romance",5.4,ok,89,average length movie
2008,Christmas on Mars,"Music, Sci-Fi",5.4,ok,83,average length movie
2005,Shooting Livien,"Drama, Music, Romance",5.4,ok,90,average length movie
2005,The Zodiac,"Crime, Drama, Horror",5.4,ok,92,average length movie
2008,In Your Dreams,"Comedy, Fantasy, Romance",5.4,ok,100,long movie
2005,On the One,"Comedy, Drama, Musical",5.4,ok,103,long movie
2005,The Ring Two,"Horror, Mystery, Thriller",5.4,ok,110,long movie
2005,Piggy Banks,"Crime, Drama",5.4,ok,87,average length movie
2005,Dead Fish,"Action, Comedy, Thriller",5.4,ok,98,average length movie
2005,Deepwater,"Crime, Mystery, Thriller",5.4,ok,93,average length movie
2005,Inside Out,"Drama, Mystery, Thriller",5.4,ok,90,average length movie
2005,Store planer!,Comedy,5.4,ok,96,average length movie
2005,Loverboy,"Drama, Romance",5.4,ok,84,average length movie
2006,The Ugly Duckling and Me!,"Animation, Adventure, Come",5.4,ok,89,average length movie
2006,Just My Luck,"Comedy, Fantasy, Romance",5.4,ok,103,long movie
2005,Æon Flux,"Action, Adventure, Crime",5.4,ok,93,average length movie
2005,Avant qu'il ne soit trop tard,Comedy,5.4,ok,84,average length movie
2006,Perfect Creature,"Action, Drama, Fantasy",5.4,ok,90,average length movie
2005,Chasing Ghosts,"Crime, Drama, Mystery",5.4,ok,119,long movie
2006,Southland Tales,"Comedy, Drama, Mystery",5.4,ok,145,long movie
2005,Suits on the Loose,Comedy,5.4,ok,94,average length movie
2008,The Eye,"Drama, Horror, Mystery",5.4,ok,98,average length movie
2005,The Truth About Love,"Comedy, Romance",5.4,ok,100,long movie
2005,Hrubes a Mares jsou kamarádi do deste,Comedy,5.4,ok,108,long movie
2005,Sidekick,"Fantasy, Sci-Fi",5.4,ok,87,average length movie
2005,The Dark,"Drama, Horror, Mystery",5.4,ok,93,average length movie
2007,Evan Almighty,"Comedy, Family, Fantasy",5.4,ok,96,average length movie
2006,Snakes on a Plane,"Action, Crime, Thriller",5.4,ok,105,long movie
2006,Baabul,"Drama, Family, Romance",5.4,ok,169,long movie
2006,Alpha Male,Drama,5.4,ok,100,long movie
2005,Iki Genç Kiz,Drama,5.4,ok,107,long movie
2005,David & Layla,"Comedy, Drama, Romance",5.4,ok,106,long movie
2006,The Garage,Drama,5.4,ok,94,average length movie
2006,Leabet el hob,"Comedy, Romance",5.4,ok,80,average length movie
2005,Dommeren,Drama,5.4,ok,89,average length movie
2006,Inside,"Drama, Horror, Thriller",5.4,ok,99,average length movie
2007,The Messengers,"Horror, Mystery, Thriller",5.4,ok,90,average length movie
2005,Den store dag,"Comedy, Romance",5.4,ok,95,average length movie
2005,Tommys Inferno,"Comedy, Drama",5.4,ok,95,average length movie
2005,Camping à la ferme,Comedy,5.4,ok,92,average length movie
2007,Suburban Girl,"Comedy, Drama, Romance",5.4,ok,97,average length movie
2006,Sandwich,"Comedy, Thriller",5.4,ok,152,long movie
2005,Provincia meccanica,Drama,5.4,ok,107,long movie
2005,Looking for Comedy in the Muslim World,Comedy,5.4,ok,98,average length movie
2006,De particulier à particulier,Drama,5.4,ok,95,average length movie
2005,De griezelbus,"Adventure, Family, Fantasy",5.4,ok,96,average length movie
2007,What Love Is,"Comedy, Romance",5.4,ok,93,average length movie
2007,Pathfinder,"Action, Adventure, Drama",5.4,ok,99,average length movie
2005,America 101,Comedy,5.4,ok,86,average length movie
2005,Mang lung,"Action, Crime, Drama",5.4,ok,110,long movie
2008,Deal,Drama,5.4,ok,85,average length movie
2005,Chakushin ari 2,"Horror, Mystery",5.4,ok,105,long movie
2005,Camping sauvage,Drama,5.4,ok,79,average length movie
2005,Zeher,"Crime, Drama, Mystery",5.4,ok,132,long movie
2007,Outlanders,"Drama, Crime, Romance",5.4,ok,95,average length movie
2008,The Tender Hook,"Crime, Drama, Mystery",5.4,ok,99,average length movie
2005,Valo,"Biography, Drama, Family",5.4,ok,84,average length movie
2005,Night People,Drama,5.4,ok,90,average length movie
2005,7 1/2 Phere: More Than a Wedding,"Comedy, Drama",5.4,ok,136,long movie
2006,Turistas,"Horror, Mystery, Thriller",5.4,ok,93,average length movie
2006,Eve of Understanding,Drama,5.4,ok,93,average length movie
2006,Life and Lyrics,"Drama, Music, Romance",5.4,ok,99,average length movie
2006,Warau Mikaeru,"Adventure, Comedy",5.4,ok,92,average length movie
2005,Buy It Now,Drama,5.4,ok,58,short movie
2006,The Gigolos,Comedy,5.4,ok,95,average length movie
2007,The Last Legion,"Action, Adventure, War",5.4,ok,101,long movie
2005,Le cactus,Comedy,5.4,ok,94,average length movie
2010,Piranha 3D,"Comedy, Horror",5.4,ok,88,average length movie
2006,American Dreamz,"Comedy, Music",5.4,ok,107,long movie
2006,Du jour au lendemain,Comedy,5.4,ok,93,average length movie
2005,Almost Normal,"Comedy, Drama, Romance",5.4,ok,90,average length movie
2007,Beneath,"Horror, Mystery, Thriller",5.4,ok,82,average length movie
2008,Max Payne,"Action, Crime, Drama",5.4,ok,100,long movie
2007,Rolling,"Drama, Music, Romance",5.4,ok,90,average length movie
2006,Las vidas de Celia,Drama,5.4,ok,101,long movie
2005,Sinema bir mucizedir,Drama,5.4,ok,103,long movie
2005,Keller - Teenage Wasteland,Drama,5.4,ok,92,average length movie
2005,Fyra veckor i juni,Drama,5.4,ok,100,long movie
2005,O Fatalista,Drama,5.4,ok,99,average length movie
2007,Closing Escrow,Comedy,5.4,ok,93,average length movie
2008,Solstice,"Horror, Mystery",5.4,ok,91,average length movie
2006,Darna Zaroori Hai,Horror,5.4,ok,108,long movie
2006,Fade to Black,"Mystery, Thriller",5.4,ok,99,average length movie
2006,Monamour,Drama,5.4,ok,94,average length movie
2006,Gone,"Drama, Horror, Thriller",5.4,ok,88,average length movie
2005,Sree,Action,5.4,ok,135,long movie
2007,On the Road with Judas,Drama,5.4,ok,100,long movie
2005,Zan-e ziadi,Drama,5.4,ok,103,long movie
2009,London Dreams,"Drama, Music",5.4,ok,146,long movie
2005,Umezu Kazuo: Kyôfu gekijô - Mushi-tachi no ie,Horror,5.4,ok,51,short movie
2005,Koi Aap Sa: But Lovers Have to Be Friends,"Comedy, Drama, Romance",5.4,ok,142,long movie
2006,Salvage,"Horror, Mystery, Thriller",5.4,ok,80,average length movie
2006,Subject Two,"Drama, Thriller",5.4,ok,93,average length movie
2007,Scorpion,"Action, Drama",5.4,ok,98,average length movie
2006,That Beautiful Somewhere,"Drama, Fantasy, Mystery",5.4,ok,93,average length movie
2007,Cover,"Drama, Thriller",5.4,ok,98,average length movie
2005,Tainos,"Action, Adventure, Drama",5.4,ok,117,long movie
2008,The Mysteries of Pittsburgh,"Adventure, Comedy, Drama",5.4,ok,95,average length movie
2007,Stomp the Yard,"Drama, Music, Romance",5.4,ok,109,long movie
2009,Aliens in the Attic,"Adventure, Comedy, Family",5.4,ok,86,average length movie
2007,Teeth,"Comedy, Fantasy, Horror",5.4,ok,94,average length movie
2009,Hotel for Dogs,"Comedy, Family",5.4,ok,100,long movie
2007,I Want Candy,Comedy,5.4,ok,87,average length movie
2006,Les anges exterminateurs,"Drama, Fantasy",5.4,ok,100,long movie
2006,'n Beetje Verliefd,"Comedy, Romance",5.4,ok,82,average length movie
2006,Anthony Kaun Hai?,"Mystery, Thriller",5.4,ok,127,long movie
2007,Pornorama,Comedy,5.4,ok,94,average length movie
2007,Il sole nero,Drama,5.4,ok,93,average length movie
2008,Gospel Hill,Drama,5.4,ok,99,average length movie
2006,Stalking Santa,Comedy,5.4,ok,82,average length movie
2009,Nine Miles Down,"Horror, Mystery, Sci-Fi",5.4,ok,86,average length movie
2008,Bangkok Dangerous,"Action, Crime, Thriller",5.4,ok,99,average length movie
2008,"Inju, la bête dans l'ombre","Mystery, Thriller",5.4,ok,105,long movie
2008,Babysitter Wanted,"Horror, Thriller",5.4,ok,93,average length movie
2007,Xin zhong you gui,"Drama, Horror, Thriller",5.4,ok,91,average length movie
2008,Make It Happen,Drama,5.4,ok,90,average length movie
2007,Nishabd,Drama,5.4,ok,110,long movie
2007,J'veux pas que tu t'en ailles,Romance,5.4,ok,95,average length movie
2007,Extraordinary Rendition,"Drama, Thriller",5.4,ok,77,average length movie
2009,What Goes Up,Drama,5.4,ok,115,long movie
2008,Sherman's Way,Comedy,5.4,ok,97,average length movie
2007,A Four Letter Word,"Comedy, Romance",5.4,ok,87,average length movie
2007,L'amore nascosto,Drama,5.4,ok,100,long movie
2007,Back Soon,"Drama, Romance",5.4,ok,83,average length movie
2007,3 amis,Comedy,5.4,ok,93,average length movie
2007,Tel père telle fille,Comedy,5.4,ok,90,average length movie
2006,Em 4 Jay,Drama,5.4,ok,87,average length movie
2008,Ranchero,"Crime, Drama",5.4,ok,95,average length movie
2007,"Mange, ceci est mon corps",Drama,5.4,ok,105,long movie
2008,Die rote Zora,"Adventure, Drama, Family",5.4,ok,99,average length movie
2005,Sex mashin: Hiwai na kisetsu,Comedy,5.4,ok,64,average length movie
2007,Chrysalis,"Crime, Drama, Sci-Fi",5.4,ok,94,average length movie
2007,Kapitein Rob en het Geheim van Professor Lupardi,Adventure,5.4,ok,105,long movie
2009,Evil Angel,"Horror, Mystery, Thriller",5.4,ok,123,long movie
2009,Kill Theory,"Horror, Thriller",5.4,ok,85,average length movie
2008,Prom Wars: Love Is a Battlefield,Comedy,5.4,ok,90,average length movie
2008,The Broken,"Drama, Horror, Thriller",5.4,ok,93,average length movie
2006,Nebeonjjae cheung,Horror,5.4,ok,100,long movie
2007,13 m²,"Crime, Drama, Thriller",5.4,ok,84,average length movie
2008,Float,"Comedy, Drama",5.4,ok,98,average length movie
2008,The Watermelon,"Comedy, Drama, Romance",5.4,ok,90,average length movie
2008,8 päivää ensi-iltaan,"Comedy, Romance",5.4,ok,107,long movie
2009,The Bridge to Nowhere,"Crime, Drama",5.4,ok,105,long movie
2008,The Other Man,"Drama, Mystery, Thriller",5.4,ok,88,average length movie
2009,Old Dogs,"Comedy, Family",5.4,ok,88,average length movie
2007,The Neighbor,"Comedy, Romance",5.4,ok,98,average length movie
2009,Cadavres,"Comedy, Thriller",5.4,ok,117,long movie
2007,The Bodyguard 2,"Action, Comedy",5.4,ok,95,average length movie
2008,Le grand alibi,"Crime, Drama, Mystery",5.4,ok,93,average length movie
2007,Chain Kulii Ki Main Kulii,"Comedy, Drama, Family",5.4,ok,118,long movie
2005,Aksharaya,"Crime, Drama, Thriller",5.4,ok,136,long movie
2009,I Come with the Rain,Thriller,5.4,ok,114,long movie
2007,Enfin veuve,"Comedy, Drama, Romance",5.4,ok,93,average length movie
2009,Love N' Dancing,"Drama, Romance",5.4,ok,91,average length movie
2007,Hata Göteborg,"Comedy, Drama",5.4,ok,82,average length movie
2007,Love Is Cinta,"Drama, Romance",5.4,ok,127,long movie
2008,Tru Loved,"Comedy, Drama, Romance",5.4,ok,102,long movie
2008,Erottamattomat,Drama,5.4,ok,101,long movie
2008,Seuls Two,Comedy,5.4,ok,94,average length movie
2007,Rock Haven,"Drama, Romance",5.4,ok,78,average length movie
2010,Do Elephants Pray?,Drama,5.4,ok,105,long movie
2008,Ang tanging ina n'yong lahat,Comedy,5.4,ok,105,long movie
2007,Lawang Sewu,Horror,5.4,ok,112,long movie
2010,Killers,"Action, Comedy, Romance",5.4,ok,100,long movie
2009,8 x 10 Tasveer,"Action, Mystery, Thriller",5.4,ok,122,long movie
2008,Rivales,Comedy,5.4,ok,100,long movie
2009,Gnomes & Trolls: The Secret Chamber,"Animation, Family, Fantasy",5.4,ok,70,average length movie
2010,True Nature,Thriller,5.4,ok,92,average length movie
2009,Le premier cercle,"Action, Crime, Drama",5.4,ok,95,average length movie
2009,Serious Moonlight,"Comedy, Crime, Romance",5.4,ok,81,average length movie
2009,Tell-Tale,"Drama, Horror, Sci-Fi",5.4,ok,93,average length movie
2007,Route 30,Comedy,5.4,ok,83,average length movie
2008,Hotel op stelten,Family,5.4,ok,72,average length movie
2006,Dang wo men tong zai yi qi,"Comedy, Drama",5.4,ok,79,average length movie
2009,Chaostage,Action,5.4,ok,90,average length movie
2007,Don,"Action, Crime, Drama",5.4,ok,154,long movie
2008,C Kkompany,"Comedy, Drama, Thriller",5.4,ok,127,long movie
2008,Love for Sale,"Comedy, Drama, Romance",5.4,ok,106,long movie
2008,Rozmowy noca,"Comedy, Romance",5.4,ok,91,average length movie
2008,Lejdis,Comedy,5.4,ok,134,long movie
2009,My Bloody Valentine,"Horror, Mystery, Thriller",5.4,ok,101,long movie
2008,L'emmerdeur,Comedy,5.4,ok,86,average length movie
2008,My Effortless Brilliance,Drama,5.4,ok,79,average length movie
2008,Chintakayala Ravi,"Comedy, Drama, Romance",5.4,ok,150,long movie
2008,Akanbo shôjo,Horror,5.4,ok,100,long movie
2009,Yatzy,Drama,5.4,ok,82,average length movie
2008,Yeast,Drama,5.4,ok,78,average length movie
2009,One Hour Fantasy Girl,"Drama, Mystery, Romance",5.4,ok,89,average length movie
2009,Two Million Stupid Women,Comedy,5.4,ok,102,long movie
2010,Flying Lessons,Drama,5.4,ok,104,long movie
2009,St Trinian's 2: The Legend of Fritton's Gold,"Adventure, Comedy",5.4,ok,106,long movie
2010,An Invisible Sign,"Comedy, Drama, Family",5.4,ok,96,average length movie
2009,Die Wilden Hühner und das Leben,"Adventure, Comedy, Drama",5.4,ok,108,long movie
2009,You Might as Well Live,Comedy,5.4,ok,78,average length movie
2008,Soi Cowboy,Drama,5.4,ok,117,long movie
2008,Brighton Wok: The Legend of Ganja Boxing,"Action, Comedy, Fantasy",5.4,ok,90,average length movie
2008,The Blue Tooth Virgin,"Comedy, Drama",5.4,ok,80,average length movie
2008,À l'aventure,"Drama, Fantasy, Romance",5.4,ok,104,long movie
2010,Contre toi,Drama,5.4,ok,81,average length movie
2009,Table for Three,"Comedy, Romance",5.4,ok,93,average length movie
2009,MW,"Drama, Thriller",5.4,ok,129,long movie
2009,Spicy Mac Project,Comedy,5.4,ok,90,average length movie
2008,Hua chi le na nv hai,Romance,5.4,ok,106,long movie
2009,12 Meter ohne Kopf,"Adventure, Biography, Come",5.4,ok,108,long movie
2008,252: Seizonsha ari,"Action, Adventure, Drama",5.4,ok,128,long movie
2009,Original,"Comedy, Drama",5.4,ok,104,long movie
2009,Lucky Country,"Drama, History, Thriller",5.4,ok,96,average length movie
2010,The Spy Next Door,"Action, Comedy, Family",5.4,ok,94,average length movie
2007,Dakota,"Comedy, Drama",5.4,ok,96,average length movie
2009,Agallas,Drama,5.4,ok,99,average length movie
2009,The River Within,"Drama, Family",5.4,ok,102,long movie
2009,Persécution,"Drama, Romance",5.4,ok,98,average length movie
2009,Himlen falder,Drama,5.4,ok,100,long movie
2010,The Big Bang,"Action, Mystery, Thriller",5.4,ok,101,long movie
2008,"Oh, My God!!","Comedy, Drama",5.4,ok,105,long movie
2008,Vil romance,"Drama, Romance",5.4,ok,103,long movie
2009,A Closed Book,Thriller,5.4,ok,88,average length movie
2010,Opération Casablanca,"Action, Comedy, Crime",5.4,ok,100,long movie
2010,Raavan,"Action, Adventure, Drama",5.4,ok,130,long movie
2010,Ta oporofora tis Athinas,Comedy,5.4,ok,94,average length movie
2010,How Do You Know,"Comedy, Drama, Romance",5.4,ok,121,long movie
2010,The Clinic,"Crime, Horror, Mystery",5.4,ok,94,average length movie
2009,Büyük oyun,Drama,5.4,ok,120,long movie
2009,Kisaan,"Action, Crime, Drama",5.4,ok,100,long movie
2010,Imogène McCarthery,"Comedy, Crime, Mystery",5.4,ok,82,average length movie
2010,Sisko tahtoisin jäädä,Drama,5.4,ok,113,long movie
2010,Godkiller: Walk Among Us,"Animation, Sci-Fi",5.4,ok,72,average length movie
2009,Romaine par moins 30,Comedy,5.4,ok,85,average length movie
2010,Teufelskicker,"Comedy, Family, Sport",5.4,ok,111,long movie
2010,The Final,"Drama, Horror, Thriller",5.4,ok,93,average length movie
2010,Freeway Killer,"Crime, Drama, Thriller",5.4,ok,85,average length movie
2008,Chemin de croix,Drama,5.4,ok,53,short movie
2009,Ju-on: Kuroi shôjo,"Fantasy, Horror",5.4,ok,60,average length movie
2010,Stone,"Drama, Thriller",5.4,ok,105,long movie
2009,Shadow,Horror,5.4,ok,77,average length movie
2009,Sha ren fan,"Crime, Drama, Mystery",5.4,ok,120,long movie
2010,Virginia,Drama,5.4,ok,111,long movie
2010,Blanc comme neige,Thriller,5.4,ok,100,long movie
2009,Impolex,"Adventure, Comedy, Drama",5.4,ok,73,average length movie
2010,You're So Cupid!,"Family, Fantasy, Romance",5.4,ok,93,average length movie
2010,The Genesis Code,Drama,5.4,ok,138,long movie
2009,Reconciliation,Drama,5.4,ok,101,long movie
2009,Kandahar Break,"Drama, Romance, Thriller",5.4,ok,94,average length movie
2010,Road to Nowhere,"Romance, Thriller",5.4,ok,121,long movie
2009,Vaada Raha... I Promise,Drama,5.4,ok,101,long movie
2008,Passazhirka,Drama,5.4,ok,95,average length movie
2009,Be with Me,"Drama, Horror",5.4,ok,100,long movie
2009,Kkotgwa sijak,"Drama, Romance",5.4,ok,87,average length movie
2010,Shikeidai no erebêtâ,"Crime, Drama, Thriller",5.4,ok,111,long movie
2010,Les meilleurs amis du monde,Comedy,5.4,ok,94,average length movie
2010,Angel Camouflaged,"Drama, Music",5.4,ok,116,long movie
2009,Aci Ask,"Drama, Romance",5.4,ok,106,long movie
2010,Golmaal 3,"Action, Comedy",5.4,ok,155,long movie
2010,"Thelma, Louise et Chantal",Comedy,5.4,ok,90,average length movie
2010,Housefull,Comedy,5.4,ok,144,long movie
2010,Namo Venkatesha,"Action, Crime, Romance",5.4,ok,152,long movie
2010,Rama Rama Krishna Krishna,"Action, Comedy, Drama",5.4,ok,161,long movie
2010,Ça commence par la fin,Romance,5.4,ok,88,average length movie
2010,4 mavra kostoumia,Comedy,5.4,ok,90,average length movie
2009,Cheuuat gaawn chim,Horror,5.4,ok,90,average length movie
2010,Toiretto,Drama,5.4,ok,109,long movie
2010,Role/Play,"Drama, Romance",5.4,ok,85,average length movie
2010,The Super,Horror,5.4,ok,98,average length movie
2010,Little Sparrows,Drama,5.4,ok,88,average length movie
2010,La casa muda,"Adventure, Drama, Horror",5.4,ok,86,average length movie
2010,Modra,"Drama, Family, Romance",5.4,ok,80,average length movie
2010,O kul: Hayal bile etme,Drama,5.4,ok,95,average length movie
2010,Adventures of Bailey: The Lost Puppy,Family,5.4,ok,90,average length movie
2010,Straight to Hell Returns,Western,5.4,ok,91,average length movie
2010,Dharma Guns (La succession Starkov),"Drama, Mystery, Thriller",5.4,ok,88,average length movie
2008,Arai Enn 305-il Kadavul,"Comedy, Fantasy",5.4,ok,164,long movie
2007,Tortilla Heaven,Comedy,5.3,ok,98,average length movie
2005,Mee-Shee: The Water Giant,"Adventure, Family, Fantasy",5.3,ok,95,average length movie
2006,Funny Money,Comedy,5.3,ok,98,average length movie
2005,2001 Maniacs,"Comedy, Horror",5.3,ok,87,average length movie
2005,Strike the Tent,"Action, Biography, Drama",5.3,ok,96,average length movie
2007,"So, You've Downloaded a Demon","Comedy, Horror",5.3,ok,90,average length movie
2007,The Chosen One,"Animation, Action, Comedy",5.3,ok,79,average length movie
2005,Evil Aliens,"Comedy, Horror, Sci-Fi",5.3,ok,93,average length movie
2007,Pistoleros,"Action, Comedy, Western",5.3,ok,92,average length movie
2005,Edison,"Action, Crime, Drama",5.3,ok,99,average length movie
2005,Santa's Slay,"Comedy, Fantasy, Horror",5.3,ok,78,average length movie
2005,House of Wax,Horror,5.3,ok,108,long movie
2006,Dirty Work,Thriller,5.3,ok,97,average length movie
2005,Les mauvais joueurs,"Crime, Drama",5.3,ok,85,average length movie
2006,The Wild,"Animation, Adventure, Come",5.3,ok,94,average length movie
2005,Lorelei,"Action, Drama, Sci-Fi",5.3,ok,128,long movie
2006,Only the Brave,"Drama, War",5.3,ok,99,average length movie
2005,Desolation Sound,Drama,5.3,ok,101,long movie
2005,Jug jugoistok,Thriller,5.3,ok,87,average length movie
2006,Keeping Up with the Steins,Comedy,5.3,ok,90,average length movie
2005,River's End,"Action, Adventure, Crime",5.3,ok,90,average length movie
2005,Dishdogz,"Action, Drama, Sport",5.3,ok,90,average length movie
2005,The Kid & I,Comedy,5.3,ok,93,average length movie
2005,Lie with Me,"Drama, Romance",5.3,ok,93,average length movie
2006,Memory,"Drama, Horror, Mystery",5.3,ok,98,average length movie
2006,El Cortez,"Drama, Thriller",5.3,ok,94,average length movie
2005,Boudu,Comedy,5.3,ok,104,long movie
2007,Balls of Fury,"Comedy, Crime, Sport",5.3,ok,90,average length movie
2006,The Book of Revelation,"Crime, Drama, Mystery",5.3,ok,118,long movie
2006,Relative Strangers,Comedy,5.3,ok,86,average length movie
2007,Anka kusu,Drama,5.3,ok,94,average length movie
2005,Un fil à la patte,"Comedy, Romance",5.3,ok,79,average length movie
2005,Voici venu le temps,"Comedy, Drama",5.3,ok,92,average length movie
2006,Aquamarine,"Comedy, Family, Fantasy",5.3,ok,104,long movie
2005,Get Rich or Die Tryin',"Biography, Crime, Drama",5.3,ok,117,long movie
2005,El penalti más largo del mundo,Comedy,5.3,ok,100,long movie
2009,American Primitive,"Drama, Family",5.3,ok,96,average length movie
2005,Ah Aah: Anbe Aaruyire,Romance,5.3,ok,165,long movie
2006,Un ticket pour l'espace,"Comedy, Sci-Fi",5.3,ok,90,average length movie
2007,Moving McAllister,"Adventure, Comedy, Romance",5.3,ok,89,average length movie
2005,Deewane Huye Paagal,"Action, Comedy, Drama",5.3,ok,158,long movie
2005,Feed,"Crime, Horror, Thriller",5.3,ok,101,long movie
2006,Quelques jours en septembre,"Drama, Thriller",5.3,ok,116,long movie
2009,Town Creek,Horror,5.3,ok,90,average length movie
2007,Brothers Three: An American Gothic,Drama,5.3,ok,102,long movie
2005,Pistvakt,"Comedy, Drama, Family",5.3,ok,91,average length movie
2009,Land of the Lost,"Action, Adventure, Comedy",5.3,ok,102,long movie
2005,Athbhutha Dweepu,"Adventure, Comedy, Fantasy",5.3,ok,127,long movie
2006,KM 31: Kilómetro 31,"Horror, Mystery, Thriller",5.3,ok,105,long movie
2006,Saippuaprinssi,"Comedy, Romance",5.3,ok,97,average length movie
2006,Cutting Room,"Comedy, Horror, Mystery",5.3,ok,83,average length movie
2006,How to Eat Fried Worms,"Comedy, Family",5.3,ok,80,average length movie
2007,Jake's Closet,"Drama, Horror, Thriller",5.3,ok,93,average length movie
2006,La Californie,Drama,5.3,ok,105,long movie
2005,Experiment,Thriller,5.3,ok,95,average length movie
2006,Comme t'y es belle!,"Comedy, Romance",5.3,ok,85,average length movie
2009,Dark Country,"Crime, Mystery, Thriller",5.3,ok,88,average length movie
2007,Show de Bola,"Crime, Drama, Sport",5.3,ok,97,average length movie
2008,August,Drama,5.3,ok,88,average length movie
2006,Darwaza Bandh Rakho,"Comedy, Crime, Drama",5.3,ok,106,long movie
2006,BoyTown,"Comedy, Music",5.3,ok,88,average length movie
2006,Aurore,"Comedy, Musical",5.3,ok,95,average length movie
2006,The Covenant,"Action, Adventure, Fantasy",5.3,ok,97,average length movie
2006,Reine Formsache,"Comedy, Romance",5.3,ok,92,average length movie
2005,Sex o phalsapheh,"Drama, Romance",5.3,ok,105,long movie
2005,Tse bing,"Action, Crime",5.3,ok,95,average length movie
2006,Alexander the Great,Animation,5.3,ok,80,average length movie
2007,King of Sorrow,"Drama, Thriller",5.3,ok,95,average length movie
2006,Feel,Drama,5.3,ok,90,average length movie
2006,Pathogen,Horror,5.3,ok,68,average length movie
2006,Le héros de la famille,Drama,5.3,ok,103,long movie
2005,O Crime do Padre Amaro,"Action, Drama",5.3,ok,100,long movie
2005,Rap nawng sayawng khwan,Horror,5.3,ok,81,average length movie
2006,Unaccompanied Minors,"Adventure, Comedy, Family",5.3,ok,90,average length movie
2006,Big Bad Wolf,"Comedy, Horror",5.3,ok,95,average length movie
2008,Strange Wilderness,"Adventure, Comedy",5.3,ok,87,average length movie
2006,Le grand appartement,Comedy,5.3,ok,103,long movie
2006,Poltergay,"Comedy, Fantasy, Horror",5.3,ok,93,average length movie
2005,Sinus,"Comedy, Drama",5.3,ok,114,long movie
2006,Hiding Victoria,Drama,5.3,ok,98,average length movie
2007,Miguel y William,"Comedy, Romance",5.3,ok,102,long movie
2006,Du & jag,"Drama, Romance",5.3,ok,88,average length movie
2006,Heubhyeol hyeongsa na do-yeol,"Action, Comedy, Crime",5.3,ok,110,long movie
2006,Ye man mi ji,"Action, Comedy, Fantasy",5.3,ok,90,average length movie
2007,Saawariya,"Drama, Musical, Romance",5.3,ok,142,long movie
2006,Cocaine Angel,Drama,5.3,ok,75,average length movie
2007,License to Wed,"Comedy, Romance",5.3,ok,91,average length movie
2006,Bye Bye Berlusconi!,Comedy,5.3,ok,89,average length movie
2006,Auftauchen,Drama,5.3,ok,92,average length movie
2005,?,"Adventure, Comedy, Drama",5.3,ok,112,long movie
2007,Blood Car,"Comedy, Horror",5.3,ok,82,average length movie
2008,My Mom's New Boyfriend,"Comedy, Crime, Romance",5.3,ok,97,average length movie
2007,The Mirror,"Drama, Mystery",5.3,ok,97,average length movie
2007,Daymaker,"Comedy, Drama",5.3,ok,126,long movie
2007,The Brothers Solomon,Comedy,5.3,ok,93,average length movie
2007,Strength and Honour,"Action, Drama",5.3,ok,95,average length movie
2007,Nitro,"Action, Drama, Thriller",5.3,ok,105,long movie
2008,Visitante de invierno,"Horror, Thriller",5.3,ok,95,average length movie
2008,Polaróides Urbanas,"Comedy, Drama",5.3,ok,82,average length movie
2006,Vacuum Killer,"Comedy, Fantasy, Horror",5.3,ok,74,average length movie
2009,Blood: The Last Vampire,"Action, Horror, Thriller",5.3,ok,91,average length movie
2007,Niñas mal,Comedy,5.3,ok,100,long movie
2006,Nos amis les Terriens,Sci-Fi,5.3,ok,85,average length movie
2006,Love Life,Romance,5.3,ok,72,average length movie
2007,Auf bösem Boden,"Comedy, Crime, Horror",5.3,ok,82,average length movie
2006,Afblijven,"Drama, Family",5.3,ok,100,long movie
2008,Hide,"Action, Crime, Drama",5.3,ok,97,average length movie
2009,No-Do,"Horror, Mystery",5.3,ok,94,average length movie
2007,Tempelriddernes skat II,"Adventure, Family",5.3,ok,78,average length movie
2005,Tai Hang shan shang,"History, War",5.3,ok,117,long movie
2008,Riaru onigokko,"Horror, Mystery, Sci-Fi",5.3,ok,98,average length movie
2007,Han nyeohaksaengeui ilgi,"Comedy, Drama",5.3,ok,94,average length movie
2007,They Wait,"Horror, Mystery, Thriller",5.3,ok,99,average length movie
2007,Hoppet,Drama,5.3,ok,88,average length movie
2008,Better Things,Drama,5.3,ok,93,average length movie
2007,Being Michael Madsen,Comedy,5.3,ok,90,average length movie
2005,Enjo-kôsai monogatari: shitagaru onna-tachi,Drama,5.3,ok,65,average length movie
2006,Unutulmayanlar,"Comedy, Drama",5.3,ok,120,long movie
2007,Warum Männer nicht zuhören und Frauen schlecht einp,"Comedy, Romance",5.3,ok,103,long movie
2006,Rock'n Roll Never Dies,"Comedy, Drama, Music",5.3,ok,131,long movie
2007,Vollidiot,Comedy,5.3,ok,102,long movie
2010,Proie,"Adventure, Drama, Horror",5.3,ok,90,average length movie
2010,Truth About Kerry,"Drama, Mystery, Thriller",5.3,ok,84,average length movie
2008,Na lepom plavom Dunavu,"Drama, Musical",5.3,ok,105,long movie
2008,Older Than America,Drama,5.3,ok,102,long movie
2007,Kvaska,"Comedy, Musical",5.3,ok,102,long movie
2007,Seung ji san tau,"Action, Comedy, Crime",5.3,ok,99,average length movie
2007,Nero bifamiliare,Comedy,5.3,ok,90,average length movie
2009,Arthur et la vengeance de Maltazard,"Animation, Adventure, Fami",5.3,ok,107,long movie
2008,El lince perdido,"Animation, Action, Adventu",5.3,ok,97,average length movie
2009,The New Daughter,"Horror, Thriller",5.3,ok,108,long movie
2007,Goal,"Drama, Romance, Sport",5.3,ok,167,long movie
2007,Laaga Chunari Mein Daag: Journey of a Woman,"Drama, Family, Romance",5.3,ok,122,long movie
2007,Karlas kabale,"Comedy, Drama, Family",5.3,ok,90,average length movie
2008,Modern Love,"Comedy, Musical, Romance",5.3,ok,100,long movie
2009,The Butcher,"Action, Thriller",5.3,ok,95,average length movie
2008,Columbus Day,"Crime, Drama, Thriller",5.3,ok,90,average length movie
2007,Hei wong ji wong,Comedy,5.3,ok,120,long movie
2007,Naqaab,"Crime, Drama, Romance",5.3,ok,115,long movie
2007,Switch,"Action, Drama, Sport",5.3,ok,90,average length movie
2008,The Garden of Eden,"Drama, Thriller",5.3,ok,111,long movie
2009,"I Love You, Beth Cooper","Comedy, Romance",5.3,ok,102,long movie
2005,Tan Lines,"Drama, Romance",5.3,ok,96,average length movie
2009,Justice/Vengeance,"Drama, Thriller, War",5.3,ok,130,long movie
2008,Sunday,"Action, Comedy, Mystery",5.3,ok,135,long movie
2010,Let the Game Begin,"Comedy, Drama, Mystery",5.3,ok,110,long movie
2008,Risto Räppääjä,"Comedy, Family, Musical",5.3,ok,78,average length movie
2008,Gente de mala calidad,Comedy,5.3,ok,90,average length movie
2010,Small Town Saturday Night,Drama,5.3,ok,94,average length movie
2008,Dying Breed,"Horror, Thriller",5.3,ok,92,average length movie
2008,Des poupées et des anges,Drama,5.3,ok,102,long movie
2007,El arca,"Animation, Adventure, Come",5.3,ok,88,average length movie
2009,Le bonheur de Pierre,Comedy,5.3,ok,106,long movie
2010,Jerry Cotton,"Action, Comedy, Crime",5.3,ok,90,average length movie
2008,"Musée haut, musée bas",Comedy,5.3,ok,97,average length movie
2010,Deadly Impact,"Action, Crime, Thriller",5.3,ok,96,average length movie
2007,Eden Log,"Horror, Mystery, Sci-Fi",5.3,ok,98,average length movie
2008,Les dents de la nuit,"Comedy, Horror",5.3,ok,85,average length movie
2008,The Longshots,"Biography, Comedy, Drama",5.3,ok,94,average length movie
2007,Proti fora nonos,"Comedy, Drama",5.3,ok,86,average length movie
2008,Blood on the Highway,"Comedy, Horror",5.3,ok,88,average length movie
2009,Coffin Rock,"Drama, Thriller",5.3,ok,92,average length movie
2009,Zonad,Comedy,5.3,ok,75,average length movie
2007,The Singles 2nd Ward,"Comedy, Romance",5.3,ok,87,average length movie
2007,"Maré, Nossa História de Amor","Drama, Musical",5.3,ok,104,long movie
2008,Para,"Comedy, Crime, Romance",5.3,ok,91,average length movie
2009,Homecoming,"Drama, Horror, Sport",5.3,ok,88,average length movie
2009,Blood River,"Horror, Thriller, Western",5.3,ok,104,long movie
2009,Post Grad,"Comedy, Romance",5.3,ok,88,average length movie
2008,Un gioco da ragazze,Drama,5.3,ok,95,average length movie
2009,Maata meren alla,"Comedy, Drama",5.3,ok,86,average length movie
2008,MollyCam,Drama,5.3,ok,87,average length movie
2009,The Hessen Affair,"Crime, Drama, History",5.3,ok,113,long movie
2007,Una moglie bellissima,Comedy,5.3,ok,96,average length movie
2008,Teenage Angst,"Drama, Thriller",5.3,ok,64,average length movie
2007,Team Picture,"Comedy, Drama, Music",5.3,ok,62,average length movie
2008,Chameleon,Drama,5.3,ok,97,average length movie
2009,Book of Blood,"Drama, Horror, Mystery",5.3,ok,100,long movie
2009,Beautiful,"Drama, Thriller",5.3,ok,97,average length movie
2008,Mere Baap Pehle Aap,"Comedy, Drama, Romance",5.3,ok,163,long movie
2009,Hunger,"Action, Crime, Horror",5.3,ok,101,long movie
2009,Commis d'office,"Comedy, Thriller",5.3,ok,88,average length movie
2009,Finding Bliss,"Comedy, Romance",5.3,ok,96,average length movie
2009,Fung wan II,"Action, Adventure, Fantasy",5.3,ok,111,long movie
2008,Radeloos,Drama,5.3,ok,115,long movie
2009,Call of the Wild,"Adventure, Drama, Family",5.3,ok,88,average length movie
2008,Ek Vivaah... Aisa Bhi,"Drama, Romance",5.3,ok,132,long movie
2009,Envoyés très spéciaux,Comedy,5.3,ok,93,average length movie
2009,Charlie Valentine,"Crime, Drama, Thriller",5.3,ok,96,average length movie
2008,Mou ye chi sing,"Drama, Sport",5.3,ok,101,long movie
2008,Vicdan,Drama,5.3,ok,77,average length movie
2008,Ploning,"Drama, Romance",5.3,ok,106,long movie
2008,Platon,Drama,5.3,ok,90,average length movie
2009,ExTerminators,"Comedy, Drama",5.3,ok,92,average length movie
2010,The Back-up Plan,"Comedy, Romance",5.3,ok,104,long movie
2009,I Hope They Serve Beer in Hell,Comedy,5.3,ok,105,long movie
2010,The Big I Am,"Crime, Drama, Thriller",5.3,ok,105,long movie
2009,Laid to Rest,"Horror, Thriller",5.3,ok,90,average length movie
2007,Return of the Ghostbusters,"Action, Comedy, Fantasy",5.3,ok,85,average length movie
2008,La leyenda,Action,5.3,ok,95,average length movie
2009,Last Day of Summer,"Comedy, Drama",5.3,ok,85,average length movie
2008,Dachimawa Lee,"Action, Comedy",5.3,ok,99,average length movie
2009,Four Single Fathers,Comedy,5.3,ok,100,long movie
2009,De Dana Dan,"Comedy, Crime",5.3,ok,162,long movie
2008,Noi yee sil nui,"Comedy, Romance",5.3,ok,118,long movie
2009,21 and a Wake-Up,"Drama, War",5.3,ok,123,long movie
2009,Higanjima,Horror,5.3,ok,122,long movie
2010,Matrimoni e altri disastri,Comedy,5.3,ok,102,long movie
2010,The Tempest,"Comedy, Drama, Fantasy",5.3,ok,110,long movie
2008,Amor letra por letra,"Comedy, Drama, Romance",5.3,ok,99,average length movie
2010,Burning Palms,"Comedy, Thriller",5.3,ok,105,long movie
2010,Weakness,"Comedy, Drama",5.3,ok,98,average length movie
2010,Everyday Black Man,"Action, Drama",5.3,ok,105,long movie
2008,Bezerra de Menezes: O Diário de um Espírito,"Biography, Drama, Family",5.3,ok,75,average length movie
2008,Davat,"Comedy, Drama",5.3,ok,98,average length movie
2010,Harvest,Drama,5.3,ok,102,long movie
2009,Sommaren med Göran,Comedy,5.3,ok,97,average length movie
2008,Divar,Drama,5.3,ok,90,average length movie
2009,Da xi shi,"Comedy, Romance",5.3,ok,103,long movie
2010,Wrecked,"Adventure, Drama, Mystery",5.3,ok,91,average length movie
2010,It's a Wonderful Afterlife,"Comedy, Drama, Fantasy",5.3,ok,100,long movie
2009,Solitary,"Drama, Mystery",5.3,ok,92,average length movie
2010,Hora proelefsis,"Drama, Thriller",5.3,ok,106,long movie
2008,Woetoli,"Horror, Mystery, Thriller",5.3,ok,117,long movie
2010,Der Kameramörder,"Romance, Thriller",5.3,ok,95,average length movie
2008,LasseMajas detektivbyrå - Kameleontens hämnd,Family,5.3,ok,97,average length movie
2005,Galazio forema,Drama,5.3,ok,108,long movie
2009,Vølvens forbandelse,"Adventure, Family, Fantasy",5.3,ok,93,average length movie
2009,Tajomaru,"Action, Crime, Drama",5.3,ok,126,long movie
2005,Nama-natsu,"Comedy, Drama",5.3,ok,57,short movie
2006,Dishyum,"Action, Drama, Romance",5.3,ok,133,long movie
2009,Transmission,"Comedy, Drama",5.3,ok,90,average length movie
2009,Robo-geisha,"Action, Comedy, Sci-Fi",5.3,ok,102,long movie
2009,Dyun zam dik sang min,"Drama, Thriller",5.3,ok,85,average length movie
2009,Teketeke,Horror,5.3,ok,70,average length movie
2009,Teketeke 2,Horror,5.3,ok,73,average length movie
2010,Outcast,Horror,5.3,ok,98,average length movie
2010,The Bannen Way,"Action, Comedy, Crime",5.3,ok,93,average length movie
2009,Lover of Loser,"Drama, Family",5.3,ok,110,long movie
2010,What Would Jesus Do?,Drama,5.3,ok,94,average length movie
2008,Garoojigi,"Comedy, Fantasy",5.3,ok,120,long movie
2010,Le ultime 56 ore,"Action, Drama",5.3,ok,107,long movie
2010,Round Ireland with a Fridge,"Comedy, Drama",5.3,ok,89,average length movie
2010,Meskada,"Crime, Drama, Thriller",5.3,ok,98,average length movie
2010,Mit moon,"Action, Thriller",5.3,ok,91,average length movie
2010,Bitter Feast,"Comedy, Horror, Thriller",5.3,ok,95,average length movie
2010,Smoorverliefd,"Comedy, Romance",5.3,ok,90,average length movie
2009,Amor y Frijoles,"Comedy, Drama",5.3,ok,83,average length movie
2009,La vie au ranch,"Comedy, Drama",5.3,ok,90,average length movie
2009,Dead Men,Thriller,5.3,ok,86,average length movie
2010,Le mariage à trois,Drama,5.3,ok,104,long movie
2009,My Ex,Horror,5.3,ok,90,average length movie
2010,Open,"Drama, Romance",5.3,ok,88,average length movie
2010,Slackistan,Drama,5.3,ok,85,average length movie
2010,Confined,"Drama, Mystery, Thriller",5.3,ok,90,average length movie
2009,Dujone,Romance,5.3,ok,136,long movie
2010,I Didn't Come Here to Die,"Comedy, Horror",5.3,ok,80,average length movie
2007,Zeynep'in sekiz günü,Drama,5.3,ok,123,long movie
2009,Bahti kara,Drama,5.3,ok,90,average length movie
2010,Burning Daylight,Crime,5.3,ok,102,long movie
2010,Romantik Komedi,"Comedy, Romance",5.3,ok,95,average length movie
2010,Blessed and Cursed,Drama,5.3,ok,105,long movie
2010,La mitad de Óscar,Drama,5.3,ok,82,average length movie
2010,Captifs,"Horror, Thriller",5.3,ok,84,average length movie
2010,Büsra,Drama,5.3,ok,105,long movie
2010,Caught Inside,"Action, Adventure, Thrille",5.3,ok,93,average length movie
2010,Glukhar v kino,"Comedy, Crime, Mystery",5.3,ok,86,average length movie
2010,Takiye: Allah yolunda,"Drama, Thriller",5.3,ok,95,average length movie
2009,Olimpius Inferno,Action,5.3,ok,85,average length movie
2009,Gulumaal: The Escape,"Comedy, Drama, Thriller",5.3,ok,141,long movie
2010,Nihon bundan: Heru doraibâ,"Horror, Sci-Fi",5.3,ok,117,long movie
2010,Robert Mitchum est mort,Drama,5.3,ok,91,average length movie
2010,Gosurori shokeinin,"Action, Horror",5.3,ok,88,average length movie
2009,Adrenaline,"Horror, Thriller",5.3,ok,122,long movie
2010,X gêmu,Horror,5.3,ok,119,long movie
2010,Maskeblomstfamilien,Drama,5.3,ok,98,average length movie
2009,Buppah Rahtree 3.1,"Horror, Romance",5.3,ok,90,average length movie
2010,Red Eagle,"Action, Sci-Fi, Thriller",5.3,ok,130,long movie
2010,400 Contra 1: Uma História do Crime Organizado,"Action, Crime, Drama",5.3,ok,98,average length movie
2010,Muita Calma Nessa Hora,Comedy,5.3,ok,92,average length movie
2005,Laylat Seqout Baghdad,Comedy,5.3,ok,109,long movie
2007,Ghost Rider,"Action, Fantasy, Thriller",5.2,ok,114,long movie
2005,Extreme Dating,"Action, Romance, Comedy",5.2,ok,96,average length movie
2005,Taj Mahal: An Eternal Love Story,"Drama, History, Musical",5.2,ok,164,long movie
2005,Keep Your Distance,"Drama, Mystery, Romance",5.2,ok,94,average length movie
2005,The Magic Roundabout,"Animation, Adventure, Come",5.2,ok,85,average length movie
2005,Echoes of Innocence,"Romance, Thriller",5.2,ok,118,long movie
2007,AFR,Drama,5.2,ok,83,average length movie
2005,Tetsujin niju-hachigo,"Action, Adventure, Fantasy",5.2,ok,113,long movie
2005,Dinotopia: Quest for the Ruby Sunstone,"Animation, Adventure, Come",5.2,ok,75,average length movie
2005,Racing Stripes,"Adventure, Comedy, Drama",5.2,ok,102,long movie
2005,Sueño,"Comedy, Drama, Music",5.2,ok,108,long movie
2005,Trouble with Sex,"Drama, Romance",5.2,ok,88,average length movie
2005,The Long Weekend,Comedy,5.2,ok,85,average length movie
2005,The Girl from Monday,"Action, Comedy, Sci-Fi",5.2,ok,84,average length movie
2005,A Perfect Fit,"Crime, Drama, Romance",5.2,ok,85,average length movie
2006,The Other Side,"Action, Thriller",5.2,ok,92,average length movie
2005,Reeker,"Horror, Mystery, Thriller",5.2,ok,90,average length movie
2005,"Travaux, on sait quand ça commence...",Comedy,5.2,ok,95,average length movie
2005,Ambulancen,"Drama, Thriller",5.2,ok,80,average length movie
2005,Oskar & Josefine,"Family, Fantasy, Sci-Fi",5.2,ok,80,average length movie
2006,Irish Jam,Comedy,5.2,ok,94,average length movie
2006,Grilled,"Comedy, Crime",5.2,ok,83,average length movie
2005,Shabd,Drama,5.2,ok,140,long movie
2005,L'antidote,Comedy,5.2,ok,107,long movie
2007,Mama's Boy,"Comedy, Drama",5.2,ok,93,average length movie
2005,Her Minor Thing,"Comedy, Romance",5.2,ok,91,average length movie
2006,Klimt,"Biography, Drama",5.2,ok,131,long movie
2006,5up 2down,Drama,5.2,ok,95,average length movie
2006,Novel Romance,"Comedy, Romance",5.2,ok,91,average length movie
2005,Doom,"Action, Adventure, Fantasy",5.2,ok,105,long movie
2006,9/Tenths,"Drama, Romance, Thriller",5.2,ok,98,average length movie
2005,Long Distance,"Horror, Thriller",5.2,ok,90,average length movie
2008,Half-Life,"Drama, Sci-Fi",5.2,ok,106,long movie
2005,The Tenants,"Crime, Drama, Romance",5.2,ok,93,average length movie
2006,Creatures from the Pink Lagoon,"Comedy, Horror",5.2,ok,71,average length movie
2005,Bam Bam and Celeste,Comedy,5.2,ok,85,average length movie
2006,Humko Deewana Kar Gaye,"Drama, Romance",5.2,ok,155,long movie
2005,Krama mig,"Comedy, Drama, Romance",5.2,ok,86,average length movie
2005,En folkefiende,Drama,5.2,ok,90,average length movie
2009,Yesterday Was a Lie,"Drama, Music, Mystery",5.2,ok,89,average length movie
2006,Rohtenburg,"Crime, Drama, Horror",5.2,ok,87,average length movie
2005,Dominion: Prequel to the Exorcist,"Drama, Horror, Thriller",5.2,ok,117,long movie
2005,Purple Heart,"Action, Drama, Thriller",5.2,ok,90,average length movie
2005,Salad-e fasl,"Crime, Drama, Romance",5.2,ok,90,average length movie
2007,Piccadilly Cowboy,Romance,5.2,ok,100,long movie
2006,Madea's Family Reunion,"Comedy, Drama, Romance",5.2,ok,107,long movie
2006,Outside Sales,Comedy,5.2,ok,90,average length movie
2005,Sivakasi,"Action, Drama",5.2,ok,175,long movie
2005,Sal de Prata,Drama,5.2,ok,97,average length movie
2005,Ek Ajnabee,"Action, Crime, Drama",5.2,ok,142,long movie
2006,Final Contract: Death on Delivery,Action,5.2,ok,97,average length movie
2006,Bolletjes blues!,"Music, Musical, Romance",5.2,ok,92,average length movie
2006,The Insatiable,"Comedy, Horror, Romance",5.2,ok,103,long movie
2006,Le lièvre de Vatanen,"Comedy, Drama",5.2,ok,95,average length movie
2008,Astérix aux jeux olympiques,"Adventure, Comedy, Family",5.2,ok,116,long movie
2008,Lonely Street,"Comedy, Mystery, Thriller",5.2,ok,89,average length movie
2006,Loren Cass,"Drama, Music",5.2,ok,83,average length movie
2006,Lotto,Comedy,5.2,ok,90,average length movie
2008,Talento de barrio,"Action, Crime, Drama",5.2,ok,107,long movie
2005,Zhai bian,"Drama, Horror",5.2,ok,97,average length movie
2007,The Pacific and Eddy,Drama,5.2,ok,88,average length movie
2005,Lung gam wai yi dzi wang mo leung leung,"Action, Comedy, Drama",5.2,ok,101,long movie
2006,Kettle of Fish,"Comedy, Romance",5.2,ok,97,average length movie
2005,Maja,"Action, Comedy, Romance",5.2,ok,139,long movie
2006,Zhest,"Crime, Horror, Thriller",5.2,ok,110,long movie
2008,Shutter,"Horror, Mystery, Thriller",5.2,ok,85,average length movie
2006,Ich bin die Andere,Drama,5.2,ok,104,long movie
2006,Yellow,"Drama, Music, Romance",5.2,ok,90,average length movie
2008,Mutant Chronicles,"Action, Adventure, Sci-Fi",5.2,ok,111,long movie
2006,L'inchiesta,"Adventure, Drama, History",5.2,ok,112,long movie
2006,Apna Sapna Money Money,"Comedy, Musical, Romance",5.2,ok,134,long movie
2006,Sl8n8,"Action, Horror, Thriller",5.2,ok,90,average length movie
2005,Purei,Horror,5.2,ok,77,average length movie
2006,La jungle,Comedy,5.2,ok,99,average length movie
2009,The Forest,"Drama, Horror, Thriller",5.2,ok,88,average length movie
2005,Sum muepuen,"Action, Crime, Drama",5.2,ok,95,average length movie
2006,GAL,"Drama, Thriller",5.2,ok,105,long movie
2006,Chun tian hua hua tong xue hui,"Animation, Comedy, Fantasy",5.2,ok,95,average length movie
2006,Sai chiu,"Drama, Mystery, Thriller",5.2,ok,93,average length movie
2006,Things to Do,Comedy,5.2,ok,85,average length movie
2007,Daydreamer,"Drama, Mystery, Thriller",5.2,ok,90,average length movie
2006,Mizuchi,"Drama, Horror, Mystery",5.2,ok,101,long movie
2006,Chicha tu madre,Drama,5.2,ok,96,average length movie
2007,Fata Morgana,"Adventure, Drama, Thriller",5.2,ok,88,average length movie
2008,Over Her Dead Body,"Comedy, Fantasy, Romance",5.2,ok,95,average length movie
2007,Normal Adolescent Behavior,"Drama, Romance",5.2,ok,93,average length movie
2007,Undead or Alive: A Zombedy,"Comedy, Horror, Western",5.2,ok,91,average length movie
2009,A Day in the Life,"Action, Crime, Drama",5.2,ok,90,average length movie
2007,Notte prima degli esami - Oggi,Comedy,5.2,ok,102,long movie
2006,Je pense à vous,"Comedy, Drama",5.2,ok,82,average length movie
2008,Acné,"Comedy, Drama",5.2,ok,87,average length movie
2008,The Alphabet Killer,"Crime, Mystery, Thriller",5.2,ok,98,average length movie
2006,2 süper film birden,"Comedy, Drama",5.2,ok,95,average length movie
2008,Capers,"Action, Comedy, Crime",5.2,ok,86,average length movie
2007,Kuhu põgenevad hinged,Drama,5.2,ok,87,average length movie
2007,I Really Hate My Job,"Comedy, Drama",5.2,ok,90,average length movie
2007,Sinner,Drama,5.2,ok,88,average length movie
2006,Atash bas,"Comedy, Romance",5.2,ok,104,long movie
2010,Risen,"Biography, Drama",5.2,ok,121,long movie
2007,Timber Falls,"Horror, Thriller",5.2,ok,100,long movie
2008,The Mummy: Tomb of the Dragon Emperor,"Action, Adventure, Fantasy",5.2,ok,112,long movie
2006,Daai cheung foo 2,"Comedy, Drama",5.2,ok,90,average length movie
2008,Passe-passe,Comedy,5.2,ok,93,average length movie
2006,Shooting Silvio,"Crime, Drama",5.2,ok,96,average length movie
2008,Harm's Way,Thriller,5.2,ok,82,average length movie
2006,Marias menn,"Comedy, Drama",5.2,ok,79,average length movie
2007,Alice Upside Down,"Adventure, Comedy, Drama",5.2,ok,91,average length movie
2007,Den sorte Madonna,"Action, Comedy, Drama",5.2,ok,88,average length movie
2008,Trailer Park of Terror,Horror,5.2,ok,98,average length movie
2009,Friends (With Benefits),"Comedy, Romance",5.2,ok,94,average length movie
2007,Boxes,Drama,5.2,ok,95,average length movie
2007,All Hat,Western,5.2,ok,89,average length movie
2007,The Wager,Drama,5.2,ok,82,average length movie
2006,Tai fong lo chin,"Crime, Mystery",5.2,ok,87,average length movie
2008,Life in Flight,"Comedy, Drama, Romance",5.2,ok,78,average length movie
2010,Jackboots on Whitehall,"Animation, Comedy, Sci-Fi",5.2,ok,91,average length movie
2008,Parasomnia,"Horror, Thriller",5.2,ok,103,long movie
2008,Todos estamos invitados,"Drama, Romance, Thriller",5.2,ok,80,average length movie
2005,Political Rowdy,Action,5.2,ok,155,long movie
2008,Ten Empty,Drama,5.2,ok,95,average length movie
2007,Furîjia,Action,5.2,ok,103,long movie
2007,Shankardada Zindabad,Comedy,5.2,ok,152,long movie
2007,Alvin and the Chipmunks,"Animation, Comedy, Family",5.2,ok,92,average length movie
2010,Made in Romania,Comedy,5.2,ok,95,average length movie
2008,The Toe Tactic,"Animation, Drama",5.2,ok,83,average length movie
2007,Próxima,Sci-Fi,5.2,ok,116,long movie
2007,Mia melissa ton Avgousto,"Comedy, Drama, Romance",5.2,ok,95,average length movie
2007,Linas kvällsbok,"Comedy, Drama",5.2,ok,90,average length movie
2007,Swiadek koronny,"Action, Crime, Drama",5.2,ok,97,average length movie
2009,The Smell of Success,Comedy,5.2,ok,96,average length movie
2009,Dead Air,"Horror, Sci-Fi, Thriller",5.2,ok,90,average length movie
2008,Zomerhitte,"Drama, Romance, Thriller",5.2,ok,96,average length movie
2008,The Map Reader,Drama,5.2,ok,90,average length movie
2008,Iskariot,Thriller,5.2,ok,80,average length movie
2008,The Understudy,"Comedy, Drama",5.2,ok,101,long movie
2009,Minghags,Comedy,5.2,ok,96,average length movie
2007,"Ce soir, je dors chez toi","Comedy, Romance",5.2,ok,84,average length movie
2009,Lost Dream,Drama,5.2,ok,90,average length movie
2008,Vinyan,"Drama, Horror, Thriller",5.2,ok,96,average length movie
2010,Legion,"Action, Adventure, Fantasy",5.2,ok,100,long movie
2008,Exit Speed,Thriller,5.2,ok,91,average length movie
2009,Je vais te manquer,Drama,5.2,ok,92,average length movie
2008,Roadside Romeo,"Animation, Adventure, Come",5.2,ok,93,average length movie
2007,Suay Laak Sai,"Crime, Horror",5.2,ok,82,average length movie
2010,Good Intentions,Comedy,5.2,ok,84,average length movie
2008,Ossi's Eleven,Comedy,5.2,ok,93,average length movie
2006,Oira sukeban,"Action, Comedy, Horror",5.2,ok,62,average length movie
2008,Unstable Fables: 3 Pigs & a Baby,"Animation, Family",5.2,ok,76,average length movie
2008,Tandoori Love,"Comedy, Drama, Romance",5.2,ok,100,long movie
2007,Titanics ti liv,"Family, Mystery",5.2,ok,74,average length movie
2009,Alter und Schönheit,Drama,5.2,ok,95,average length movie
2007,To fili tis... Zois,"Comedy, Romance",5.2,ok,103,long movie
2008,Hansie: A True Story,"Biography, Drama, Sport",5.2,ok,123,long movie
2008,Twilight,"Drama, Fantasy, Romance",5.2,ok,122,long movie
2008,La conjura de El Escorial,"Adventure, Drama, History",5.2,ok,128,long movie
2007,Chirutha,Action,5.2,ok,117,long movie
2008,Kismat Konnection,"Comedy, Drama, Romance",5.2,ok,153,long movie
2010,Eva,Drama,5.2,ok,111,long movie
2008,Tempelriddernes skat III: Mysteriet om slangekronen,"Adventure, Family",5.2,ok,85,average length movie
2009,Saving Grace B. Jones,"Drama, Thriller",5.2,ok,116,long movie
2009,La linea,"Action, Crime, Drama",5.2,ok,95,average length movie
2009,Paul Blart: Mall Cop,"Action, Comedy, Crime",5.2,ok,91,average length movie
2009,St. Nick,Drama,5.2,ok,86,average length movie
2008,Gospoda ofitsery: Spasti imperatora,"Action, History",5.2,ok,104,long movie
2007,SMS - Sotto mentite spoglie,Comedy,5.2,ok,90,average length movie
2008,Los años desnudos (Clasificada S),"Comedy, Drama",5.2,ok,103,long movie
2009,Jennifer's Body,"Comedy, Horror",5.2,ok,102,long movie
2008,199 recetas para ser feliz,Drama,5.2,ok,99,average length movie
2009,Boogie Woogie,"Comedy, Drama",5.2,ok,94,average length movie
2007,Whirlwind,"Drama, Romance",5.2,ok,99,average length movie
2009,The Final Destination,"Horror, Thriller",5.2,ok,82,average length movie
2009,Forget Me Not,"Horror, Romance, Thriller",5.2,ok,103,long movie
2008,"Otto; or, Up with Dead People","Comedy, Drama, Fantasy",5.2,ok,94,average length movie
2007,Zombi kampung pisang,"Comedy, Horror",5.2,ok,118,long movie
2009,Hexe Lilli: Der Drache und das magische Buch,"Adventure, Comedy, Family",5.2,ok,89,average length movie
2008,One Two Three,"Comedy, Crime",5.2,ok,135,long movie
2010,A Nightmare on Elm Street,"Crime, Drama, Horror",5.2,ok,95,average length movie
2008,Saikyô heiki joshikôsei: Rika - zonbi hantâ vs saik,"Action, Horror",5.2,ok,86,average length movie
2009,Kansen rettô,"Drama, Sci-Fi, Thriller",5.2,ok,138,long movie
2008,La guerre des miss,Comedy,5.2,ok,89,average length movie
2008,Target Practice,"Action, Adventure",5.2,ok,97,average length movie
2009,Carmen van het noorden,"Drama, Music",5.2,ok,82,average length movie
2009,Toe to Toe,Drama,5.2,ok,104,long movie
2010,Alpha and Omega,"Animation, Adventure, Come",5.2,ok,90,average length movie
2008,Dim Sum Funeral,"Comedy, Drama",5.2,ok,95,average length movie
2009,Happy Tears,"Comedy, Drama",5.2,ok,92,average length movie
2010,Beneath the Blue,Drama,5.2,ok,92,average length movie
2008,Mamma Mu och Kråkan,"Animation, Family",5.2,ok,78,average length movie
2009,Life Partner,"Comedy, Drama, Romance",5.2,ok,138,long movie
2009,Stuntmen,Comedy,5.2,ok,90,average length movie
2010,Endure,Thriller,5.2,ok,92,average length movie
2009,Trash,Drama,5.2,ok,91,average length movie
2010,Hanni & Nanni,"Adventure, Drama, Family",5.2,ok,85,average length movie
2009,The Thaw,"Horror, Sci-Fi, Thriller",5.2,ok,90,average length movie
2009,Wojna polsko-ruska,"Comedy, Drama",5.2,ok,108,long movie
2008,Dai sau cha ji nui,"Comedy, Crime, Thriller",5.2,ok,92,average length movie
2008,2:22,"Crime, Drama, Thriller",5.2,ok,104,long movie
2008,"To nie tak jak myslisz, kotku",Comedy,5.2,ok,101,long movie
2009,Snarveien,"Horror, Thriller",5.2,ok,77,average length movie
2008,Pandurangadu,"Drama, Fantasy",5.2,ok,156,long movie
2009,Universal Soldier: Regeneration,"Action, Adventure, Sci-Fi",5.2,ok,97,average length movie
2008,Entre Lençóis,Romance,5.2,ok,88,average length movie
2010,As Good as Dead,"Crime, Thriller",5.2,ok,100,long movie
2008,Duo biao,Action,5.2,ok,118,long movie
2009,George's Intervention,"Comedy, Horror",5.2,ok,93,average length movie
2008,Wu xia Liang Zhu,"Action, Romance",5.2,ok,102,long movie
2008,Frantisek je devkar,Comedy,5.2,ok,80,average length movie
2009,Détour,Thriller,5.2,ok,95,average length movie
2009,Fox,"Crime, Drama, Mystery",5.2,ok,145,long movie
2009,The Yankles,Sport,5.2,ok,115,long movie
2008,Mañana,Comedy,5.2,ok,84,average length movie
2009,Ola tha pane kala,"Comedy, Crime",5.2,ok,95,average length movie
2007,Maruthamalai,Action,5.2,ok,165,long movie
2009,Gong fu chu shen,"Action, Comedy",5.2,ok,92,average length movie
2009,Scare Zone,Horror,5.2,ok,88,average length movie
2010,And Soon the Darkness,"Drama, Horror, Mystery",5.2,ok,91,average length movie
2010,Parterapi,Comedy,5.2,ok,99,average length movie
2010,3faltig,Comedy,5.2,ok,95,average length movie
2010,Legacy,Thriller,5.2,ok,93,average length movie
2009,Hitori kakurenbo: Gekijô-ban,Horror,5.2,ok,83,average length movie
2008,Kup teraz,Comedy,5.2,ok,80,average length movie
2009,Stone Bros.,Comedy,5.2,ok,90,average length movie
2009,Sweet Karma,"Crime, Drama, Thriller",5.2,ok,85,average length movie
2009,Vjerujem u andjele,"Comedy, Romance",5.2,ok,101,long movie
2009,Aadhavan,Action,5.2,ok,159,long movie
2009,Galerianki,Drama,5.2,ok,77,average length movie
2009,Baabarr,"Action, Crime, Drama",5.2,ok,180,epic movie
2009,Ostatnia akcja,"Action, Adventure, Comedy",5.2,ok,95,average length movie
2009,Resurrecting the Street Walker,Horror,5.2,ok,80,average length movie
2009,Keitai kareshi,"Comedy, Horror, Romance",5.2,ok,102,long movie
2010,Le poil de la bête,"Adventure, Horror",5.2,ok,100,long movie
2009,Divorces!,"Comedy, Drama",5.2,ok,100,long movie
2009,Ask geliyorum demez,"Comedy, Romance",5.2,ok,95,average length movie
2010,Knucklehead,"Action, Comedy, Drama",5.2,ok,100,long movie
2010,Alex und der Löwe,"Comedy, Romance",5.2,ok,96,average length movie
2010,First Night,"Comedy, Musical, Romance",5.2,ok,116,long movie
2009,Sodium Babies,"Drama, Fantasy, Horror",5.2,ok,90,average length movie
2010,Comme les cinq doigts de la main,"Action, Drama, Thriller",5.2,ok,116,long movie
2010,Hunt to Kill,"Action, Thriller",5.2,ok,98,average length movie
2010,Ada: Zombilerin Dügünü,"Comedy, Horror",5.2,ok,77,average length movie
2010,Das Leben ist zu lang,"Comedy, Drama",5.2,ok,86,average length movie
2010,Break Ke Baad,"Comedy, Drama, Romance",5.2,ok,118,long movie
2009,Ek Niranjan,Action,5.2,ok,150,long movie
2009,Ogamdo,Drama,5.2,ok,130,long movie
2010,"Toi, moi, les autres","Musical, Romance",5.2,ok,85,average length movie
2010,My iz budushchego 2,"Action, Adventure, Sci-Fi",5.2,ok,98,average length movie
2010,Bolo Na Tumi Amar,Romance,5.2,ok,160,long movie
2010,Ses,"Horror, Thriller",5.2,ok,97,average length movie
2010,Toh Baat Pakki!,"Comedy, Drama",5.2,ok,122,long movie
2010,Evolusi: KL Drift 2,"Action, Crime",5.2,ok,100,long movie
2010,Lafangey Parindey,"Action, Drama, Romance",5.2,ok,126,long movie
2009,2Bobule,"Comedy, Romance",5.2,ok,100,long movie
2010,A Horrible Way to Die,"Drama, Horror, Thriller",5.2,ok,87,average length movie
2010,Na igre 2. Novyy uroven,"Action, Sci-Fi",5.2,ok,86,average length movie
2009,Ezbet Adam,Drama,5.2,ok,130,long movie
2009,Sasirekha Parinayam,Romance,5.2,ok,157,long movie
2010,Janakan,"Crime, Thriller",5.2,ok,150,long movie
2010,"Tehran, Tehran",Drama,5.2,ok,105,long movie
2010,Pulsar,"Drama, Mystery, Romance",5.2,ok,91,average length movie
2010,Rû=garû,"Animation, Mystery, Sci-Fi",5.2,ok,99,average length movie
2010,Tusen gånger starkare,Drama,5.2,ok,85,average length movie
2010,Igla Remix,"Drama, Thriller",5.2,ok,87,average length movie
2010,Le sentiment de la chair,"Drama, Mystery, Romance",5.2,ok,91,average length movie
2010,Petrang kabayo,"Comedy, Fantasy",5.2,ok,110,long movie
2010,Belleville-Tokyo,Drama,5.2,ok,72,average length movie
2010,Shedin Dekha Hoyechilo,"Drama, Romance",5.2,ok,160,long movie
2010,Haunted Changi,"Horror, Mystery, Thriller",5.2,ok,79,average length movie
2010,Edge of the Empire,Action,5.2,ok,117,long movie
2010,The Boathouse Detectives,Family,5.2,ok,84,average length movie
2010,9 Wat,"Horror, Thriller",5.2,ok,110,long movie
2009,Sanam Teri Kasam,"Action, Drama, Romance",5.1,ok,170,long movie
2005,Thru the Moebius Strip,"Animation, Adventure, Sci-",5.1,ok,87,average length movie
2005,Break a Leg,"Comedy, Drama, Thriller",5.1,ok,98,average length movie
2005,Daltry Calhoun,"Comedy, Drama, Music",5.1,ok,100,long movie
2006,Freedomland,"Crime, Drama, Mystery",5.1,ok,113,long movie
2005,The Extra,"Comedy, Romance",5.1,ok,96,average length movie
2005,Rebound,"Comedy, Family, Sport",5.1,ok,86,average length movie
2005,The Dukes of Hazzard,Comedy,5.1,ok,104,long movie
2005,Stealth,"Action, Adventure, Sci-Fi",5.1,ok,121,long movie
2005,Miss Congeniality 2: Armed & Fabulous,"Action, Comedy, Crime",5.1,ok,115,long movie
2005,Throttle,"Action, Thriller",5.1,ok,86,average length movie
2005,Tamara,"Drama, Fantasy, Horror",5.1,ok,98,average length movie
2006,Abominable,"Horror, Thriller",5.1,ok,94,average length movie
2005,The Cave,"Action, Adventure, Horror",5.1,ok,97,average length movie
2005,Guy X,"Comedy, War",5.1,ok,101,long movie
2006,Cargo,"Adventure, Drama, Thriller",5.1,ok,95,average length movie
2005,La noche del hermano,Drama,5.1,ok,106,long movie
2008,Hell Ride,"Action, Drama, Thriller",5.1,ok,84,average length movie
2005,Brice de Nice,Comedy,5.1,ok,98,average length movie
2006,End Game,"Action, Crime, Drama",5.1,ok,93,average length movie
2005,Greener Mountains,"Drama, Romance",5.1,ok,89,average length movie
2006,Unbeatable Harold,"Comedy, Romance",5.1,ok,82,average length movie
2005,Kampfansage - Der letzte Schüler,"Action, Sci-Fi",5.1,ok,102,long movie
2007,Mr. Woodcock,"Comedy, Romance, Sport",5.1,ok,87,average length movie
2005,Neighborhood Watch,"Horror, Thriller",5.1,ok,92,average length movie
2005,An American Haunting,"Drama, History, Horror",5.1,ok,83,average length movie
2006,Así del precipicio,Drama,5.1,ok,110,long movie
2006,Waltzing Anna,Comedy,5.1,ok,108,long movie
2005,Sandor slash Ida,"Comedy, Drama, Family",5.1,ok,93,average length movie
2006,The Still Life,Drama,5.1,ok,96,average length movie
2006,The Visitation,"Horror, Thriller",5.1,ok,103,long movie
2005,Carpool Guy,Comedy,5.1,ok,119,long movie
2009,G-Force,"Animation, Action, Adventu",5.1,ok,88,average length movie
2005,Ghost of Mae Nak,Horror,5.1,ok,101,long movie
2006,See No Evil,"Action, Horror, Thriller",5.1,ok,84,average length movie
2006,Stay Alive,"Fantasy, Horror, Mystery",5.1,ok,85,average length movie
2005,Rog,"Mystery, Romance, Thriller",5.1,ok,115,long movie
2006,The Hamiltons,"Drama, Horror, Thriller",5.1,ok,86,average length movie
2005,Red Mercury,"Crime, Drama, Thriller",5.1,ok,109,long movie
2008,"10,000 BC","Action, Adventure, Drama",5.1,ok,109,long movie
2006,Selon Charlie,Drama,5.1,ok,140,long movie
2005,Les invisibles,Drama,5.1,ok,85,average length movie
2005,Home,"Drama, Comedy",5.1,ok,91,average length movie
2006,Eragon,"Action, Adventure, Family",5.1,ok,104,long movie
2005,P,"Drama, Horror",5.1,ok,110,long movie
2006,Una rosa de Francia,"Crime, Drama",5.1,ok,100,long movie
2007,The List,"Comedy, Romance",5.1,ok,92,average length movie
2005,Sengoku jieitai 1549,"Action, Sci-Fi",5.1,ok,119,long movie
2005,Yakeen,"Drama, Thriller",5.1,ok,116,long movie
2005,L'anniversaire,Comedy,5.1,ok,100,long movie
2006,The Breed,"Action, Adventure, Comedy",5.1,ok,91,average length movie
2006,When a Stranger Calls,"Horror, Thriller",5.1,ok,87,average length movie
2005,Nightmare,"Horror, Thriller",5.1,ok,111,long movie
2009,Fakir of Venice,Drama,5.1,ok,87,average length movie
2009,From Mexico with Love,"Action, Drama, Sport",5.1,ok,96,average length movie
2006,Stormbreaker,"Action, Adventure, Family",5.1,ok,93,average length movie
2005,Mr. Dungbeetle,Comedy,5.1,ok,89,average length movie
2006,My Super Ex-Girlfriend,"Comedy, Romance, Sci-Fi",5.1,ok,96,average length movie
2005,Bathhouse,Drama,5.1,ok,107,long movie
2007,When a Man Falls in the Forest,"Drama, Thriller",5.1,ok,86,average length movie
2006,Wicked Little Things,"Drama, Fantasy, Horror",5.1,ok,94,average length movie
2006,Open Water 2: Adrift,"Adventure, Drama, Horror",5.1,ok,95,average length movie
2005,Ya ana ya khalty,Comedy,5.1,ok,90,average length movie
2006,Surveillance,"Crime, Thriller",5.1,ok,90,average length movie
2006,The Suspect,Thriller,5.1,ok,88,average length movie
2006,Trigger,Family,5.1,ok,78,average length movie
2005,Fu-Rai,"Horror, Thriller",5.1,ok,75,average length movie
2006,Citizen Duane,Comedy,5.1,ok,90,average length movie
2007,The Inner Life of Martin Frost,"Comedy, Drama, Fantasy",5.1,ok,94,average length movie
2007,Passage to Zarahemla,"Adventure, Fantasy",5.1,ok,90,average length movie
2007,The Fifth Patient,"Drama, Thriller, War",5.1,ok,95,average length movie
2007,Salaam-E-Ishq,"Comedy, Drama, Musical",5.1,ok,216,epic movie
2006,Handyman,Comedy,5.1,ok,93,average length movie
2006,Lying,Drama,5.1,ok,94,average length movie
2008,The Poker Club,"Crime, Drama, Thriller",5.1,ok,85,average length movie
2006,Joshua,Horror,5.1,ok,95,average length movie
2006,Jui oi nui yun kau muk kong,"Comedy, Romance",5.1,ok,92,average length movie
2007,Boarding Gate,"Drama, Thriller",5.1,ok,106,long movie
2007,Finding Rin Tin Tin,Family,5.1,ok,90,average length movie
2006,Waru,"Action, Crime, Drama",5.1,ok,84,average length movie
2007,Bao hu lu de mi mi,"Drama, Family",5.1,ok,84,average length movie
2006,Guseju,"Action, Comedy, Romance",5.1,ok,104,long movie
2009,Lulu und Jimi,"Drama, Music, Romance",5.1,ok,94,average length movie
2007,Juncture,Thriller,5.1,ok,106,long movie
2007,Déficit,Drama,5.1,ok,79,average length movie
2009,Closed for Winter,Drama,5.1,ok,85,average length movie
2006,Kabe-otoko,"Crime, Drama, Horror",5.1,ok,98,average length movie
2007,Plane Dead,Horror,5.1,ok,89,average length movie
2006,Sukeban deka: Kôdo nêmu = Asamiya Saki,Action,5.1,ok,98,average length movie
2006,Hak yae,Thriller,5.1,ok,97,average length movie
2006,Oyayubi sagashi,"Horror, Mystery",5.1,ok,96,average length movie
2006,Heartbreak Hotel,Comedy,5.1,ok,110,long movie
2007,The Hills Have Eyes II,"Horror, Thriller",5.1,ok,89,average length movie
2007,Vetka sireni,"Drama, Music",5.1,ok,97,average length movie
2007,La terza madre,"Drama, Horror, Thriller",5.1,ok,102,long movie
2007,Marmorera,"Mystery, Thriller",5.1,ok,107,long movie
2007,Café solo o con ellas,Comedy,5.1,ok,94,average length movie
2006,Troubled Waters,Thriller,5.1,ok,95,average length movie
2007,The Tattooist,"Horror, Thriller",5.1,ok,92,average length movie
2006,A3 - Rock'n'Roll uzvraca udarac,"Comedy, Drama, Music",5.1,ok,86,average length movie
2007,The Descendant,Drama,5.1,ok,95,average length movie
2007,Macskafogó 2 - A sátán macskája,"Animation, Comedy, Fantasy",5.1,ok,90,average length movie
2007,Exodus,Drama,5.1,ok,111,long movie
2008,Shelter,Drama,5.1,ok,101,long movie
2006,Sainikudu,Action,5.1,ok,169,long movie
2006,Das Haus der schlafenden Schönen,"Drama, Thriller",5.1,ok,99,average length movie
2006,I Love Miami,Drama,5.1,ok,95,average length movie
2008,All God's Children Can Dance,Drama,5.1,ok,85,average length movie
2007,Summer Scars,"Drama, Horror, Thriller",5.1,ok,73,average length movie
2007,The Mannsfield 12,Drama,5.1,ok,105,long movie
2007,Weisse Lilien,Thriller,5.1,ok,96,average length movie
2009,Now & Later,Drama,5.1,ok,99,average length movie
2009,The Frost,Drama,5.1,ok,103,long movie
2007,Last Minute Marocco,Comedy,5.1,ok,88,average length movie
2007,Mars & Venus,"Comedy, Romance",5.1,ok,86,average length movie
2008,Under Still Waters,"Drama, Thriller",5.1,ok,85,average length movie
2007,The Poet,Drama,5.1,ok,96,average length movie
2006,Guca!,"Comedy, Drama, Musical",5.1,ok,94,average length movie
2007,Brain Dead,Horror,5.1,ok,95,average length movie
2007,Fishtales,"Comedy, Family, Fantasy",5.1,ok,94,average length movie
2007,Missionary Man,"Action, Drama, Thriller",5.1,ok,93,average length movie
2006,"Job, czyli ostatnia szara komórka",Comedy,5.1,ok,92,average length movie
2010,The Waiter,"Action, Crime, Drama",5.1,ok,92,average length movie
2007,A Broken Life,Drama,5.1,ok,97,average length movie
2007,Naked Fear,"Horror, Thriller",5.1,ok,104,long movie
2006,Sop,Horror,5.1,ok,92,average length movie
2008,Who Is KK Downey?,Comedy,5.1,ok,90,average length movie
2008,Crooked Business,"Comedy, Crime",5.1,ok,95,average length movie
2007,Se upp för dårarna,"Comedy, Drama",5.1,ok,103,long movie
2006,Khon fai bin,"Action, Comedy",5.1,ok,103,long movie
2007,Hor taew tak,"Comedy, Horror",5.1,ok,91,average length movie
2009,Obitaemyy ostrov,"Action, Adventure, Sci-Fi",5.1,ok,115,long movie
2007,Lyubov-Morkov,"Comedy, Fantasy, Romance",5.1,ok,100,long movie
2008,Midnight Movie,"Fantasy, Horror, Thriller",5.1,ok,82,average length movie
2007,Ciao Bella,"Comedy, Drama, Romance",5.1,ok,86,average length movie
2008,Donkey Punch,"Crime, Drama, Horror",5.1,ok,99,average length movie
2008,Suspension,"Action, Drama, Fantasy",5.1,ok,95,average length movie
2009,Black,"Action, Crime, Drama",5.1,ok,115,long movie
2007,Comme ton père,"Comedy, Drama",5.1,ok,95,average length movie
2009,Community College,Comedy,5.1,ok,80,average length movie
2007,Solstorm,"Mystery, Thriller",5.1,ok,103,long movie
2007,Surveillance,"Drama, Romance, Thriller",5.1,ok,87,average length movie
2007,Densen uta,"Horror, Mystery",5.1,ok,128,long movie
2010,Dylan Dog: Dead of Night,"Action, Comedy, Crime",5.1,ok,107,long movie
2007,Sympathy,"Drama, Horror, Mystery",5.1,ok,105,long movie
2009,Lesbian Vampire Killers,"Action, Comedy, Fantasy",5.1,ok,86,average length movie
2007,Hania,Drama,5.1,ok,108,long movie
2008,Nu ren bu huai,"Comedy, Romance",5.1,ok,120,long movie
2008,Yoroi: Samurai zonbi,"Action, Horror",5.1,ok,91,average length movie
2009,Mein Kampf,"Biography, Comedy",5.1,ok,110,long movie
2008,Tu£sday,"Action, Crime, Mystery",5.1,ok,79,average length movie
2009,Hurt,"Drama, Horror, Thriller",5.1,ok,97,average length movie
2008,Rovdyr,Horror,5.1,ok,78,average length movie
2008,Down to the Dirt,Drama,5.1,ok,117,long movie
2010,Jelly,"Comedy, Romance",5.1,ok,104,long movie
2009,Fuel,Drama,5.1,ok,95,average length movie
2008,Colpo d'occhio,"Drama, Thriller",5.1,ok,110,long movie
2009,The Six Wives of Henry Lefay,Comedy,5.1,ok,95,average length movie
2008,Baby Blues,Drama,5.1,ok,86,average length movie
2006,Das Flüstern des Mondes,"Comedy, Crime, Drama",5.1,ok,97,average length movie
2009,Bob Funk,Comedy,5.1,ok,106,long movie
2008,Golmaal Returns,"Comedy, Crime",5.1,ok,135,long movie
2007,Nessuna qualità agli eroi,"Crime, Drama",5.1,ok,102,long movie
2008,Long Weekend,"Drama, Horror, Thriller",5.1,ok,88,average length movie
2010,Bereavement,"Crime, Horror, Thriller",5.1,ok,103,long movie
2009,Tormented,"Comedy, Horror",5.1,ok,91,average length movie
2006,Roya-ye khis,"Drama, Romance",5.1,ok,100,long movie
2008,Montana,Drama,5.1,ok,89,average length movie
2008,The Human Contract,Drama,5.1,ok,103,long movie
2008,Gasolina,Drama,5.1,ok,71,average length movie
2009,Rosencrantz and Guildenstern Are Undead,Comedy,5.1,ok,89,average length movie
2008,Lange flate ballær II,"Comedy, Drama, War",5.1,ok,97,average length movie
2008,Cat City,"Drama, Mystery, Thriller",5.1,ok,91,average length movie
2008,Goliath,Comedy,5.1,ok,80,average length movie
2008,The Coverup,"Crime, Drama, Mystery",5.1,ok,94,average length movie
2008,Hello Goodbye,Comedy,5.1,ok,99,average length movie
2008,Gegege no Kitarô: Sennen noroi uta,"Adventure, Family, Fantasy",5.1,ok,119,long movie
2009,Hinter Kaifeck,"Mystery, Thriller",5.1,ok,86,average length movie
2008,Zapamtite Vukovar,"Drama, History, War",5.1,ok,100,long movie
2009,Diamant 13,"Action, Crime, Thriller",5.1,ok,98,average length movie
2008,Surviving Crooked Lake,Thriller,5.1,ok,89,average length movie
2008,48 heures par jour,Comedy,5.1,ok,89,average length movie
2008,Blackout,"Mystery, Thriller",5.1,ok,108,long movie
2008,Girara no gyakushû: Tôya-ko Samitto kikiippatsu,"Comedy, Sci-Fi",5.1,ok,98,average length movie
2008,Faa faa ying ging,"Action, Romance, Thriller",5.1,ok,98,average length movie
2009,Everyman's War,"Biography, Drama, War",5.1,ok,104,long movie
2009,The Janky Promoters,"Comedy, Crime, Music",5.1,ok,85,average length movie
2007,Straight,"Crime, Drama, Romance",5.1,ok,59,short movie
2009,Pinprick,"Drama, Thriller",5.1,ok,96,average length movie
2008,Prank,Horror,5.1,ok,100,long movie
2009,The Donner Party,Drama,5.1,ok,95,average length movie
2009,Grace,"Drama, Horror, Thriller",5.1,ok,84,average length movie
2008,The Kiss,"Horror, Romance",5.1,ok,103,long movie
2009,Oy Vey! My Son Is Gay!!,Comedy,5.1,ok,90,average length movie
2008,Freche Mädchen,"Comedy, Drama, Romance",5.1,ok,97,average length movie
2010,Yohan - Barnevandrer,"Drama, Family",5.1,ok,125,long movie
2009,In the Eyes of a Killer,"Mystery, Thriller",5.1,ok,96,average length movie
2009,Sorority Row,"Horror, Mystery",5.1,ok,101,long movie
2010,Gigola,Drama,5.1,ok,102,long movie
2009,The Shortcut,"Horror, Mystery, Thriller",5.1,ok,100,long movie
2009,Midgets Vs. Mascots,Comedy,5.1,ok,85,average length movie
2010,Icarus,"Action, Drama, Thriller",5.1,ok,88,average length movie
2010,Belka i Strelka. Zvyozdnye sobaki,"Animation, Adventure, Come",5.1,ok,85,average length movie
2010,Srpski film,"Horror, Mystery, Thriller",5.1,ok,104,long movie
2008,Osmanli Cumhuriyeti,"Comedy, Drama",5.1,ok,100,long movie
2008,Diary of a Tired Black Man,"Comedy, Drama",5.1,ok,108,long movie
2009,The Keeper,"Action, Crime, Thriller",5.1,ok,94,average length movie
2008,Dinle neyden,"Drama, Romance",5.1,ok,97,average length movie
2008,Son cellat,Drama,5.1,ok,92,average length movie
2009,Alexander the Last,"Drama, Romance",5.1,ok,72,average length movie
2007,Fishy,Drama,5.1,ok,75,average length movie
2008,Tao hua yun,"Comedy, Drama, Romance",5.1,ok,115,long movie
2009,Ralliraita,Comedy,5.1,ok,86,average length movie
2008,The Snake,Comedy,5.1,ok,80,average length movie
2007,Shen qiang shou yu zhi duo xing,"Action, Comedy, Crime",5.1,ok,94,average length movie
2009,Sagar Alias Jackie: Reloaded,"Action, Crime",5.1,ok,139,long movie
2009,Camping,"Comedy, Drama",5.1,ok,79,average length movie
2010,Elektra Luxx,"Comedy, Drama",5.1,ok,100,long movie
2010,The Rock 'n' Roll Dreams of Duncan Christopher,"Comedy, Drama",5.1,ok,94,average length movie
2010,Blizkiy vrag,Crime,5.1,ok,98,average length movie
2008,FilmeFobia,"Drama, Fantasy, Horror",5.1,ok,80,average length movie
2010,Reuniting the Rubins,"Comedy, Drama, Family",5.1,ok,97,average length movie
2009,Rückenwind,"Drama, Mystery, Romance",5.1,ok,75,average length movie
2008,Jin ping mei,"Comedy, Drama",5.1,ok,93,average length movie
2008,5 dienu avantiura,Comedy,5.1,ok,97,average length movie
2009,Oi do chun,"Crime, Drama, Romance",5.1,ok,95,average length movie
2010,Djinns,"Horror, Mystery",5.1,ok,103,long movie
2009,Yulenka,"Drama, Horror, Thriller",5.1,ok,102,long movie
2009,Öldür beni,"Comedy, Drama, Mystery",5.1,ok,95,average length movie
2010,Risto Räppääjä ja polkupyörävaras,"Comedy, Family, Musical",5.1,ok,78,average length movie
2010,Pete Smalls Is Dead,"Comedy, Crime",5.1,ok,95,average length movie
2010,Änglavakt,Drama,5.1,ok,94,average length movie
2009,Blutsfreundschaft,Drama,5.1,ok,95,average length movie
2010,The Romantics,"Comedy, Drama, Romance",5.1,ok,95,average length movie
2009,Just Another Day,"Drama, Music",5.1,ok,95,average length movie
2009,Fireball,"Action, Drama",5.1,ok,94,average length movie
2008,Hamisheh paye yek zan dar mian ast,"Comedy, Drama",5.1,ok,97,average length movie
2009,Zadboom,Drama,5.1,ok,111,long movie
2010,Desert Son,Drama,5.1,ok,90,average length movie
2009,Smile Pretty,Drama,5.1,ok,87,average length movie
2010,Devil's Playground,"Action, Horror",5.1,ok,92,average length movie
2009,Bambou,Comedy,5.1,ok,90,average length movie
2010,Release,"Drama, Romance",5.1,ok,87,average length movie
2010,Fritt vilt III,"Horror, Thriller",5.1,ok,95,average length movie
2009,Pou hak wong,Comedy,5.1,ok,122,long movie
2010,The Freebie,"Comedy, Drama",5.1,ok,78,average length movie
2009,Aagey Se Right,"Comedy, Crime, Drama",5.1,ok,117,long movie
2009,Orps: The Movie,"Comedy, Family, Music",5.1,ok,86,average length movie
2009,Trash Humpers,"Comedy, Drama, Horror",5.1,ok,78,average length movie
2010,Halálkeringö,"Drama, Thriller",5.1,ok,103,long movie
2009,Kanal-i-zasyon,Comedy,5.1,ok,90,average length movie
2009,Io & Marilyn,"Comedy, Fantasy",5.1,ok,96,average length movie
2010,Armless,Comedy,5.1,ok,82,average length movie
2009,Aao Wish Karein,"Comedy, Family, Fantasy",5.1,ok,140,long movie
2010,Doch yakudzy,Comedy,5.1,ok,81,average length movie
2010,La vita è una cosa meravigliosa,Comedy,5.1,ok,103,long movie
2010,Gelecekten Bir Gün,"Comedy, Drama",5.1,ok,95,average length movie
2010,Una canzone per te,Comedy,5.1,ok,102,long movie
2010,Danchizuma: Hirusagari no jôji,Drama,5.1,ok,70,average length movie
2009,Maska,"Action, Comedy, Drama",5.1,ok,156,long movie
2009,Pelle Politibil går i vannet,"Animation, Comedy, Family",5.1,ok,74,average length movie
2010,Kaptan feza,Action,5.1,ok,90,average length movie
2010,Vacation!,"Comedy, Crime",5.1,ok,90,average length movie
2010,Mørke sjeler,"Horror, Thriller",5.1,ok,95,average length movie
2010,Daddy's Home,"Drama, Thriller",5.1,ok,90,average length movie
2010,Hana to hebi 3,Drama,5.1,ok,107,long movie
2010,Du Lala sheng zhi ji,"Comedy, Drama, Romance",5.1,ok,100,long movie
2010,A Night for Dying Tigers,Drama,5.1,ok,90,average length movie
2010,De eetclub,"Drama, Thriller",5.1,ok,94,average length movie
2010,Hard Core Logo 2,"Comedy, Drama, Music",5.1,ok,85,average length movie
2010,Open Season 3,"Animation, Adventure, Come",5.1,ok,75,average length movie
2010,Yaroslav. Tysyachu let nazad,"Action, Biography, Drama",5.1,ok,100,long movie
2009,Sankham,"Action, Comedy",5.1,ok,155,long movie
2010,Porki,"Action, Thriller",5.1,ok,154,long movie
2010,Bröderna Karlsson,Comedy,5.1,ok,100,long movie
2010,Kuronezumi,"Drama, Horror",5.1,ok,76,average length movie
2010,Nicky Newark,Drama,5.1,ok,138,long movie
2010,Dotkni se duhy,"Action, Comedy, Drama",5.1,ok,100,long movie
2010,Territories,"Horror, Thriller",5.1,ok,91,average length movie
2010,Der Atem des Himmels,"Drama, History, Romance",5.1,ok,128,long movie
2010,Sahä,"Drama, Horror, Mystery",5.1,ok,118,long movie
2010,A Suprema Felicidade,Drama,5.1,ok,121,long movie
2010,Paranômaru akutibiti: Dai-2-shô - Tokyo Night,"Horror, Thriller",5.1,ok,90,average length movie
2010,Xi Feng Lie,Action,5.1,ok,114,long movie
2010,Long feng dian,"Comedy, Romance",5.1,ok,108,long movie
2010,Sin tetas no hay paraíso,"Crime, Drama, Thriller",5.1,ok,108,long movie
2010,Teslimiyet,Drama,5.1,ok,82,average length movie
2006,Wesh Egram,"Comedy, Crime, Romance",5.1,ok,105,long movie
2006,Live Freaky Die Freaky,"Animation, Comedy, Musical",5.0,ok,75,average length movie
2005,Cursed,"Comedy, Horror",5.0,ok,97,average length movie
2005,Tracks,"Drama, Crime",5.0,ok,92,average length movie
2005,Her Name Is Carla,"Drama, Thriller",5.0,ok,85,average length movie
2006,Scary Movie 4,Comedy,5.0,ok,83,average length movie
2005,Dating Games People Play,"Comedy, Romance",5.0,ok,95,average length movie
2005,The Lazarus Child,"Drama, Horror",5.0,ok,93,average length movie
2005,Iowa,"Crime, Drama",5.0,ok,104,long movie
2005,Une aventure,"Drama, Romance",5.0,ok,100,long movie
2005,Mall Cop,Comedy,5.0,ok,87,average length movie
2005,Af banen,"Comedy, Sport",5.0,ok,80,average length movie
2005,Confess,"Thriller, Drama",5.0,ok,89,average length movie
2010,Anderson's Cross,"Comedy, Drama, Romance",5.0,ok,98,average length movie
2005,Drop Dead Sexy,"Comedy, Crime",5.0,ok,83,average length movie
2005,"Tu vas rire, mais je te quitte",Comedy,5.0,ok,90,average length movie
2005,The Deal,"Crime, Drama, Thriller",5.0,ok,107,long movie
2005,Animal,"Sci-Fi, Thriller",5.0,ok,103,long movie
2005,Boy Eats Girl,"Comedy, Fantasy, Horror",5.0,ok,80,average length movie
2005,Disaster!,"Animation, Comedy, Sci-Fi",5.0,ok,83,average length movie
2006,Fifty Pills,"Comedy, Crime, Drama",5.0,ok,85,average length movie
2005,Strákarnir okkar,"Comedy, Drama, Romance",5.0,ok,85,average length movie
2008,The Women,"Comedy, Drama",5.0,ok,114,long movie
2005,Berkeley,Drama,5.0,ok,88,average length movie
2006,The Grudge 2,"Horror, Thriller",5.0,ok,102,long movie
2006,Kiss Me Again,"Romance, Drama",5.0,ok,103,long movie
2005,Le roman de Renart,Animation,5.0,ok,90,average length movie
2005,Zoop in Afrika,"Comedy, Adventure, Drama",5.0,ok,85,average length movie
2005,Straight Outta Benoni,Comedy,5.0,ok,86,average length movie
2006,Family,Thriller,5.0,ok,95,average length movie
2005,Hokm,"Crime, Drama, Romance",5.0,ok,104,long movie
2005,Den utvalde,"Crime, Thriller",5.0,ok,100,long movie
2008,Autopsy,"Horror, Mystery, Thriller",5.0,ok,84,average length movie
2005,Race You to the Bottom,"Drama, Romance",5.0,ok,73,average length movie
2007,Natasha,Thriller,5.0,ok,87,average length movie
2006,Unrest,"Horror, Thriller",5.0,ok,88,average length movie
2005,29th and Gay,Comedy,5.0,ok,84,average length movie
2006,Garfield: A Tale of Two Kitties,"Animation, Comedy, Family",5.0,ok,82,average length movie
2005,Shou shen,"Crime, Mystery, Thriller",5.0,ok,92,average length movie
2006,Hell,Drama,5.0,ok,100,long movie
2006,The Tillamook Treasure,"Drama, Family",5.0,ok,107,long movie
2005,Sex hopp & kärlek,Drama,5.0,ok,93,average length movie
2007,Kein Bund fürs Leben,Comedy,5.0,ok,85,average length movie
2006,Infinite Justice,"Drama, Thriller",5.0,ok,93,average length movie
2009,The Heavy,Thriller,5.0,ok,102,long movie
2006,Unna ja Nuuk,"Adventure, Family, Fantasy",5.0,ok,78,average length movie
2005,June R,"Drama, Family",5.0,ok,99,average length movie
2005,Super,"Action, Comedy",5.0,ok,151,long movie
2008,Det perfekte kup,"Action, Comedy",5.0,ok,85,average length movie
2007,Ripple Effect,"Drama, Music",5.0,ok,87,average length movie
2006,Vacationland,"Drama, Romance",5.0,ok,104,long movie
2006,Urmel aus dem Eis,"Animation, Family",5.0,ok,87,average length movie
2006,Grønne hjerter,Comedy,5.0,ok,96,average length movie
2007,Moola,"Comedy, Drama",5.0,ok,108,long movie
2007,No digas nada,Comedy,5.0,ok,90,average length movie
2006,Dark Corners,"Horror, Romance, Thriller",5.0,ok,92,average length movie
2006,Thr3e,"Drama, Horror, Mystery",5.0,ok,101,long movie
2007,Speed Dating,"Comedy, Drama, Romance",5.0,ok,85,average length movie
2007,Killing Zelda Sparks,"Comedy, Drama",5.0,ok,95,average length movie
2005,Zu zhou,Horror,5.0,ok,91,average length movie
2007,Agamista,Action,5.0,ok,120,long movie
2007,Asudem,"Action, Horror, Thriller",5.0,ok,90,average length movie
2005,Umezu Kazuo: Kyôfu gekijô - Zesshoku,Horror,5.0,ok,67,average length movie
2006,On va s'aimer,"Comedy, Musical, Romance",5.0,ok,97,average length movie
2007,Lissi und der wilde Kaiser,"Animation, Adventure, Come",5.0,ok,85,average length movie
2006,Container,Drama,5.0,ok,72,average length movie
2006,The Tripper,"Comedy, Horror",5.0,ok,93,average length movie
2008,Sucker Punch,Action,5.0,ok,92,average length movie
2007,American Zombie,"Comedy, Drama, Horror",5.0,ok,90,average length movie
2010,The Legend of Secret Pass,"Animation, Family, Fantasy",5.0,ok,92,average length movie
2008,Meet Dave,"Adventure, Comedy, Family",5.0,ok,90,average length movie
2007,Hellphone,"Comedy, Fantasy",5.0,ok,98,average length movie
2006,Yo soy la Juani,"Comedy, Drama",5.0,ok,91,average length movie
2006,Fingerprints,"Horror, Mystery, Thriller",5.0,ok,95,average length movie
2006,Duo,Comedy,5.0,ok,104,long movie
2010,Tooth Fairy,"Comedy, Family, Fantasy",5.0,ok,101,long movie
2006,L'intouchable,Drama,5.0,ok,82,average length movie
2007,The Ten,"Comedy, Romance",5.0,ok,96,average length movie
2007,Andre omgang,Drama,5.0,ok,84,average length movie
2006,Otoshimono,Horror,5.0,ok,93,average length movie
2007,Milano Palermo - Il ritorno,"Action, Crime, Drama",5.0,ok,95,average length movie
2007,Nina Frisk,Comedy,5.0,ok,83,average length movie
2007,New York City Serenade,"Comedy, Drama",5.0,ok,103,long movie
2008,Blackout,"Horror, Mystery, Thriller",5.0,ok,120,long movie
2009,American Cowslip,Comedy,5.0,ok,107,long movie
2008,The Informers,"Crime, Drama, Thriller",5.0,ok,98,average length movie
2007,Big City,"Adventure, Family, Western",5.0,ok,100,long movie
2008,Pretty Ugly People,"Comedy, Drama",5.0,ok,99,average length movie
2007,Strangers,"Drama, Romance, Thriller",5.0,ok,100,long movie
2006,Saam fun chung sin saan,Comedy,5.0,ok,93,average length movie
2006,Guadalupe,"Drama, Family, Fantasy",5.0,ok,90,average length movie
2006,Gamunui buhwal: Gamunui yeonggwang 3,"Comedy, Crime, Drama",5.0,ok,128,long movie
2007,Boogeyman 2,"Drama, Horror, Thriller",5.0,ok,93,average length movie
2008,Hindsight,Thriller,5.0,ok,93,average length movie
2007,Anfea: The Movie,"Action, Crime, Drama",5.0,ok,112,long movie
2008,Player 5150,"Action, Drama",5.0,ok,91,average length movie
2006,Game,Thriller,5.0,ok,130,long movie
2008,Around June,"Animation, Drama, Fantasy",5.0,ok,93,average length movie
2007,El club de los suicidas,Comedy,5.0,ok,100,long movie
2008,Anton,"Action, Drama, Romance",5.0,ok,95,average length movie
2007,24 mesures,Drama,5.0,ok,85,average length movie
2008,The Happening,"Drama, Mystery, Sci-Fi",5.0,ok,91,average length movie
2008,The New Twenty,Drama,5.0,ok,92,average length movie
2007,Come tu mi vuoi,Comedy,5.0,ok,107,long movie
2008,Butterfly Dreaming,"Drama, Fantasy",5.0,ok,85,average length movie
2010,Sinatra Club,"Action, Biography, Crime",5.0,ok,88,average length movie
2006,Chakushin ari final,Horror,5.0,ok,109,long movie
2010,Lottery Ticket,Comedy,5.0,ok,99,average length movie
2007,Road to Victory,"Drama, Sport",5.0,ok,99,average length movie
2008,Animal 2,"Action, Crime, Drama",5.0,ok,93,average length movie
2007,Ironiya sudby. Prodolzhenie,"Comedy, Romance",5.0,ok,115,long movie
2008,Máj,"Crime, Drama, Romance",5.0,ok,80,average length movie
2008,The Other Side of the Tracks,"Drama, Fantasy, Mystery",5.0,ok,92,average length movie
2008,The Man Who Came Back,"Action, Drama, Western",5.0,ok,112,long movie
2008,Rule of Three,"Horror, Thriller",5.0,ok,85,average length movie
2009,Fame,"Comedy, Drama, Musical",5.0,ok,107,long movie
2009,All's Faire in Love,Comedy,5.0,ok,104,long movie
2008,Fast Track: No Limits,"Action, Sport, Thriller",5.0,ok,96,average length movie
2008,Able Danger,"Crime, Drama, Thriller",5.0,ok,86,average length movie
2008,Pretty Bird,Comedy,5.0,ok,120,long movie
2008,Soccer Mom,"Comedy, Family, Sport",5.0,ok,92,average length movie
2008,J'ai rêvé sous l'eau,"Drama, Romance",5.0,ok,103,long movie
2010,Messages Deleted,"Mystery, Thriller",5.0,ok,92,average length movie
2008,15 ans et demi ...,Comedy,5.0,ok,97,average length movie
2007,Finn's Girl,"Drama, Romance",5.0,ok,88,average length movie
2009,City Rats,"Action, Comedy, Drama",5.0,ok,94,average length movie
2007,Kutsal Damacana,"Comedy, Fantasy, Horror",5.0,ok,105,long movie
2008,Sookmyeong,Drama,5.0,ok,123,long movie
2007,The Princess of Nebraska,Drama,5.0,ok,77,average length movie
2007,Mörderischer Frieden,"Drama, War",5.0,ok,91,average length movie
2008,Lønsj,Drama,5.0,ok,90,average length movie
2008,The Daisy Chain,"Drama, Horror, Thriller",5.0,ok,89,average length movie
2009,ZMD: Zombies of Mass Destruction,"Comedy, Horror, Sci-Fi",5.0,ok,89,average length movie
2008,Fetish,Thriller,5.0,ok,87,average length movie
2008,A Mulher do meu Amigo,Comedy,5.0,ok,85,average length movie
2009,Miss March,"Comedy, Romance",5.0,ok,90,average length movie
2008,Semum,"Crime, Fantasy, Horror",5.0,ok,116,long movie
2009,Aussie and Ted's Great Adventure,Family,5.0,ok,89,average length movie
2008,Freakdog,"Fantasy, Horror, Sci-Fi",5.0,ok,82,average length movie
2008,Broken Path,Action,5.0,ok,93,average length movie
2009,Obsessed,"Drama, Romance, Thriller",5.0,ok,108,long movie
2009,The Boxer,"Action, Drama, Sport",5.0,ok,94,average length movie
2009,Acid Factory,"Action, Crime, Mystery",5.0,ok,108,long movie
2008,Vacancy 2: The First Cut,"Horror, Thriller",5.0,ok,86,average length movie
2008,Questa notte è ancora nostra,Comedy,5.0,ok,98,average length movie
2009,The Hungry Ghosts,Drama,5.0,ok,105,long movie
2008,1234,"Comedy, Drama, Music",5.0,ok,82,average length movie
2009,Perkins' 14,"Horror, Thriller",5.0,ok,95,average length movie
2009,The Job,"Comedy, Drama, Thriller",5.0,ok,99,average length movie
2008,Between Something & Nothing,Drama,5.0,ok,105,long movie
2009,Stay Cool,"Comedy, Drama, Romance",5.0,ok,94,average length movie
2009,Stoic,"Crime, Drama",5.0,ok,91,average length movie
2010,Kvinden der drømte om en mand,"Drama, Romance",5.0,ok,100,long movie
2010,Daylight,"Crime, Horror, Thriller",5.0,ok,75,average length movie
2008,Iskyss,Drama,5.0,ok,82,average length movie
2010,The Prankster,Comedy,5.0,ok,118,long movie
2009,Angel of Death,"Action, Crime, Thriller",5.0,ok,77,average length movie
2008,El cielo rojo,"Comedy, Drama",5.0,ok,82,average length movie
2009,Victor,Comedy,5.0,ok,95,average length movie
2010,Meant to Be,"Comedy, Romance",5.0,ok,90,average length movie
2009,Salvage,Horror,5.0,ok,79,average length movie
2010,Our Family Wedding,"Comedy, Romance",5.0,ok,103,long movie
2009,Nowhere to Hide,"Action, Horror, Mystery",5.0,ok,92,average length movie
2008,Walang kawala,Drama,5.0,ok,97,average length movie
2010,Lamhaa: The Untold Story of Kashmir,"Action, Drama, Thriller",5.0,ok,152,long movie
2010,3 Backyards,Drama,5.0,ok,88,average length movie
2010,La posesión de Emma Evans,Horror,5.0,ok,98,average length movie
2009,À vos marques... Party! 2,"Drama, Romance",5.0,ok,110,long movie
2010,The Twilight Saga: Eclipse,"Action, Adventure, Crime",5.0,ok,124,long movie
2010,Preacher's Kid,"Drama, Music, Romance",5.0,ok,110,long movie
2008,Ai de fa sheng lian xi,Romance,5.0,ok,120,long movie
2008,Chuzhie,Drama,5.0,ok,102,long movie
2008,Black Lightning,"Comedy, Crime",5.0,ok,80,average length movie
2010,The Shouting Men,"Comedy, Drama",5.0,ok,92,average length movie
2010,Drama,Drama,5.0,ok,80,average length movie
2009,Enigma,Sci-Fi,5.0,ok,42,short movie
2009,Aa Dekhen Zara,"Action, Sci-Fi, Thriller",5.0,ok,117,long movie
2010,Jos rakastat,"Drama, Musical, Romance",5.0,ok,123,long movie
2010,Baseline,"Action, Crime, Drama",5.0,ok,96,average length movie
2009,Obitaemyy ostrov. Skhvatka,"Action, Adventure, Sci-Fi",5.0,ok,105,long movie
2010,First Dog,"Comedy, Drama, Family",5.0,ok,90,average length movie
2008,Toxic Skies,"Action, Drama, Sci-Fi",5.0,ok,90,average length movie
2010,Beneath the Dark,"Mystery, Thriller",5.0,ok,102,long movie
2010,Donnant donnant,Comedy,5.0,ok,100,long movie
2009,Paran Jai Jaliya Re,"Action, Adventure, Romance",5.0,ok,155,long movie
2010,Monogamy,"Drama, Romance",5.0,ok,96,average length movie
2009,Dead Hooker in a Trunk,Horror,5.0,ok,92,average length movie
2010,Aisha,"Comedy, Drama, Romance",5.0,ok,126,long movie
2010,Freche Mädchen 2,"Comedy, Drama, Romance",5.0,ok,96,average length movie
2009,Mohakeme dar khiaban,Drama,5.0,ok,98,average length movie
2010,Kommandør Treholt & ninjatroppen,"Action, Comedy",5.0,ok,77,average length movie
2010,Pure Country 2: The Gift,"Drama, Music, Musical",5.0,ok,112,long movie
2008,Sathyam,"Action, Drama",5.0,ok,137,long movie
2009,Lock-Load-Love,"Comedy, Romance",5.0,ok,65,average length movie
2010,Browncoats: Redemption,Sci-Fi,5.0,ok,96,average length movie
2010,Ong-bak 3,Action,5.0,ok,99,average length movie
2010,Nude,"Biography, Drama",5.0,ok,103,long movie
2010,Insoupçonnable,"Crime, Drama, Mystery",5.0,ok,95,average length movie
2010,Neverlost,"Fantasy, Thriller",5.0,ok,104,long movie
2010,Bed & Breakfast: Love is a Happy Accident,"Comedy, Romance",5.0,ok,89,average length movie
2010,Thomas & Friends: Misty Island Rescue,"Animation, Adventure, Fami",5.0,ok,60,average length movie
2010,Homme au bain,Drama,5.0,ok,72,average length movie
2010,Gosa 2,Horror,5.0,ok,84,average length movie
2010,Kutty,"Action, Drama, Romance",5.0,ok,157,long movie
2010,Atrocious,"Horror, Mystery, Thriller",5.0,ok,75,average length movie
2010,Crook: It's Good to Be Bad,"Action, Drama, Thriller",5.0,ok,121,long movie
2010,Román pro muze,Comedy,5.0,ok,100,long movie
2010,Subconscious,Horror,5.0,ok,72,average length movie
2010,Fun chin see oi,"Comedy, Drama, Romance",5.0,ok,85,average length movie
2010,Pesare Adam Dokhtare Hava,"Comedy, Romance",5.0,ok,112,long movie
2005,Les Boys IV,"Comedy, Sport",4.9,ok,121,long movie
2010,Quantum Quest: A Cassini Space Odyssey,"Animation, Adventure, Sci-",4.9,ok,45,short movie
2005,Lung do kei yuen,"Animation, Action, Adventu",4.9,ok,85,average length movie
2005,Ainoa,"Adventure, Sci-Fi",4.9,ok,95,average length movie
2007,Red Is the Color of,"Comedy, Drama, Romance",4.9,ok,87,average length movie
2005,Three,"Drama, Romance, Thriller",4.9,ok,95,average length movie
2005,The Roost,"Horror, Thriller",4.9,ok,80,average length movie
2005,The L.A. Riot Spectacular,Comedy,4.9,ok,80,average length movie
2006,My First Wedding,"Comedy, Romance",4.9,ok,94,average length movie
2007,Rise,"Action, Horror, Mystery",4.9,ok,97,average length movie
2005,Deck Dogz,"Action, Adventure, Drama",4.9,ok,90,average length movie
2006,The Celestine Prophecy,"Adventure, Drama",4.9,ok,99,average length movie
2006,Full Grown Men,"Comedy, Drama",4.9,ok,78,average length movie
2006,Threat,Drama,4.9,ok,90,average length movie
2005,Cake,"Comedy, Romance",4.9,ok,94,average length movie
2006,Kalamazoo?,Comedy,4.9,ok,107,long movie
2005,Wish You Were Here,"Drama, Thriller",4.9,ok,83,average length movie
2005,Curandero,Horror,4.9,ok,92,average length movie
2007,Moroz po kozhe,"Thriller, Drama",4.9,ok,92,average length movie
2005,Riviera,Drama,4.9,ok,94,average length movie
2005,Joyride,"Adventure, Crime, Drama",4.9,ok,87,average length movie
2005,The Cutter,"Action, Crime, Drama",4.9,ok,92,average length movie
2005,Dark Remains,Horror,4.9,ok,91,average length movie
2005,Ausentes,Thriller,4.9,ok,91,average length movie
2005,Side Effects,"Comedy, Drama, Romance",4.9,ok,90,average length movie
2006,Fat Girls,"Comedy, Drama",4.9,ok,82,average length movie
2006,Another Gay Movie,"Comedy, Romance",4.9,ok,92,average length movie
2005,Stadt als Beute,Drama,4.9,ok,93,average length movie
2005,Bang Bang Orangutang,Drama,4.9,ok,106,long movie
2007,The All Together,"Comedy, Drama, Romance",4.9,ok,84,average length movie
2005,The Gospel,"Drama, Music",4.9,ok,105,long movie
2006,Penny Dreadful,"Horror, Mystery, Thriller",4.9,ok,92,average length movie
2006,El ratón Pérez,"Animation, Adventure, Come",4.9,ok,90,average length movie
2006,The Other Half,"Comedy, Romance",4.9,ok,94,average length movie
2007,Paragraf 78,"Action, Sci-Fi, Thriller",4.9,ok,88,average length movie
2010,Drunkboat,Drama,4.9,ok,98,average length movie
2006,Disappearances,"Action, Adventure, Drama",4.9,ok,118,long movie
2006,The Moment After II: The Awakening,"Drama, Sci-Fi, Thriller",4.9,ok,93,average length movie
2005,Hill 16,"Comedy, Thriller",4.9,ok,125,long movie
2005,Qing dian da sheng,"Action, Comedy, Drama",4.9,ok,106,long movie
2006,Summer School,Horror,4.9,ok,89,average length movie
2005,Chung buk ji,"Fantasy, Musical, Romance",4.9,ok,97,average length movie
2006,Kami no hidarite akuma no migite,"Fantasy, Horror, Thriller",4.9,ok,94,average length movie
2007,Forfeit,"Drama, Thriller",4.9,ok,84,average length movie
2006,Camping,Comedy,4.9,ok,95,average length movie
2006,L'école pour tous,Comedy,4.9,ok,97,average length movie
2005,Tomie: Beginning,Horror,4.9,ok,74,average length movie
2005,Shikhar,Drama,4.9,ok,162,long movie
2008,Amusement,"Action, Comedy, Crime",4.9,ok,85,average length movie
2008,Noble Things,Drama,4.9,ok,98,average length movie
2006,Mr. Gibb,"Comedy, Mystery",4.9,ok,90,average length movie
2005,Rastegari dar 8:20,"Crime, Drama",4.9,ok,107,long movie
2006,Van Wilder 2: The Rise of Taj,"Comedy, Romance",4.9,ok,97,average length movie
2007,A2Z,"Action, Drama",4.9,ok,85,average length movie
2007,The Third Nail,"Crime, Drama",4.9,ok,91,average length movie
2006,Brasília 18%,Drama,4.9,ok,102,long movie
2007,Cherche fiancé tous frais payés,Comedy,4.9,ok,92,average length movie
2008,Dante 01,"Sci-Fi, Thriller",4.9,ok,82,average length movie
2005,Umezu Kazuo: Kyôfu gekijô - Purezento,Horror,4.9,ok,49,short movie
2006,Zinda,"Action, Drama, Mystery",4.9,ok,116,long movie
2008,The Grift,"Action, Drama, Horror",4.9,ok,109,long movie
2005,Strange Aeons: The Thing on the Doorstep,"Horror, Thriller",4.9,ok,78,average length movie
2007,If I Didn't Care,Mystery,4.9,ok,75,average length movie
2006,Tylko mnie kochaj,"Comedy, Romance",4.9,ok,98,average length movie
2007,Slipstream,"Comedy, Drama, Fantasy",4.9,ok,96,average length movie
2008,Labou,Family,4.9,ok,95,average length movie
2006,The Insurgents,"Drama, Thriller",4.9,ok,82,average length movie
2007,The Wizard of Gore,"Horror, Mystery",4.9,ok,94,average length movie
2006,Dragones: destino de fuego,"Animation, Adventure, Fant",4.9,ok,80,average length movie
2006,Phairii phinaat paa mawrana,"Action, Horror, Thriller",4.9,ok,99,average length movie
2005,Un día sin sexo,Drama,4.9,ok,86,average length movie
2006,Deck the Halls,"Comedy, Family",4.9,ok,93,average length movie
2008,Proyecto Dos,Thriller,4.9,ok,97,average length movie
2007,Frank,Family,4.9,ok,90,average length movie
2006,Zoop in India,"Adventure, Comedy, Drama",4.9,ok,103,long movie
2007,Pool Party,Comedy,4.9,ok,92,average length movie
2006,Inga tårar,Drama,4.9,ok,85,average length movie
2006,Thuruppu Gulan,"Action, Comedy",4.9,ok,140,long movie
2006,Ro(c)k podvratáku,"Comedy, Crime",4.9,ok,104,long movie
2006,Eve giden yol 1914,"Drama, History, War",4.9,ok,98,average length movie
2005,I gynaika einai... skliros anthropos,"Comedy, Drama",4.9,ok,100,long movie
2006,Bunny Chow: Know Thyself,Comedy,4.9,ok,92,average length movie
2007,The Devil's Chair,Horror,4.9,ok,91,average length movie
2008,Dough Boys,"Drama, Family",4.9,ok,90,average length movie
2007,Sex and Breakfast,"Comedy, Drama, Romance",4.9,ok,81,average length movie
2008,Gong fu guan lan,"Comedy, Sport",4.9,ok,100,long movie
2007,Je déteste les enfants des autres,Comedy,4.9,ok,90,average length movie
2006,Secret of the Cave,Adventure,4.9,ok,88,average length movie
2010,"Surprise, Surprise",Drama,4.9,ok,83,average length movie
2006,Devadasu,Romance,4.9,ok,175,long movie
2007,L'âge d'homme... maintenant ou jamais!,"Comedy, Drama",4.9,ok,88,average length movie
2008,For the Love of a Dog,Family,4.9,ok,90,average length movie
2007,Zoop in Zuid-Amerika,Adventure,4.9,ok,91,average length movie
2007,Saiyûki,"Adventure, Fantasy, Histor",4.9,ok,120,long movie
2006,Ezdevaj be sabke irani,"Comedy, Drama, Romance",4.9,ok,110,long movie
2006,Rendu,Comedy,4.9,ok,153,long movie
2006,R U Invited?,"Comedy, Drama, Romance",4.9,ok,85,average length movie
2008,Myrsky,"Drama, Family",4.9,ok,95,average length movie
2008,Kolmistaan,"Drama, Romance",4.9,ok,94,average length movie
2010,Multiple Sarcasms,Drama,4.9,ok,97,average length movie
2007,Underbar och älskad av alla (och på jobbet går det ,"Comedy, Drama",4.9,ok,106,long movie
2006,Pethainontas stin Athina,"Drama, Musical, Romance",4.9,ok,103,long movie
2009,2:13,"Drama, Mystery, Thriller",4.9,ok,96,average length movie
2007,Ji yin jue ding wo ai ni,"Comedy, Romance, Sci-Fi",4.9,ok,95,average length movie
2007,Tutte le donne della mia vita,Comedy,4.9,ok,105,long movie
2008,Frat House Massacre,"Horror, Thriller",4.9,ok,116,long movie
2007,Kuaile gongchang,Drama,4.9,ok,88,average length movie
2008,Stiletto,"Action, Crime, Drama",4.9,ok,99,average length movie
2007,Radio Corazón,Comedy,4.9,ok,107,long movie
2008,Kiru,Action,4.9,ok,82,average length movie
2008,Parlami d'amore,"Comedy, Romance",4.9,ok,109,long movie
2009,Yonayona pengin,"Animation, Adventure, Fami",4.9,ok,87,average length movie
2008,Journal of a Contract Killer,"Action, Crime, Drama",4.9,ok,90,average length movie
2008,Tales of the Riverbank,"Animation, Family",4.9,ok,76,average length movie
2009,Eyeborgs,"Action, Crime, Horror",4.9,ok,102,long movie
2009,Year One,Comedy,4.9,ok,97,average length movie
2007,K3 en de kattenprins,"Adventure, Comedy, Family",4.9,ok,73,average length movie
2007,Inesquecível,Drama,4.9,ok,90,average length movie
2009,Reykjavik Whale Watching Massacre,"Comedy, Horror",4.9,ok,90,average length movie
2010,Happiness Runs,Drama,4.9,ok,88,average length movie
2008,Happy Together,Drama,4.9,ok,95,average length movie
2006,Ojisan tengoku,"Comedy, Drama, Fantasy",4.9,ok,64,average length movie
2008,Beyond the Dunwich Horror,Horror,4.9,ok,104,long movie
2008,Red Velvet,Horror,4.9,ok,87,average length movie
2007,Tomie vs Tomie,Horror,4.9,ok,86,average length movie
2008,When Life Was Good,"Comedy, Drama",4.9,ok,86,average length movie
2008,Sangre de mayo,History,4.9,ok,152,long movie
2007,Dhan Dhana Dhan Goal,"Drama, Sport",4.9,ok,167,long movie
2009,Asylum Seekers,"Comedy, Fantasy",4.9,ok,90,average length movie
2009,Survival of the Dead,"Comedy, Drama, Horror",4.9,ok,90,average length movie
2008,Sasori,Action,4.9,ok,101,long movie
2008,Rallybrudar,Comedy,4.9,ok,99,average length movie
2008,Krishnarjuna,"Comedy, Drama, Romance",4.9,ok,134,long movie
2008,To gamilio party,"Comedy, Romance",4.9,ok,89,average length movie
2009,Anytown,"Crime, Drama, Thriller",4.9,ok,85,average length movie
2008,Lao shi jia lao da,Comedy,4.9,ok,158,long movie
2010,Kung Fu Magoo,Animation,4.9,ok,79,average length movie
2008,Thoda Pyaar Thoda Magic,"Comedy, Drama, Family",4.9,ok,145,long movie
2010,Get Educated: Paathshaala,"Drama, Family",4.9,ok,122,long movie
2008,Kantri,Action,4.9,ok,166,long movie
2008,Confessions of a Porn Addict,Comedy,4.9,ok,80,average length movie
2008,Serce na dloni,"Comedy, Drama",4.9,ok,96,average length movie
2009,Cruzando,"Adventure, Comedy, Drama",4.9,ok,95,average length movie
2008,The Art of Being Straight,"Comedy, Drama, Romance",4.9,ok,67,average length movie
2008,Aleksandr. Nevskaya bitva,"Action, Adventure, History",4.9,ok,110,long movie
2009,The Assistants,Comedy,4.9,ok,100,long movie
2009,Dark House,"Horror, Thriller",4.9,ok,85,average length movie
2007,The Shadow Within,"Horror, Thriller",4.9,ok,90,average length movie
2009,The Break-Up Artist,"Comedy, Romance",4.9,ok,105,long movie
2010,Rogues Gallery,"Action, Comedy",4.9,ok,87,average length movie
2009,Under the Mountain,"Adventure, Drama, Fantasy",4.9,ok,90,average length movie
2008,No moriré sola,"Horror, Thriller",4.9,ok,86,average length movie
2009,Mia's Father,Drama,4.9,ok,84,average length movie
2008,Geisha vs ninja,"Action, Drama",4.9,ok,78,average length movie
2009,Halloween II,Horror,4.9,ok,105,long movie
2009,Women Do It Better,Comedy,4.9,ok,93,average length movie
2010,Gulliver's Travels,"Adventure, Comedy, Family",4.9,ok,85,average length movie
2008,Ochen russkiy detektiv,"Comedy, Crime, Mystery",4.9,ok,100,long movie
2010,The Prometheus Project,"Horror, Sci-Fi",4.9,ok,87,average length movie
2008,Sicak,"Action, Crime, Drama",4.9,ok,123,long movie
2009,RTT,"Comedy, Romance",4.9,ok,88,average length movie
2009,How to Survive,"Adventure, Drama",4.9,ok,91,average length movie
2010,Forged,"Action, Drama",4.9,ok,77,average length movie
2009,Greek Pete,"Drama, Romance",4.9,ok,75,average length movie
2009,Felicitas,"Drama, History",4.9,ok,128,long movie
2009,2084,"Horror, Sci-Fi, Thriller",4.9,ok,83,average length movie
2009,Sabor tropical,"Drama, Thriller",4.9,ok,119,long movie
2009,The Uh-oh Show,"Comedy, Horror",4.9,ok,87,average length movie
2010,The Best and the Brightest,Comedy,4.9,ok,93,average length movie
2010,Primal,"Horror, Thriller",4.9,ok,80,average length movie
2009,Luna caliente,"Drama, Thriller",4.9,ok,88,average length movie
2010,Vanishing on 7th Street,"Horror, Mystery, Thriller",4.9,ok,92,average length movie
2010,Die,"Crime, Drama, Mystery",4.9,ok,91,average length movie
2009,Janosik. Prawdziwa historia,"Drama, Romance, Adventure",4.9,ok,140,long movie
2010,Brilliantlove,"Drama, Romance",4.9,ok,97,average length movie
2010,Cherry Tree Lane,"Horror, Thriller",4.9,ok,77,average length movie
2010,El diario de Carlota,"Comedy, Family",4.9,ok,110,long movie
2010,Hanna's Gold,"Adventure, Family",4.9,ok,92,average length movie
2009,Gakkô ura saito,Horror,4.9,ok,109,long movie
2009,LOpuKHI,Comedy,4.9,ok,85,average length movie
2009,Tum Mile,"Drama, Romance",4.9,ok,140,long movie
2009,Kanthaswamy,Action,4.9,ok,190,epic movie
2009,Perfidia,Drama,4.9,ok,84,average length movie
2009,I Am Here... Now,"Crime, Drama, Fantasy",4.9,ok,87,average length movie
2010,La lisière,Drama,4.9,ok,100,long movie
2010,Esrefpasalilar,"Comedy, Drama",4.9,ok,100,long movie
2010,Rewind,Thriller,4.9,ok,80,average length movie
2010,Paappi Appachaa,"Comedy, Drama",4.9,ok,161,long movie
2010,Sella Turcica,"Horror, Thriller",4.9,ok,106,long movie
2010,Shahrukh Bola 'Khoobsurat Hai Tu'... And She Believ,"Comedy, Drama",4.9,ok,89,average length movie
2010,Je suis un no man's land,Comedy,4.9,ok,92,average length movie
2010,Oru Naal Varum,"Comedy, Drama",4.9,ok,150,long movie
2009,Padikkathavan,Action,4.9,ok,163,long movie
2005,Shooting Vegetarians,"Comedy, Drama",4.8,ok,76,average length movie
2005,Angels with Angles,Comedy,4.8,ok,87,average length movie
2006,Humko Tumse Pyaar Hai,"Drama, Romance",4.8,ok,128,long movie
2005,"Jesus, Mary and Joey","Comedy, Romance",4.8,ok,105,long movie
2006,Neil's Party,"Comedy, Drama",4.8,ok,89,average length movie
2007,Marigold,"Comedy, Romance",4.8,ok,110,long movie
2005,Monobloc,Drama,4.8,ok,83,average length movie
2005,Sex Sells: The Making of 'Touché',"Comedy, Romance",4.8,ok,96,average length movie
2005,Searching for Bobby D,"Adventure, Comedy",4.8,ok,105,long movie
2005,Bewitched,"Comedy, Fantasy, Romance",4.8,ok,102,long movie
2005,The Californians,Drama,4.8,ok,87,average length movie
2006,DOA: Dead or Alive,"Action, Adventure",4.8,ok,87,average length movie
2005,Herbie Fully Loaded,"Adventure, Comedy, Family",4.8,ok,101,long movie
2005,Love Wrecked,"Adventure, Comedy, Romance",4.8,ok,87,average length movie
2010,Tekken,"Action, Crime, Drama",4.8,ok,87,average length movie
2005,Matrimonium,Comedy,4.8,ok,88,average length movie
2005,L'amour aux trousses,"Crime, Comedy, Romance",4.8,ok,93,average length movie
2007,Video Kings,Comedy,4.8,ok,100,long movie
2006,Tre,"Drama, Romance",4.8,ok,87,average length movie
2005,Trip Out,Drama,4.8,ok,93,average length movie
2005,Il était une fois dans l'oued,Comedy,4.8,ok,93,average length movie
2006,Splinter,"Crime, Thriller",4.8,ok,90,average length movie
2006,Toute la beauté du monde,"Comedy, Drama",4.8,ok,103,long movie
2007,The Picture of Dorian Gray,"Mystery, Thriller",4.8,ok,97,average length movie
2007,Virgin Territory,"Adventure, Comedy, History",4.8,ok,97,average length movie
2005,Dil Jo Bhi Kahey...,"Drama, Romance",4.8,ok,144,long movie
2005,El sueño de una noche de San Juan,"Animation, Drama, Romance",4.8,ok,85,average length movie
2005,Melissa P.,Drama,4.8,ok,100,long movie
2006,Slippery Slope,Comedy,4.8,ok,80,average length movie
2006,Le concile de pierre,"Adventure, Crime, Drama",4.8,ok,102,long movie
2005,Redeu-ai,Horror,4.8,ok,96,average length movie
2005,Es ist ein Elch entsprungen,"Comedy, Family, Fantasy",4.8,ok,90,average length movie
2007,Die Aufschneider,Comedy,4.8,ok,92,average length movie
2006,The Redsin Tower,Horror,4.8,ok,87,average length movie
2006,Kardia,Drama,4.8,ok,85,average length movie
2007,Dustclouds,Drama,4.8,ok,142,long movie
2005,Chocolate: Deep Dark Secrets,"Crime, Drama, Mystery",4.8,ok,160,long movie
2006,Pulse,"Horror, Sci-Fi",4.8,ok,90,average length movie
2005,The Great Ecstasy of Robert Carmichael,"Crime, Drama",4.8,ok,96,average length movie
2009,Cold Storage,"Drama, Horror, Thriller",4.8,ok,96,average length movie
2007,Descent,"Drama, Thriller",4.8,ok,104,long movie
2006,Animals ferits,Drama,4.8,ok,94,average length movie
2005,Hit Me,"Crime, Thriller",4.8,ok,80,average length movie
2007,First Born,"Drama, Horror, Mystery",4.8,ok,95,average length movie
2006,Hanbando,"Drama, Mystery, Thriller",4.8,ok,147,long movie
2006,Aksar,"Drama, Romance, Thriller",4.8,ok,135,long movie
2006,Potseluy babochki,"Action, Crime, Romance",4.8,ok,105,long movie
2006,Mechenosets,"Action, Romance, Sci-Fi",4.8,ok,108,long movie
2005,Kinetta,Drama,4.8,ok,95,average length movie
2006,The Return,"Comedy, Drama, Romance",4.8,ok,105,long movie
2007,Totally Baked,"Action, Comedy, Crime",4.8,ok,88,average length movie
2006,"Bullets, Blood & a Fistful of Ca$h","Action, Crime",4.8,ok,115,long movie
2006,Flourish,"Comedy, Drama, Mystery",4.8,ok,95,average length movie
2008,A Good Day to Be Black & Sexy,"Drama, Romance",4.8,ok,92,average length movie
2007,The Seeker: The Dark Is Rising,"Adventure, Drama, Family",4.8,ok,99,average length movie
2008,Killing Ariel,"Horror, Thriller",4.8,ok,90,average length movie
2009,Lynch Mob,Horror,4.8,ok,99,average length movie
2007,Arritmia,"Drama, Fantasy, Mystery",4.8,ok,89,average length movie
2007,Shadow Puppets,"Horror, Thriller",4.8,ok,105,long movie
2009,The Wild Stallion,"Drama, Family",4.8,ok,82,average length movie
2006,Annavaram,"Action, Drama",4.8,ok,175,long movie
2006,Devil's Den,"Action, Comedy, Fantasy",4.8,ok,84,average length movie
2008,Baggage,Drama,4.8,ok,110,long movie
2006,Body Rice,Drama,4.8,ok,120,long movie
2006,The Marsh,"Horror, Thriller",4.8,ok,92,average length movie
2007,If I Had Known I Was a Genius,"Comedy, Drama",4.8,ok,102,long movie
2006,Night Feeders,Horror,4.8,ok,83,average length movie
2008,Vice,"Crime, Drama, Mystery",4.8,ok,99,average length movie
2007,Primeval,"Action, Adventure, Crime",4.8,ok,93,average length movie
2007,Flood,"Action, Drama, Thriller",4.8,ok,110,long movie
2008,An American in China,"Comedy, Drama, Romance",4.8,ok,90,average length movie
2007,Love... & Other 4 Letter Words,"Comedy, Romance",4.8,ok,87,average length movie
2007,Breakout,"Drama, Music",4.8,ok,100,long movie
2009,Spring Breakdown,"Comedy, Romance",4.8,ok,84,average length movie
2006,Roméo et Juliette,Drama,4.8,ok,105,long movie
2006,Laa-thaa-phii,Horror,4.8,ok,100,long movie
2006,The Sex Movie,Drama,4.8,ok,84,average length movie
2007,Jean de La Fontaine - Le défi,"Biography, History",4.8,ok,100,long movie
2008,The Spirit,"Action, Adventure, Crime",4.8,ok,103,long movie
2007,I Do & I Don't,Comedy,4.8,ok,84,average length movie
2008,Say Goodnight,Comedy,4.8,ok,85,average length movie
2007,Careless,"Comedy, Mystery, Romance",4.8,ok,90,average length movie
2007,Rennschwein Rudi Rüssel 2 - Rudi rennt wieder!,Family,4.8,ok,97,average length movie
2007,Apartment 1303,Horror,4.8,ok,94,average length movie
2007,The Mad,"Action, Comedy, Horror",4.8,ok,83,average length movie
2007,La disparue de Deauville,"Crime, Drama",4.8,ok,103,long movie
2010,My Soul to Take,"Horror, Mystery, Thriller",4.8,ok,107,long movie
2009,All About Steve,"Comedy, Romance",4.8,ok,99,average length movie
2008,While She Was Out,"Crime, Drama, Horror",4.8,ok,86,average length movie
2007,56 csepp vér,Musical,4.8,ok,90,average length movie
2008,Conjurer,"Horror, Thriller",4.8,ok,100,long movie
2008,Sam hoi tsam yan,"Drama, Fantasy, Horror",4.8,ok,118,long movie
2010,Don't Fade Away,Drama,4.8,ok,89,average length movie
2007,Salir pitando,"Adventure, Comedy, Sport",4.8,ok,96,average length movie
2007,Tooth and Nail,"Drama, Horror, Thriller",4.8,ok,94,average length movie
2008,Milos Brankovic,Thriller,4.8,ok,88,average length movie
2007,Jeuk sing 3 gi ji mor sam bak fan,Comedy,4.8,ok,91,average length movie
2007,Timboektoe,"Drama, Family, Romance",4.8,ok,110,long movie
2008,Flick,"Comedy, Crime, Horror",4.8,ok,92,average length movie
2009,Breaking Point,"Action, Crime, Drama",4.8,ok,93,average length movie
2009,Modus Operandi,"Crime, Thriller",4.8,ok,80,average length movie
2008,Chemical Wedding,"Horror, Mystery, Sci-Fi",4.8,ok,109,long movie
2010,The Land of the Astronauts,Drama,4.8,ok,102,long movie
2007,Christmas in Wonderland,"Comedy, Crime, Family",4.8,ok,95,average length movie
2007,House of Fears,"Horror, Thriller",4.8,ok,86,average length movie
2007,Roanoke: The Lost Colony,"Drama, History",4.8,ok,86,average length movie
2009,Imago mortis,"Horror, Mystery, Thriller",4.8,ok,96,average length movie
2007,Radiopiratene,"Comedy, Family",4.8,ok,85,average length movie
2007,Video Clip,"Drama, Thriller",4.8,ok,78,average length movie
2005,Kannô byôtô: nureta akai kuchibiru,"Drama, Horror, Thriller",4.8,ok,63,average length movie
2008,Death in Love,"Drama, Romance, War",4.8,ok,97,average length movie
2008,Stag Night,"Horror, Thriller",4.8,ok,84,average length movie
2007,He yue qing ren,"Comedy, Romance",4.8,ok,94,average length movie
2009,Footprints,"Drama, Mystery",4.8,ok,80,average length movie
2010,Once Fallen,Crime,4.8,ok,93,average length movie
2008,No Man's Land: The Rise of Reeker,"Horror, Thriller",4.8,ok,88,average length movie
2007,Paragraf 78 - Film vtoroy,"Action, Sci-Fi, Thriller",4.8,ok,90,average length movie
2009,Walled In,"Horror, Thriller",4.8,ok,91,average length movie
2009,The Commune,"Comedy, Horror, Mystery",4.8,ok,91,average length movie
2008,Magique!,Comedy,4.8,ok,91,average length movie
2009,Not Forgotten,"Horror, Thriller",4.8,ok,96,average length movie
2008,3-Day Weekend,"Drama, Romance",4.8,ok,84,average length movie
2009,The Unborn,"Drama, Horror, Mystery",4.8,ok,88,average length movie
2008,Divina confusión,"Comedy, Drama",4.8,ok,105,long movie
2008,Hu die fei,"Drama, Romance",4.8,ok,88,average length movie
2009,Amar,Drama,4.8,ok,107,long movie
2009,Murder Loves Killers Too,"Horror, Thriller",4.8,ok,75,average length movie
2008,Beer for My Horses,"Action, Comedy, Crime",4.8,ok,86,average length movie
2007,Baklava,"Adventure, Drama, Music",4.8,ok,106,long movie
2008,Truth Hall,Drama,4.8,ok,88,average length movie
2008,Warten auf Angelina,Comedy,4.8,ok,89,average length movie
2008,The Lost Coast,Drama,4.8,ok,74,average length movie
2008,Oneechanbara: The Movie,"Action, Horror",4.8,ok,80,average length movie
2008,Daybreak,Romance,4.8,ok,75,average length movie
2008,Sommer,"Comedy, Drama, Romance",4.8,ok,99,average length movie
2009,Jue ming pai dui,"Horror, Romance",4.8,ok,95,average length movie
2008,Jak zyc?,"Comedy, Drama",4.8,ok,90,average length movie
2009,Labor Pains,"Comedy, Romance",4.8,ok,89,average length movie
2009,Kicks,Drama,4.8,ok,82,average length movie
2010,Nic & Tristan Go Mega Dega,Family,4.8,ok,77,average length movie
2009,Luck,"Action, Adventure, Drama",4.8,ok,141,long movie
2009,Al final del camino,Comedy,4.8,ok,100,long movie
2009,Pihalla,Drama,4.8,ok,93,average length movie
2009,Flores negras,Thriller,4.8,ok,104,long movie
2009,You Wont Miss Me,"Comedy, Drama",4.8,ok,81,average length movie
2007,Potseluy sestry,"Drama, Romance",4.8,ok,50,short movie
2009,Operace Dunaj,"Comedy, Drama",4.8,ok,104,long movie
2009,Offspring,Horror,4.8,ok,79,average length movie
2008,Ryan and Sean's Not So Excellent Adventure,Comedy,4.8,ok,80,average length movie
2009,Fuga de cerebros,"Comedy, Romance",4.8,ok,104,long movie
2008,Colin,"Action, Drama, Horror",4.8,ok,97,average length movie
2009,Ghost Machine,"Action, Sci-Fi, Thriller",4.8,ok,100,long movie
2009,Ga yau hei si 2009,Comedy,4.8,ok,100,long movie
2009,Did You Hear About the Morgans?,"Comedy, Drama, Romance",4.8,ok,103,long movie
2006,The Ante,"Comedy, Crime, Drama",4.8,ok,82,average length movie
2010,La meute,Horror,4.8,ok,84,average length movie
2010,Luster,"Horror, Thriller",4.8,ok,81,average length movie
2008,Älska mig,"Drama, Romance",4.8,ok,77,average length movie
2009,Ai dao di,"Comedy, Drama, Romance",4.8,ok,93,average length movie
2010,Locked In,"Drama, Thriller",4.8,ok,85,average length movie
2010,Altitude,"Horror, Mystery, Sci-Fi",4.8,ok,90,average length movie
2008,Lyubov 2 Morkov,"Comedy, Fantasy",4.8,ok,100,long movie
2010,Rio Sex Comedy,"Comedy, Drama",4.8,ok,124,long movie
2009,Jian guo da ye,"Drama, History, War",4.8,ok,138,long movie
2009,Bangkok Adrenaline,"Action, Comedy",4.8,ok,90,average length movie
2009,Papá por un día,Comedy,4.8,ok,103,long movie
2010,Unrequited,"Drama, Thriller",4.8,ok,115,long movie
2009,Ek: The Power of One,"Action, Drama, Thriller",4.8,ok,140,long movie
2010,The Wedding Party,"Comedy, Drama",4.8,ok,97,average length movie
2010,"Ensemble, nous allons vivre une très, très grande h",Comedy,4.8,ok,99,average length movie
2010,Transparency,"Action, Crime, Drama",4.8,ok,96,average length movie
2009,"Wlatcy móch: Cmoki, czopki i mondzioly","Animation, Comedy",4.8,ok,92,average length movie
2008,Entre sábanas,"Drama, Romance",4.8,ok,98,average length movie
2009,Zhui ying,"Action, Comedy",4.8,ok,89,average length movie
2010,Brownian Movement,"Drama, Romance",4.8,ok,97,average length movie
2009,Nigdy nie mów nigdy,"Comedy, Romance",4.8,ok,102,long movie
2009,Gecenin Kanatlari,"Drama, Romance, Thriller",4.8,ok,97,average length movie
2010,Needle,"Horror, Mystery, Thriller",4.8,ok,90,average length movie
2009,Pikap: Sem bez pravil,Comedy,4.8,ok,80,average length movie
2009,Anjaneyulu,"Action, Comedy, Crime",4.8,ok,143,long movie
2009,Al saffah,Drama,4.8,ok,120,long movie
2010,The Corridor,"Drama, Horror, Sci-Fi",4.8,ok,98,average length movie
2010,Sukeban hantâzu: Sôkatsu nagurikomi sakusen,"Action, Crime, Drama",4.8,ok,93,average length movie
2010,Konferenz der Tiere,"Animation, Adventure, Come",4.8,ok,93,average length movie
2010,Frihed på prøve,"Comedy, Drama",4.8,ok,95,average length movie
2010,Kyôfu,"Horror, Sci-Fi",4.8,ok,94,average length movie
2010,Mandie and the Cherokee Treasure,"Action, Adventure, Family",4.8,ok,104,long movie
2010,Dong feng yu,"Drama, War",4.8,ok,116,long movie
2010,Pokkiri Raja,"Action, Comedy, Drama",4.8,ok,136,long movie
2010,Sudor frío,"Horror, Thriller",4.8,ok,80,average length movie
2010,Ashes,"Horror, Sci-Fi, Thriller",4.8,ok,95,average length movie
2010,The Kate Logan Affair,"Drama, Thriller",4.8,ok,85,average length movie
2010,100 Years of Evil,"Adventure, Comedy, History",4.8,ok,80,average length movie
2010,28 Hours Later: The Zombie Movie,"Action, Comedy, Horror",4.8,ok,56,short movie
2007,Russkaya Lolita,"Drama, Romance",4.8,ok,93,average length movie
2006,Go!Animate the Movie,"Animation, Action, Adventu",4.8,ok,99,average length movie
2005,Going Shopping,"Drama, Romance",4.7,ok,106,long movie
2005,Dot.Kill,"Crime, Drama, Thriller",4.7,ok,87,average length movie
2005,The Trouble with Men and Women,"Drama, Romance",4.7,ok,80,average length movie
2007,Fighting Words,"Drama, Romance",4.7,ok,89,average length movie
2005,Elektra,"Action, Adventure, Crime",4.7,ok,97,average length movie
2005,Deuce Bigalow: European Gigolo,Comedy,4.7,ok,83,average length movie
2005,Are We There Yet?,"Adventure, Comedy, Family",4.7,ok,95,average length movie
2007,Captivity,"Crime, Drama, Horror",4.7,ok,96,average length movie
2007,Home Sick,Horror,4.7,ok,89,average length movie
2005,Pogled sa Ajfelovog tornja,"Drama, Romance",4.7,ok,92,average length movie
2006,Aimee Semple McPherson,"Biography, Drama",4.7,ok,110,long movie
2006,My Bollywood Bride,"Comedy, Drama, Romance",4.7,ok,95,average length movie
2007,Wild Girls Gone,Comedy,4.7,ok,93,average length movie
2005,37 og et halvt,"Drama, Comedy",4.7,ok,101,long movie
2005,Akoibon,"Comedy, Adventure, Romance",4.7,ok,95,average length movie
2006,The Virgin of Juarez,"Crime, Drama",4.7,ok,90,average length movie
2006,The Marine,"Action, Comedy, Drama",4.7,ok,92,average length movie
2006,Big Momma's House 2,"Comedy, Crime",4.7,ok,99,average length movie
2005,Song of the Dead,"Musical, Horror",4.7,ok,96,average length movie
2005,Blízko nebe,"Comedy, Drama",4.7,ok,96,average length movie
2005,Perception,Drama,4.7,ok,101,long movie
2006,The Legend of Lucy Keyes,"Drama, Thriller",4.7,ok,93,average length movie
2005,La vie est à nous!,Comedy,4.7,ok,100,long movie
2006,The Return,"Horror, Mystery, Thriller",4.7,ok,85,average length movie
2006,Push,"Crime, Drama, Thriller",4.7,ok,105,long movie
2006,Pacala se întoarce,Comedy,4.7,ok,150,long movie
2006,Paid,"Crime, Romance, Thriller",4.7,ok,100,long movie
2007,Spiritual Warriors,"Adventure, Sci-Fi",4.7,ok,120,long movie
2005,Main Aisa Hi Hoon,"Drama, Family, Musical",4.7,ok,162,long movie
2005,Sunnyvale,"Comedy, Romance",4.7,ok,75,average length movie
2006,Mare nero,"Drama, Romance",4.7,ok,83,average length movie
2005,Finger Print,"Crime, Mystery, Thriller",4.7,ok,111,long movie
2005,Lucky: No Time for Love,"Musical, Drama, Romance",4.7,ok,180,epic movie
2005,Boss'n Up,"Musical, Drama",4.7,ok,88,average length movie
2007,Loveless in Los Angeles,"Comedy, Romance",4.7,ok,95,average length movie
2006,The Santa Clause 3: The Escape Clause,"Adventure, Comedy, Family",4.7,ok,97,average length movie
2005,Mongjunggi 2,Comedy,4.7,ok,101,long movie
2006,Chingaari,Drama,4.7,ok,155,long movie
2006,Broken,"Horror, Thriller",4.7,ok,110,long movie
2005,Gin gwai 10,"Comedy, Horror",4.7,ok,86,average length movie
2006,The Standard,Drama,4.7,ok,88,average length movie
2007,"Teresa, el cuerpo de Cristo",Drama,4.7,ok,97,average length movie
2006,Driftwood,"Horror, Mystery, Thriller",4.7,ok,90,average length movie
2007,Prisoner,"Horror, Thriller",4.7,ok,95,average length movie
2006,Sök,Drama,4.7,ok,94,average length movie
2006,The Lives of the Saints,"Comedy, Drama",4.7,ok,97,average length movie
2006,Unnatural & Accidental,"Crime, Drama, Mystery",4.7,ok,90,average length movie
2007,Underdog,"Action, Adventure, Comedy",4.7,ok,84,average length movie
2007,Prey,"Adventure, Drama, Horror",4.7,ok,92,average length movie
2005,Buss till Italien,"Adventure, Drama",4.7,ok,89,average length movie
2008,Short Track,"Comedy, Family",4.7,ok,100,long movie
2006,Babas bilar,"Action, Comedy",4.7,ok,90,average length movie
2005,The Cabin Movie,"Comedy, Drama",4.7,ok,90,average length movie
2006,Trapped Ashes,Horror,4.7,ok,105,long movie
2005,The Goal,"Biography, Drama, Family",4.7,ok,100,long movie
2006,Lime Salted Love,Drama,4.7,ok,120,long movie
2007,Noé bárkája,"Comedy, Drama",4.7,ok,104,long movie
2007,El búfalo de la noche,Drama,4.7,ok,102,long movie
2007,Dark Mirror,"Horror, Thriller",4.7,ok,86,average length movie
2006,Guilty Hearts,Drama,4.7,ok,180,epic movie
2005,Yôgisha: Muroi Shinji,"Comedy, Crime, Mystery",4.7,ok,117,long movie
2005,In Memorium,Horror,4.7,ok,73,average length movie
2007,Shrooms,"Comedy, Horror, Mystery",4.7,ok,84,average length movie
2006,Kalde føtter,Comedy,4.7,ok,80,average length movie
2007,Weapons,"Crime, Drama",4.7,ok,83,average length movie
2006,Att göra en pudel,"Comedy, Romance",4.7,ok,92,average length movie
2007,Zombie Farm,Horror,4.7,ok,81,average length movie
2006,Chai lai,"Action, Comedy",4.7,ok,102,long movie
2007,AVPR: Aliens vs Predator - Requiem,"Action, Horror, Sci-Fi",4.7,ok,94,average length movie
2006,The Legend of Simon Conjurer,"Action, Thriller",4.7,ok,137,long movie
2006,Honeymoon with Mom,Comedy,4.7,ok,120,long movie
2009,I Hate Valentine's Day,"Comedy, Romance",4.7,ok,98,average length movie
2007,X's & O's,"Comedy, Drama, Romance",4.7,ok,93,average length movie
2006,Francuski numer,"Comedy, Crime",4.7,ok,99,average length movie
2005,Zulo,"Drama, Thriller",4.7,ok,82,average length movie
2006,36 pasos,Horror,4.7,ok,98,average length movie
2009,The Pool Boys,Comedy,4.7,ok,107,long movie
2007,The Ferryman,"Fantasy, Horror, Thriller",4.7,ok,100,long movie
2006,In the Blood,"Horror, Thriller",4.7,ok,82,average length movie
2005,Saishû heiki kanojo,"Action, Fantasy, Sci-Fi",4.7,ok,120,long movie
2008,The Wild Man of the Navidad,"Drama, Horror, Mystery",4.7,ok,86,average length movie
2006,La coupure,Drama,4.7,ok,84,average length movie
2009,Frame of Mind,Drama,4.7,ok,88,average length movie
2007,S.O.S. szerelem!,"Comedy, Romance",4.7,ok,96,average length movie
2008,The Devil's Dominoes,Thriller,4.7,ok,90,average length movie
2008,The Plex,Comedy,4.7,ok,95,average length movie
2009,Ready or Not,Comedy,4.7,ok,88,average length movie
2007,Die Schatzinsel,Adventure,4.7,ok,186,epic movie
2007,Oviedo Express,"Comedy, Romance",4.7,ok,109,long movie
2006,To a Tee,"Comedy, Drama, Romance",4.7,ok,64,average length movie
2007,Over the GW,Drama,4.7,ok,75,average length movie
2007,"Blanche Neige, la suite","Animation, Comedy",4.7,ok,82,average length movie
2008,Sexo com Amor?,Comedy,4.7,ok,99,average length movie
2006,Park Sovetskogo perioda,Comedy,4.7,ok,117,long movie
2008,June 9,"Horror, Mystery, Thriller",4.7,ok,95,average length movie
2006,Liu hao chu kou,Drama,4.7,ok,99,average length movie
2008,Sappho,"Drama, Romance",4.7,ok,88,average length movie
2008,High School Musical 3: Senior Year,"Comedy, Drama, Family",4.7,ok,112,long movie
2007,Aata,"Comedy, Drama, Romance",4.7,ok,138,long movie
2010,L'imbroglio nel lenzuolo,"Comedy, Romance",4.7,ok,105,long movie
2008,Dog Gone,"Comedy, Family, Fantasy",4.7,ok,108,long movie
2008,Tunnel Rats,"Action, Drama, War",4.7,ok,96,average length movie
2008,Bad Biology,"Comedy, Horror",4.7,ok,84,average length movie
2008,"Surfer, Dude",Comedy,4.7,ok,85,average length movie
2007,Ouija,"Drama, Horror, Mystery",4.7,ok,95,average length movie
2008,David & Fatima,"Drama, Romance, War",4.7,ok,120,long movie
2008,Lullaby,Thriller,4.7,ok,96,average length movie
2008,Train,"Horror, Thriller",4.7,ok,94,average length movie
2008,Pig Hunt,"Action, Horror, Thriller",4.7,ok,99,average length movie
2007,Three Can Play That Game,"Comedy, Romance",4.7,ok,90,average length movie
2007,My Wife and My Dead Wife,"Drama, Horror",4.7,ok,82,average length movie
2009,The Grudge 3,"Horror, Mystery, Thriller",4.7,ok,90,average length movie
2007,Nui yan boon sik,Drama,4.7,ok,108,long movie
2010,House Broken,Comedy,4.7,ok,84,average length movie
2008,Made in Italy,Comedy,4.7,ok,86,average length movie
2010,Jonah Hex,"Action, Drama, Fantasy",4.7,ok,81,average length movie
2009,Spirit Camp,"Comedy, Horror",4.7,ok,96,average length movie
2009,Jack and the Beanstalk,"Adventure, Comedy, Family",4.7,ok,94,average length movie
2008,Disco ormene,"Animation, Comedy, Family",4.7,ok,75,average length movie
2009,Chasing the Green,"Drama, Romance, Sport",4.7,ok,102,long movie
2009,Shorts,"Comedy, Family, Fantasy",4.7,ok,89,average length movie
2008,Roudram,"Action, Crime, Thriller",4.7,ok,154,long movie
2010,Krach,"Action, Drama, Thriller",4.7,ok,85,average length movie
2009,Four Boxes,"Horror, Thriller",4.7,ok,85,average length movie
2009,Pornography,Mystery,4.7,ok,113,long movie
2010,Una hora más en Canarias,"Comedy, Musical",4.7,ok,96,average length movie
2009,Guiness,"Action, Comedy, Drama",4.7,ok,92,average length movie
2007,Race,"Animation, Sci-Fi",4.7,ok,99,average length movie
2009,The Beacon,"Action, Fantasy, Horror",4.7,ok,94,average length movie
2009,Sensored,"Drama, Horror, Thriller",4.7,ok,91,average length movie
2009,Rain Fall,"Action, Crime, Drama",4.7,ok,111,long movie
2009,Rage,Drama,4.7,ok,98,average length movie
2009,Lucky Luke,"Adventure, Comedy, Western",4.7,ok,103,long movie
2009,Samurai Avenger: The Blind Wolf,"Action, Western",4.7,ok,92,average length movie
2009,The Twilight Saga: New Moon,"Adventure, Drama, Fantasy",4.7,ok,130,long movie
2009,Il caso dell'infedele Klara,"Drama, Romance",4.7,ok,90,average length movie
2010,Screwball: The Ted Whitfield Story,"Comedy, Sport",4.7,ok,90,average length movie
2009,Night of the Demons,"Action, Comedy, Horror",4.7,ok,93,average length movie
2009,Herpes Boy,Comedy,4.7,ok,85,average length movie
2008,Il cosmo sul comò,Comedy,4.7,ok,100,long movie
2008,Volverte a ver,Comedy,4.7,ok,100,long movie
2009,Kochaj i tancz,Romance,4.7,ok,118,long movie
2009,The Gold Retrievers,"Adventure, Comedy, Family",4.7,ok,90,average length movie
2010,The Truth,Thriller,4.7,ok,96,average length movie
2009,Saleem,"Action, Comedy",4.7,ok,120,long movie
2009,Le siffleur,"Comedy, Crime",4.7,ok,88,average length movie
2008,Colour from the Dark,Horror,4.7,ok,92,average length movie
2009,King Guillaume,Comedy,4.7,ok,85,average length movie
2009,Last of the Living,"Comedy, Horror, Sci-Fi",4.7,ok,88,average length movie
2009,Gurotesuku,"Horror, Thriller",4.7,ok,73,average length movie
2009,Bo chi oi nei,Romance,4.7,ok,96,average length movie
2010,Main Street,Drama,4.7,ok,92,average length movie
2010,Chance Pe Dance,"Comedy, Drama, Music",4.7,ok,122,long movie
2010,YellowBrickRoad,"Horror, Thriller",4.7,ok,98,average length movie
2010,The Con Artist,"Comedy, Crime, Drama",4.7,ok,84,average length movie
2009,Hardwired,"Action, Sci-Fi",4.7,ok,94,average length movie
2009,Hai kikku gâru!,Action,4.7,ok,81,average length movie
2009,Buraddo,"Action, Horror",4.7,ok,85,average length movie
2009,Bandaged,"Mystery, Romance, Thriller",4.7,ok,92,average length movie
2009,Diagnosis: Death,"Comedy, Horror, Mystery",4.7,ok,82,average length movie
2009,Courage,Drama,4.7,ok,96,average length movie
2009,Horst Schlämmer - Isch kandidiere!,Comedy,4.7,ok,96,average length movie
2009,Identity Theft,"Action, Comedy, Fantasy",4.7,ok,66,average length movie
2010,Hum Tum Aur Ghost,"Comedy, Drama, Fantasy",4.7,ok,125,long movie
2010,The Violent Kind,Horror,4.7,ok,85,average length movie
2009,Xia dao xiao,"Comedy, Horror",4.7,ok,102,long movie
2010,Removal,Thriller,4.7,ok,91,average length movie
2009,Nevesta lyuboy tsenoy,Comedy,4.7,ok,100,long movie
2010,Thillalangadi,"Action, Comedy",4.7,ok,181,epic movie
2009,"O, schastlivchik!","Comedy, Drama",4.7,ok,95,average length movie
2010,Nasha Russia. Yaytsa sudby,Comedy,4.7,ok,85,average length movie
2009,Vettaikaran,"Action, Drama",4.7,ok,150,long movie
2010,Kommissarie Späck,"Comedy, Crime",4.7,ok,82,average length movie
2010,Kedi,Action,4.7,ok,153,long movie
2010,En Mutlu Oldugum Yer,"Adventure, Romance",4.7,ok,95,average length movie
2009,Yoga Hakwon,"Fantasy, Horror, Mystery",4.7,ok,97,average length movie
2010,Ironiya lyubvi,Comedy,4.7,ok,82,average length movie
2010,Ubaldo Terzani Horror Show,"Horror, Thriller",4.7,ok,83,average length movie
2010,Flight of the Cardinal,"Drama, Thriller",4.7,ok,87,average length movie
2010,Olsenbanden jr. Mestertyvens skatt,Family,4.7,ok,81,average length movie
2010,Chun sing gai bei,"Action, Sci-Fi, Thriller",4.7,ok,110,long movie
2010,Shirome,Horror,4.7,ok,83,average length movie
2010,Thanthonni,"Action, Drama",4.7,ok,151,long movie
2010,Between Notes,"Comedy, Drama, Music",4.7,ok,78,average length movie
2010,Temnyy mir,"Adventure, Fantasy, Myster",4.7,ok,100,long movie
2010,Po po chiu kai yan,"Comedy, Romance",4.7,ok,99,average length movie
2010,Los 33 de San José,Drama,4.7,ok,86,average length movie
2010,Last Caress,Horror,4.7,ok,72,average length movie
2010,Natali,"Mystery, Romance",4.7,ok,90,average length movie
2010,My Ex 2: Haunted Lover,Horror,4.7,ok,83,average length movie
2007,Tofigh-e Ejbari,Comedy,4.7,ok,91,average length movie
2010,Satsujin Douga Site,"Drama, Horror, Thriller",4.7,ok,117,long movie
2009,Nish O Zanboor,Comedy,4.7,ok,90,average length movie
2008,Aldada Dodi,"Comedy, Drama",4.7,ok,106,long movie
2005,Lucky 13,"Comedy, Romance",4.6,ok,95,average length movie
2009,T.M.A.,"Horror, Mystery, Thriller",4.6,ok,100,long movie
2005,Bag det stille ydre,"Drama, Horror, Mystery",4.6,ok,93,average length movie
2005,Bab el web,Comedy,4.6,ok,99,average length movie
2005,State Property 2,"Musical, Action, Crime",4.6,ok,94,average length movie
2005,Espace détente,Comedy,4.6,ok,102,long movie
2005,Slingshot,"Crime, Drama, Romance",4.6,ok,90,average length movie
2005,Kaal,"Adventure, Horror, Mystery",4.6,ok,126,long movie
2005,Headspace,"Horror, Mystery, Sci-Fi",4.6,ok,89,average length movie
2007,Donkey Xote,"Animation, Adventure, Come",4.6,ok,90,average length movie
2005,La cloche a sonné,Comedy,4.6,ok,95,average length movie
2005,Cavalcade,"Biography, Drama",4.6,ok,90,average length movie
2005,Venom,Horror,4.6,ok,87,average length movie
2005,Severed,"Horror, Sci-Fi, Thriller",4.6,ok,93,average length movie
2005,Le démon de midi,Comedy,4.6,ok,90,average length movie
2006,Hui Buh: Das Schlossgespenst,"Animation, Adventure, Come",4.6,ok,103,long movie
2006,Dark Ride,"Horror, Thriller",4.6,ok,94,average length movie
2006,Macbeth,"Crime, Drama, Fantasy",4.6,ok,109,long movie
2009,The Perfect Sleep,"Action, Drama, Romance",4.6,ok,99,average length movie
2006,The Garden,"Drama, Horror, Thriller",4.6,ok,92,average length movie
2005,La vie de Michel Muller est plus belle que la vôtre,Comedy,4.6,ok,90,average length movie
2007,Deadwood Park,"Horror, Mystery",4.6,ok,117,long movie
2005,Headhunter,"Thriller, Horror",4.6,ok,90,average length movie
2007,Three Days to Vegas,"Comedy, Romance",4.6,ok,120,long movie
2005,Insan,"Action, Crime, Drama",4.6,ok,141,long movie
2006,Irma Vap: O Retorno,Comedy,4.6,ok,80,average length movie
2005,Pissed,Drama,4.6,ok,90,average length movie
2005,Left Behind III: World at War,"Action, Drama, Fantasy",4.6,ok,95,average length movie
2005,Kissing on the Mouth,"Drama, Romance",4.6,ok,78,average length movie
2007,Catacombs,"Horror, Thriller",4.6,ok,92,average length movie
2005,Imaginum,"Animation, Family, Fantasy",4.6,ok,82,average length movie
2005,Ah sou,"Crime, Drama",4.6,ok,90,average length movie
2005,Athu Oru Kanaa Kaalam,Romance,4.6,ok,134,long movie
2005,Priyasakhi,"Drama, Family, Romance",4.6,ok,157,long movie
2006,Black Christmas,Horror,4.6,ok,84,average length movie
2005,Silent Partner,"Action, Crime",4.6,ok,96,average length movie
2005,Soldier of God,Drama,4.6,ok,94,average length movie
2006,Kuldrannake,"Drama, Thriller",4.6,ok,90,average length movie
2007,Night Skies,"Horror, Sci-Fi, Thriller",4.6,ok,85,average length movie
2006,Vallavan,"Romance, Thriller",4.6,ok,118,long movie
2006,Skinwalkers,"Action, Fantasy, Horror",4.6,ok,110,long movie
2007,7eventy 5ive,"Horror, Thriller",4.6,ok,100,long movie
2007,Code Name: The Cleaner,"Action, Comedy, Crime",4.6,ok,84,average length movie
2006,Automatons,"Horror, Sci-Fi",4.6,ok,83,average length movie
2007,Intervention,Drama,4.6,ok,93,average length movie
2006,LOL,"Comedy, Drama",4.6,ok,81,average length movie
2005,Song of Songs,Drama,4.6,ok,81,average length movie
2006,Last Rites of the Dead,"Comedy, Horror",4.6,ok,118,long movie
2006,Musikanten,Drama,4.6,ok,92,average length movie
2006,Bangaram,"Action, Drama",4.6,ok,178,long movie
2008,Crystal River,Drama,4.6,ok,102,long movie
2006,Kill Your Darlings,"Comedy, Drama",4.6,ok,94,average length movie
2005,Hell to Pay,Western,4.6,ok,100,long movie
2007,Cthulhu,"Drama, Horror, Thriller",4.6,ok,100,long movie
2006,Always Will,Family,4.6,ok,90,average length movie
2005,Open Cam,"Comedy, Drama, Mystery",4.6,ok,100,long movie
2006,Distortion,"Crime, Drama, Mystery",4.6,ok,83,average length movie
2006,Vier Fenster,Drama,4.6,ok,80,average length movie
2008,Spy School,"Adventure, Comedy, Drama",4.6,ok,86,average length movie
2007,Americanizing Shelley,"Comedy, Drama, Romance",4.6,ok,90,average length movie
2007,Suffering Man's Charity,"Comedy, Horror",4.6,ok,93,average length movie
2008,The Fifth Commandment,"Action, Comedy, Crime",4.6,ok,90,average length movie
2006,Dood eind,"Horror, Thriller",4.6,ok,90,average length movie
2006,Min frus förste älskare,"Comedy, Drama",4.6,ok,93,average length movie
2005,Ido,"Drama, Horror, Mystery",4.6,ok,104,long movie
2007,Kickin' It Old Skool,Comedy,4.6,ok,108,long movie
2006,"Easter Bunny, Kill! Kill!",Horror,4.6,ok,90,average length movie
2007,Protecting the King,"Drama, Music",4.6,ok,94,average length movie
2006,D@bbe,"Horror, Thriller",4.6,ok,110,long movie
2006,Hi Way,Comedy,4.6,ok,85,average length movie
2007,¿De quién es el portaligas?,Comedy,4.6,ok,107,long movie
2006,Säg att du älskar mig,Drama,4.6,ok,87,average length movie
2006,Modern Love,"Horror, Mystery",4.6,ok,110,long movie
2009,Knife Edge,"Horror, Thriller",4.6,ok,90,average length movie
2007,Trigger Man,"Drama, Thriller",4.6,ok,80,average length movie
2007,5 løgner,"Comedy, Drama",4.6,ok,100,long movie
2007,And Then Came Love,"Comedy, Romance",4.6,ok,90,average length movie
2007,Night Junkies,"Horror, Romance, Thriller",4.6,ok,90,average length movie
2006,Slip,Thriller,4.6,ok,96,average length movie
2006,The Killer,"Action, Comedy, Crime",4.6,ok,117,long movie
2006,Bacterium,Horror,4.6,ok,79,average length movie
2008,House,Horror,4.6,ok,88,average length movie
2007,Racing Daylight,Drama,4.6,ok,83,average length movie
2008,College,Comedy,4.6,ok,94,average length movie
2006,Nihon igai zenbu chinbotsu,"Comedy, Sci-Fi",4.6,ok,98,average length movie
2006,Commediasexi,Comedy,4.6,ok,102,long movie
2008,Maya,Drama,4.6,ok,140,long movie
2007,O Magnata,"Action, Drama",4.6,ok,97,average length movie
2006,"Ajde, dan... prodji...",Drama,4.6,ok,102,long movie
2008,Chile Puede,"Comedy, Sci-Fi",4.6,ok,85,average length movie
2008,Smother,"Comedy, Drama",4.6,ok,92,average length movie
2007,Ett öga rött,"Comedy, Drama, Fantasy",4.6,ok,91,average length movie
2006,Saskin,"Comedy, Romance",4.6,ok,90,average length movie
2006,Svein og rotta,Family,4.6,ok,72,average length movie
2006,Förortsungar,"Comedy, Drama, Family",4.6,ok,96,average length movie
2006,Graf Montenegro,"Adventure, Comedy",4.6,ok,108,long movie
2007,Steam,Drama,4.6,ok,120,long movie
2007,Waiting for Dublin,Romance,4.6,ok,83,average length movie
2007,Head Case,"Crime, Horror",4.6,ok,96,average length movie
2008,The Year of Getting to Know Us,"Comedy, Drama",4.6,ok,90,average length movie
2007,The Box,"Crime, Thriller",4.6,ok,87,average length movie
2007,Promeni me,Comedy,4.6,ok,90,average length movie
2009,Winter of Frozen Dreams,"Crime, Drama",4.6,ok,92,average length movie
2007,Aarya,"Action, Drama, Romance",4.6,ok,157,long movie
2007,La cucina,Drama,4.6,ok,90,average length movie
2008,Miss Conception,"Comedy, Romance",4.6,ok,104,long movie
2010,A Flat,"Drama, Horror, Romance",4.6,ok,103,long movie
2007,Middonaito îguru,Action,4.6,ok,132,long movie
2008,Der goldene Nazivampir von Absam 2 - Das Geheimnis ,"Comedy, Horror",4.6,ok,45,short movie
2007,Canciones de amor en Lolita's Club,Drama,4.6,ok,100,long movie
2008,Kidnap,"Action, Crime, Drama",4.6,ok,135,long movie
2007,Beneath the Surface,"Comedy, Drama, Horror",4.6,ok,90,average length movie
2008,Conspiracy,"Action, Drama, Mystery",4.6,ok,90,average length movie
2007,L'histoire de Richard O.,Drama,4.6,ok,75,average length movie
2008,Seventh Moon,"Horror, Thriller",4.6,ok,87,average length movie
2008,Dang kou,Thriller,4.6,ok,118,long movie
2007,Severed Ways: The Norse Discovery of America,"Adventure, Drama, History",4.6,ok,107,long movie
2007,Pigs,Comedy,4.6,ok,85,average length movie
2008,Agathe Cléry,"Comedy, Musical",4.6,ok,113,long movie
2008,Reflections,"Crime, Drama, Horror",4.6,ok,100,long movie
2006,El barón contra los Demonios,"Action, Adventure, Fantasy",4.6,ok,96,average length movie
2010,See You in September,"Comedy, Romance",4.6,ok,91,average length movie
2008,Gutterballs,"Comedy, Horror, Sport",4.6,ok,96,average length movie
2007,"Jungledyret Hugo: Fræk, flabet og fri","Animation, Comedy, Family",4.6,ok,72,average length movie
2007,Necroville,"Comedy, Horror",4.6,ok,99,average length movie
2010,Kalamity,"Drama, Thriller",4.6,ok,98,average length movie
2007,"Rock, Paper, Scissors: The Way of the Tosser",Comedy,4.6,ok,85,average length movie
2009,Tayna Chingis Khaana,"History, War",4.6,ok,127,long movie
2010,Holyman Undercover,Comedy,4.6,ok,90,average length movie
2009,Cayman Went,"Drama, Family",4.6,ok,89,average length movie
2010,Order of Chaos,Thriller,4.6,ok,90,average length movie
2008,Bombay to Bangkok,"Comedy, Crime, Romance",4.6,ok,120,long movie
2008,Le voyage aux Pyrénées,"Comedy, Drama",4.6,ok,102,long movie
2009,Siete minutos,Comedy,4.6,ok,102,long movie
2010,Negro Buenos Aires,Thriller,4.6,ok,90,average length movie
2010,Veer,"Action, Adventure, Drama",4.6,ok,169,long movie
2008,Recep Ivedik,Comedy,4.6,ok,90,average length movie
2008,"Nie klam, kochanie","Comedy, Romance",4.6,ok,100,long movie
2009,Olsenbanden jr. og det sorte gullet,Family,4.6,ok,88,average length movie
2009,Motherhood,"Comedy, Drama",4.6,ok,90,average length movie
2009,Aladin,"Action, Adventure, Fantasy",4.6,ok,132,long movie
2009,Verso,"Crime, Thriller",4.6,ok,105,long movie
2008,Torno a vivere da solo,Comedy,4.6,ok,106,long movie
2009,The Sacred,Horror,4.6,ok,93,average length movie
2009,What's Your Raashee?,"Comedy, Drama, Romance",4.6,ok,195,epic movie
2009,Deadline,"Drama, Horror, Thriller",4.6,ok,85,average length movie
2010,Tour de Force,"Action, Drama, Thriller",4.6,ok,91,average length movie
2009,Ghosted,"Drama, Mystery",4.6,ok,89,average length movie
2008,The Baby Formula,"Comedy, Fantasy",4.6,ok,82,average length movie
2008,Signals,Sci-Fi,4.6,ok,135,long movie
2008,Kuselan,"Comedy, Drama, Family",4.6,ok,165,long movie
2010,Olsen-banden på de bonede gulve,"Animation, Comedy, Crime",4.6,ok,70,average length movie
2008,Make-Out with Violence,"Comedy, Fantasy, Horror",4.6,ok,105,long movie
2008,Korkein oikeus,Drama,4.6,ok,97,average length movie
2007,Tupoy zhirnyy zayats,"Comedy, Drama",4.6,ok,89,average length movie
2010,Nonames,Drama,4.6,ok,108,long movie
2008,Resurrection County,"Horror, Thriller",4.6,ok,95,average length movie
2010,Growth,"Horror, Sci-Fi",4.6,ok,90,average length movie
2010,Yogi Bear,"Animation, Adventure, Come",4.6,ok,80,average length movie
2008,Aegan,Action,4.6,ok,170,long movie
2008,Iki Çizgi,Drama,4.6,ok,93,average length movie
2009,Creative Nonfiction,"Comedy, Drama",4.6,ok,60,average length movie
2010,The Reeds,"Horror, Mystery, Thriller",4.6,ok,86,average length movie
2010,Cyrus,"Crime, Horror, Mystery",4.6,ok,87,average length movie
2009,Rodney,Drama,4.6,ok,98,average length movie
2010,Paradox,"Sci-Fi, Thriller",4.6,ok,83,average length movie
2009,"Leslie, My Name Is Evil","Comedy, Crime",4.6,ok,85,average length movie
2010,Pyaar Impossible!,"Comedy, Romance",4.6,ok,140,long movie
2009,Upstairs,Thriller,4.6,ok,88,average length movie
2008,Interplanetary,"Comedy, Horror, Sci-Fi",4.6,ok,85,average length movie
2010,Max Schmeling,"Biography, Drama, Sport",4.6,ok,123,long movie
2008,Dhaam Dhoom,"Action, Drama, Thriller",4.6,ok,150,long movie
2010,Why Did I Get Married Too?,"Comedy, Drama, Romance",4.6,ok,121,long movie
2010,Helena from the Wedding,"Comedy, Drama",4.6,ok,89,average length movie
2010,Passion Play,"Drama, Fantasy, Romance",4.6,ok,94,average length movie
2009,Rottenetter,Drama,4.6,ok,94,average length movie
2009,Be My Teacher,"Drama, Romance",4.6,ok,90,average length movie
2009,Un'estate ai Caraibi,Comedy,4.6,ok,110,long movie
2008,Bookends,"Comedy, Drama, Romance",4.6,ok,70,average length movie
2009,Beacon77,"Horror, Sci-Fi, Thriller",4.6,ok,91,average length movie
2009,Chal Chala Chal,"Action, Comedy, Crime",4.6,ok,138,long movie
2010,Below the Beltway,Comedy,4.6,ok,96,average length movie
2010,Änglagård - Tredje gången gillt,"Comedy, Drama",4.6,ok,117,long movie
2010,The Wrath of Cain,"Action, Drama",4.6,ok,84,average length movie
2009,Jin Ping Mei 2: Ai de nu li,"Comedy, Drama",4.6,ok,93,average length movie
2009,Kampüste çiplak ayaklar,"Drama, Romance",4.6,ok,90,average length movie
2010,F,"Crime, Drama, Horror",4.6,ok,79,average length movie
2010,Twelve Thirty,Drama,4.6,ok,126,long movie
2010,The Possession of David O'Reilly,Horror,4.6,ok,87,average length movie
2009,The Figurine,Thriller,4.6,ok,120,long movie
2009,A Bit of Tom Jones?,Comedy,4.6,ok,89,average length movie
2005,Double Down,"Action, Adventure, Crime",4.6,ok,93,average length movie
2010,Fired,Horror,4.6,ok,87,average length movie
2010,Otto's Eleven,Comedy,4.6,ok,95,average length movie
2010,Vlees,"Drama, Thriller",4.6,ok,85,average length movie
2010,Ngok toi,Horror,4.6,ok,88,average length movie
2010,Yuet gwong bo hup,"Comedy, Fantasy",4.6,ok,92,average length movie
2009,Death Stop Holocaust,Horror,4.6,ok,80,average length movie
2010,Sweaty Beards,Comedy,4.6,ok,84,average length movie
2010,Puranzetto,"Animation, Action, Sci-Fi",4.6,ok,53,short movie
2010,El monstro del mar!,Horror,4.6,ok,75,average length movie
2010,The Virginity Hit,Comedy,4.6,ok,86,average length movie
2010,Swiety interes,Comedy,4.6,ok,86,average length movie
2010,The Unforgiving,"Horror, Thriller",4.6,ok,75,average length movie
2010,Il reste du jambon?,"Comedy, Romance",4.6,ok,90,average length movie
2010,Porkchop,Horror,4.6,ok,91,average length movie
2010,La herencia Valdemar II: La sombra prohibida,"Horror, Mystery",4.6,ok,92,average length movie
2010,Tartarus,"Adventure, Drama, Horror",4.6,ok,106,long movie
2010,Baava,Drama,4.6,ok,145,long movie
2010,Blackaria,Horror,4.6,ok,70,average length movie
2009,The Legend of Zelda: The Hero of Time,"Action, Adventure, Fantasy",4.6,ok,108,long movie
2010,The Thriller,"Crime, Drama, Thriller",4.6,ok,140,long movie
2009,Delkhoon,Drama,4.6,ok,80,average length movie
2007,Doctor Omar's Gang,Comedy,4.6,ok,98,average length movie
2005,Eial Habeba,Family,4.6,ok,130,long movie
2005,From Venus,"Horror, Sci-Fi",4.5,ok,88,average length movie
2006,Happily N'Ever After,"Animation, Adventure, Come",4.5,ok,75,average length movie
2005,Hollywood Flies,"Crime, Drama",4.5,ok,95,average length movie
2005,Slipstream,"Action, Sci-Fi, Thriller",4.5,ok,89,average length movie
2005,Adam and Eve,"Comedy, Drama, Romance",4.5,ok,91,average length movie
2006,Forget About It,"Comedy, Drama",4.5,ok,88,average length movie
2006,Het woeden der gehele wereld,Thriller,4.5,ok,115,long movie
2005,Pit Fighter,Action,4.5,ok,83,average length movie
2005,Kisna: The Warrior Poet,"Drama, History, Musical",4.5,ok,170,long movie
2006,The Last Drop,"Action, Adventure, Crime",4.5,ok,103,long movie
2005,The Ape,"Comedy, Drama",4.5,ok,92,average length movie
2006,Last Sunset,"Romance, Thriller",4.5,ok,84,average length movie
2005,Room,"Drama, Mystery",4.5,ok,75,average length movie
2005,Spirit Trap,"Horror, Thriller",4.5,ok,91,average length movie
2006,Sam's Lake,"Horror, Thriller",4.5,ok,92,average length movie
2008,Superhero Movie,"Action, Comedy",4.5,ok,75,average length movie
2005,A golpes,Drama,4.5,ok,113,long movie
2006,Tathastu,"Crime, Drama, Thriller",4.5,ok,113,long movie
2005,Somne,"Horror, Sci-Fi, Thriller",4.5,ok,90,average length movie
2005,Cup of My Blood,"Horror, Thriller",4.5,ok,107,long movie
2006,L'entente cordiale,Comedy,4.5,ok,100,long movie
2006,Pray for Morning,"Horror, Thriller",4.5,ok,91,average length movie
2006,Aryan: Unbreakable,"Action, Drama, Sport",4.5,ok,135,long movie
2005,H6: Diario de un asesino,"Crime, Horror, Thriller",4.5,ok,92,average length movie
2006,Ways of the Flesh,"Comedy, Drama",4.5,ok,99,average length movie
2006,The Butterfly Effect 2,"Drama, Sci-Fi, Thriller",4.5,ok,92,average length movie
2007,Ghost Son,"Drama, Horror, Mystery",4.5,ok,97,average length movie
2005,Pervert!,"Comedy, Horror",4.5,ok,81,average length movie
2006,The Far Side of Jericho,Western,4.5,ok,99,average length movie
2006,Homie Spumoni,Comedy,4.5,ok,90,average length movie
2007,Drive Thru,"Comedy, Horror",4.5,ok,83,average length movie
2006,La silla,Drama,4.5,ok,95,average length movie
2005,Loukoumades me meli,Comedy,4.5,ok,86,average length movie
2008,Space Chimps,"Animation, Adventure, Come",4.5,ok,81,average length movie
2006,Il bosco fuori,"Horror, Thriller",4.5,ok,85,average length movie
2008,The Marconi Bros.,"Comedy, Drama",4.5,ok,83,average length movie
2008,Fly Me to the Moon,"Animation, Adventure, Fami",4.5,ok,84,average length movie
2008,First Sunday,"Comedy, Crime, Drama",4.5,ok,96,average length movie
2005,Seua khaap daap,"Action, Comedy, Fantasy",4.5,ok,91,average length movie
2007,Heavy Petting,Comedy,4.5,ok,94,average length movie
2006,Destricted,Drama,4.5,ok,116,long movie
2007,The Deal,"Action, Thriller",4.5,ok,89,average length movie
2006,True True Lie,Thriller,4.5,ok,90,average length movie
2006,Gatão de Meia Idade,Comedy,4.5,ok,93,average length movie
2006,I'll Be There with You,Thriller,4.5,ok,92,average length movie
2006,Special Dead,"Comedy, Horror",4.5,ok,90,average length movie
2008,Dark Streets,"Drama, Thriller",4.5,ok,83,average length movie
2008,Deep Winter,"Action, Adventure",4.5,ok,96,average length movie
2006,Daddy's Girl,"Horror, Thriller",4.5,ok,90,average length movie
2006,Court of Lonely Royals,"Drama, Thriller",4.5,ok,90,average length movie
2007,One Day Like Rain,"Drama, Sci-Fi",4.5,ok,90,average length movie
2009,Taking Chances,Comedy,4.5,ok,99,average length movie
2009,How to Seduce Difficult Women,Comedy,4.5,ok,94,average length movie
2007,The Perfect Holiday,"Comedy, Family, Fantasy",4.5,ok,96,average length movie
2006,Entre adultes,"Comedy, Drama",4.5,ok,80,average length movie
2008,Monocerus,"Adventure, Drama",4.5,ok,100,long movie
2007,All About Us,"Drama, Romance",4.5,ok,90,average length movie
2006,Header,"Comedy, Crime, Drama",4.5,ok,89,average length movie
2007,Ghost Image,Thriller,4.5,ok,96,average length movie
2007,El último justo,"Drama, Thriller",4.5,ok,102,long movie
2008,I Can See You,"Horror, Mystery, Thriller",4.5,ok,97,average length movie
2006,Zonbi jieitai,"Action, Comedy, Horror",4.5,ok,75,average length movie
2009,The Ministers,"Crime, Drama",4.5,ok,89,average length movie
2007,Yogi,"Action, Drama",4.5,ok,155,long movie
2007,Witches' Night,Horror,4.5,ok,81,average length movie
2008,Loaded,"Action, Crime, Drama",4.5,ok,98,average length movie
2010,Psych:9,"Horror, Mystery, Thriller",4.5,ok,98,average length movie
2006,Far til fire - i stor stil,"Comedy, Family",4.5,ok,90,average length movie
2008,Fast Girl,"Family, Sport",4.5,ok,95,average length movie
2009,Dogging: A Love Story,"Comedy, Drama",4.5,ok,108,long movie
2007,Azhagiya Tamizh Magan,"Action, Drama, Thriller",4.5,ok,171,long movie
2010,The Chosen One,"Comedy, Drama",4.5,ok,101,long movie
2007,Olsenbanden Jr. Sølvgruvens hemmelighet,Family,4.5,ok,94,average length movie
2007,Abgezockt ist abgezockt,Comedy,4.5,ok,95,average length movie
2008,Dark Floors,"Action, Fantasy, Horror",4.5,ok,85,average length movie
2008,Killer Movie,"Comedy, Horror, Mystery",4.5,ok,93,average length movie
2008,Les randonneurs à Saint-Tropez,Comedy,4.5,ok,105,long movie
2008,Mr. Bones 2: Back from the Past,Comedy,4.5,ok,101,long movie
2007,Rosa: The Movie,"Comedy, Drama, Family",4.5,ok,85,average length movie
2008,Contract Killers,"Action, Thriller",4.5,ok,86,average length movie
2008,Espíritu del bosque,"Animation, Adventure, Come",4.5,ok,90,average length movie
2008,A Beautiful Life,Drama,4.5,ok,81,average length movie
2008,Ça se soigne?,Comedy,4.5,ok,86,average length movie
2007,My Friend Ganesha,Animation,4.5,ok,190,epic movie
2007,Nobody,"Crime, Horror, Mystery",4.5,ok,88,average length movie
2007,Incorregibles,"Action, Comedy, Crime",4.5,ok,91,average length movie
2007,Sick Girl,"Crime, Horror, Thriller",4.5,ok,83,average length movie
2007,Journey Bombay to Goa: Laughter Unlimited,"Action, Adventure, Comedy",4.5,ok,138,long movie
2009,Running on Empty Dreams,"Drama, Romance",4.5,ok,120,long movie
2008,Far til fire - på hjemmebane,"Comedy, Family",4.5,ok,90,average length movie
2008,The Lost Samaritan,"Action, Thriller",4.5,ok,95,average length movie
2008,Plague Town,"Horror, Thriller",4.5,ok,88,average length movie
2008,The Hustle,Comedy,4.5,ok,97,average length movie
2008,The Eleventh Hour,"Action, Thriller",4.5,ok,93,average length movie
2008,The Graduates,Comedy,4.5,ok,97,average length movie
2008,End Call,Horror,4.5,ok,94,average length movie
2007,Giagonan: Oi skoteines meres tou hamou,"Action, Adventure, Comedy",4.5,ok,115,long movie
2009,Mad Sad & Bad,Comedy,4.5,ok,90,average length movie
2007,Death of a Ghost Hunter,"Horror, Thriller",4.5,ok,107,long movie
2009,Blood Night: The Legend of Mary Hatchet,Horror,4.5,ok,83,average length movie
2008,Misconceptions,"Comedy, Drama",4.5,ok,95,average length movie
2008,Grindstone Road,"Horror, Mystery, Thriller",4.5,ok,93,average length movie
2008,Mona,"Comedy, Romance",4.5,ok,87,average length movie
2009,Reiki,"Action, Fantasy",4.5,ok,87,average length movie
2009,Dil Bole Hadippa!,"Comedy, Drama, Sport",4.5,ok,148,long movie
2008,Urmel voll in Fahrt,"Animation, Adventure, Come",4.5,ok,84,average length movie
2009,Minor Details,"Adventure, Family, Mystery",4.5,ok,86,average length movie
2010,Puss,"Comedy, Drama",4.5,ok,105,long movie
2009,Slaughter,"Horror, Thriller",4.5,ok,96,average length movie
2009,Alvin and the Chipmunks: The Squeakquel,"Animation, Comedy, Family",4.5,ok,88,average length movie
2007,Hush Your Mouth,"Crime, Drama, Mystery",4.5,ok,96,average length movie
2008,The Torturer,"Drama, Horror, Mystery",4.5,ok,86,average length movie
2010,Sex and the City 2,"Comedy, Drama, Romance",4.5,ok,146,long movie
2008,Anja & Viktor - I medgang og modgang,"Comedy, Romance",4.5,ok,100,long movie
2008,Boushkash,"Comedy, Drama",4.5,ok,120,long movie
2009,Necromentia,Horror,4.5,ok,82,average length movie
2009,Double Identity,"Action, Crime, Thriller",4.5,ok,93,average length movie
2010,Exquisite Corpse,"Horror, Romance, Thriller",4.5,ok,102,long movie
2009,Iago,"Comedy, Romance",4.5,ok,101,long movie
2009,Celle que j'aime,"Comedy, Drama",4.5,ok,103,long movie
2009,Safari,"Adventure, Comedy",4.5,ok,98,average length movie
2009,I mostri oggi,Comedy,4.5,ok,101,long movie
2008,The Lost Door,"Drama, Thriller",4.5,ok,105,long movie
2009,Evil Bong 2: King Bong,"Adventure, Comedy, Horror",4.5,ok,80,average length movie
2008,Mon Mane Na,"Action, Comedy, Drama",4.5,ok,145,long movie
2009,I klironomos,Comedy,4.5,ok,94,average length movie
2009,This End Up,"Comedy, Drama",4.5,ok,149,long movie
2010,The Kings of Mykonos,Comedy,4.5,ok,102,long movie
2010,Tiger Team - Der Berg der 1000 Drachen,"Adventure, Family",4.5,ok,89,average length movie
2010,Dead Awake,"Fantasy, Mystery, Romance",4.5,ok,93,average length movie
2009,Vaamanan,Action,4.5,ok,146,long movie
2008,Mulla,Drama,4.5,ok,138,long movie
2010,Alleged,"Drama, History, Romance",4.5,ok,94,average length movie
2010,Iron Doors,"Mystery, Thriller",4.5,ok,80,average length movie
2010,Born to Raise Hell,"Action, Crime, Thriller",4.5,ok,98,average length movie
2010,600 kilos d'or pur,Adventure,4.5,ok,100,long movie
2010,Birth of Separation,"Drama, Horror, Romance",4.5,ok,105,long movie
2010,Brother's Justice,Comedy,4.5,ok,80,average length movie
2010,Freak Dance,"Comedy, Musical",4.5,ok,90,average length movie
2010,Rock It!,"Comedy, Family, Musical",4.5,ok,93,average length movie
2010,Prowl,Horror,4.5,ok,84,average length movie
2010,Eyes in the Dark,"Horror, Sci-Fi, Thriller",4.5,ok,78,average length movie
2010,Beatdown,"Action, Crime, Thriller",4.5,ok,90,average length movie
2010,Opstandelsen,"Action, Drama, Horror",4.5,ok,50,short movie
2010,Odnoklassniki,Drama,4.5,ok,94,average length movie
2010,Night Drive,"Horror, Thriller",4.5,ok,103,long movie
2010,Mei lai muk ling,"Action, Comedy",4.5,ok,98,average length movie
2007,Tomb Raider Ascension,"Action, Adventure, Fantasy",4.5,ok,60,average length movie
2010,Death Kappa,"Action, Comedy, Sci-Fi",4.5,ok,90,average length movie
2010,Unaware,"Horror, Sci-Fi, Thriller",4.5,ok,81,average length movie
2010,Dead Frequency,"Comedy, Drama, Romance",4.5,ok,78,average length movie
2010,Living Will...,Comedy,4.5,ok,101,long movie
2010,Nagavalli,"Action, Fantasy, Thriller",4.5,ok,115,long movie
2008,I Spit Chew on Your Grave,Horror,4.5,ok,58,short movie
2010,Askin ikinci yarisi,"Drama, Romance",4.5,ok,94,average length movie
2010,Number One Shakib Khan,"Action, Comedy, Drama",4.5,ok,175,long movie
2008,Keepsake,Horror,4.5,ok,101,long movie
2010,Adamkosh,"Crime, Thriller",4.5,ok,100,long movie
2005,El-Haya Montaha El-lazza,"Drama, Romance",4.5,ok,145,long movie
2010,Ellembi 8 Gega,Comedy,4.5,ok,111,long movie
2007,The Butcher,Horror,4.5,ok,75,average length movie
2005,Funny Valentine,"Comedy, Romance",4.4,ok,90,average length movie
2007,Romantik,"Drama, Romance",4.4,ok,100,long movie
2005,xXx: State of the Union,"Action, Adventure, Crime",4.4,ok,101,long movie
2005,Die You Zombie Bastards!,"Comedy, Fantasy, Horror",4.4,ok,97,average length movie
2005,Into the Sun,"Action, Thriller",4.4,ok,97,average length movie
2005,Crab Orchard,"Drama, Family, Comedy",4.4,ok,90,average length movie
2008,The Horror Vault,"Horror, Thriller",4.4,ok,111,long movie
2006,Ultraviolet,"Action, Adventure, Crime",4.4,ok,88,average length movie
2005,Der Clown,"Action, Crime, Thriller",4.4,ok,104,long movie
2005,Erosion,"Drama, Mystery, Romance",4.4,ok,100,long movie
2005,Back in the Day,"Action, Crime, Drama",4.4,ok,103,long movie
2006,Kisses and Caroms,Comedy,4.4,ok,81,average length movie
2006,Treasure Island Kids: The Battle of Treasure Island,"Adventure, Family",4.4,ok,101,long movie
2006,The Shaggy Dog,"Comedy, Family, Fantasy",4.4,ok,98,average length movie
2007,Messages,Thriller,4.4,ok,102,long movie
2005,Elaan,"Action, Thriller",4.4,ok,159,long movie
2005,Au suivant!,"Romance, Drama, Comedy",4.4,ok,90,average length movie
2006,The Pleasure Drivers,"Crime, Drama, Thriller",4.4,ok,99,average length movie
2006,Little Man,"Comedy, Crime",4.4,ok,98,average length movie
2005,KatieBird *Certifiable Crazy Person,Horror,4.4,ok,100,long movie
2007,Save Angel Hope,Comedy,4.4,ok,96,average length movie
2005,Far til fire gi'r aldrig op,"Comedy, Family",4.4,ok,90,average length movie
2006,Are You Ready for Love?,Comedy,4.4,ok,87,average length movie
2006,Down the P.C.H.,Drama,4.4,ok,95,average length movie
2006,Played,"Crime, Drama, Thriller",4.4,ok,87,average length movie
2010,Satan Hates You,Horror,4.4,ok,94,average length movie
2006,7 miljonärer,"Action, Comedy",4.4,ok,94,average length movie
2005,Khoht phetchakhaat,"Action, Adventure, Drama",4.4,ok,87,average length movie
2005,Shiryôha,Horror,4.4,ok,77,average length movie
2006,Danny Roane: First Time Director,Comedy,4.4,ok,83,average length movie
2005,Mama Jack,Comedy,4.4,ok,100,long movie
2005,Vaah! Life Ho Toh Aisi!,"Comedy, Drama, Family",4.4,ok,153,long movie
2006,The Foursome,Comedy,4.4,ok,80,average length movie
2007,Crime Fiction,"Comedy, Crime",4.4,ok,90,average length movie
2006,Restraining Order,Drama,4.4,ok,107,long movie
2007,Postal,"Action, Comedy, Crime",4.4,ok,100,long movie
2005,Dangerous Men,"Action, Adventure, Crime",4.4,ok,80,average length movie
2005,Andrea,"Horror, Thriller",4.4,ok,110,long movie
2006,5ive Girls,"Horror, Thriller",4.4,ok,95,average length movie
2006,El Mascarado Massacre,Horror,4.4,ok,75,average length movie
2006,Stump the Band,Horror,4.4,ok,88,average length movie
2006,Two Front Teeth,"Action, Comedy, Fantasy",4.4,ok,85,average length movie
2006,Addison's Wall,Drama,4.4,ok,61,average length movie
2006,Amateur Porn Star Killer,"Crime, Horror",4.4,ok,71,average length movie
2007,7-10 Split,"Comedy, Sport",4.4,ok,94,average length movie
2007,Southern Gothic,"Drama, Horror",4.4,ok,104,long movie
2007,Anja og Viktor - brændende kærlighed,"Comedy, Romance",4.4,ok,82,average length movie
2007,Saxon,"Comedy, Drama, Mystery",4.4,ok,92,average length movie
2006,Séance,Horror,4.4,ok,88,average length movie
2009,Irene in Time,"Comedy, Drama, Romance",4.4,ok,95,average length movie
2009,No Right Turn,"Drama, Mystery, Thriller",4.4,ok,91,average length movie
2007,Left for Dead,"Horror, Mystery, Thriller",4.4,ok,82,average length movie
2007,The Trouble with Romance,"Comedy, Drama, Romance",4.4,ok,88,average length movie
2007,Honeyz,"Action, Comedy, Crime",4.4,ok,75,average length movie
2008,Your Name Here,"Biography, Drama",4.4,ok,106,long movie
2007,Shanghai Baby,Drama,4.4,ok,120,long movie
2007,Bestiár,"Comedy, Romance",4.4,ok,100,long movie
2010,Gangster Exchange,Action,4.4,ok,95,average length movie
2008,Credo,Horror,4.4,ok,87,average length movie
2007,Guldhornene,"Comedy, Family",4.4,ok,90,average length movie
2008,The Dark Horse,"Drama, Family, Sport",4.4,ok,105,long movie
2008,October Moon 2: November Son,"Comedy, Drama, Horror",4.4,ok,103,long movie
2007,Ho voglia di te,"Comedy, Drama, Romance",4.4,ok,106,long movie
2007,Toi,Drama,4.4,ok,87,average length movie
2007,Bagboy,Comedy,4.4,ok,94,average length movie
2007,Hasta el viento tiene miedo,"Drama, Horror, Mystery",4.4,ok,90,average length movie
2009,The Black Waters of Echo's Pond,"Fantasy, Horror, Thriller",4.4,ok,89,average length movie
2009,Perestroika,Drama,4.4,ok,116,long movie
2007,Kollegiet,Horror,4.4,ok,91,average length movie
2007,Anna Nicole,"Biography, Drama",4.4,ok,87,average length movie
2008,Control Alt Delete,"Comedy, Drama",4.4,ok,93,average length movie
2009,Made for Each Other,Comedy,4.4,ok,96,average length movie
2007,Arnolds Park,"Mystery, Thriller",4.4,ok,103,long movie
2009,Deep in the Valley,Comedy,4.4,ok,96,average length movie
2007,Cape Karma,"Drama, Mystery, Thriller",4.4,ok,90,average length movie
2008,Bodyguard: A New Beginning,"Action, Drama",4.4,ok,95,average length movie
2008,Kummeli Alivuokralainen,Comedy,4.4,ok,104,long movie
2007,Kod apokalipsisa,"Action, Adventure",4.4,ok,106,long movie
2007,Psyhraimia,Comedy,4.4,ok,100,long movie
2007,Järnets änglar,Drama,4.4,ok,113,long movie
2008,Freezer Burn: The Invasion of Laxdale,"Action, Adventure, Comedy",4.4,ok,90,average length movie
2009,Giallo,"Crime, Drama, Horror",4.4,ok,92,average length movie
2009,Hannah Montana: The Movie,"Comedy, Drama, Family",4.4,ok,102,long movie
2009,Flying By,"Drama, Family, Music",4.4,ok,90,average length movie
2008,Shôrin shôjo,"Action, Comedy, Fantasy",4.4,ok,107,long movie
2009,Madea Goes to Jail,"Comedy, Crime, Drama",4.4,ok,103,long movie
2009,The Least Among You,"Biography, Drama",4.4,ok,98,average length movie
2009,The Cycle,"Horror, Thriller",4.4,ok,89,average length movie
2009,"Sorry, Thanks",Comedy,4.4,ok,93,average length movie
2009,Crush,"Horror, Mystery, Thriller",4.4,ok,82,average length movie
2009,Babysitters Beware,"Comedy, Family",4.4,ok,72,average length movie
2009,The Undying,Thriller,4.4,ok,108,long movie
2008,Oi dau dai,Comedy,4.4,ok,105,long movie
2009,Bled White,Horror,4.4,ok,85,average length movie
2008,Tiro en la cabeza,Drama,4.4,ok,85,average length movie
2009,Bitch Slap,"Action, Comedy, Crime",4.4,ok,109,long movie
2008,Un'estate al mare,Comedy,4.4,ok,115,long movie
2009,Barbarossa,"Drama, History, War",4.4,ok,139,long movie
2009,Godspeed,"Drama, Mystery, Thriller",4.4,ok,99,average length movie
2007,FB: Fighting Beat,Action,4.4,ok,78,average length movie
2009,1 Day,Drama,4.4,ok,102,long movie
2008,Bittersweet,Drama,4.4,ok,75,average length movie
2009,Questo piccolo grande amore,"Comedy, Romance",4.4,ok,110,long movie
2009,Summer's Blood,"Horror, Thriller",4.4,ok,91,average length movie
2010,Dancing Ninja,"Action, Comedy, Crime",4.4,ok,98,average length movie
2010,The Presence,"Drama, Horror, Thriller",4.4,ok,87,average length movie
2009,Passengers,Drama,4.4,ok,82,average length movie
2008,Passion,Drama,4.4,ok,115,long movie
2009,Psalm 21,"Horror, Thriller",4.4,ok,114,long movie
2008,S.S.D.,"Horror, Thriller",4.4,ok,110,long movie
2008,Ai qing hu jiao zhuan yi II: Ai qing zuo you,"Comedy, Romance",4.4,ok,110,long movie
2009,Le séminaire Caméra Café,Comedy,4.4,ok,95,average length movie
2009,I Can Do Bad All by Myself,"Comedy, Drama",4.4,ok,113,long movie
2007,Ekhrajiha,"Action, Comedy, Drama",4.4,ok,107,long movie
2010,Bedrooms,"Drama, Romance",4.4,ok,85,average length movie
2009,Prinzessin Lillifee,"Animation, Family",4.4,ok,70,average length movie
2010,Slime City Massacre,"Action, Horror, Sci-Fi",4.4,ok,85,average length movie
2010,13 Hrs,"Action, Horror, Thriller",4.4,ok,81,average length movie
2009,Samurai purinsesu: Gedô-hime,"Action, Horror",4.4,ok,82,average length movie
2010,Alien Opponent,"Action, Comedy, Sci-Fi",4.4,ok,92,average length movie
2009,Mesthri,Drama,4.4,ok,137,long movie
2009,The Landlord,"Comedy, Horror",4.4,ok,98,average length movie
2009,Zombie Dearest,"Comedy, Horror",4.4,ok,85,average length movie
2010,Boðberi,"Drama, Mystery, Thriller",4.4,ok,96,average length movie
2010,Caught in the Crossfire,"Action, Crime, Thriller",4.4,ok,85,average length movie
2010,Randka w ciemno,"Comedy, Romance",4.4,ok,95,average length movie
2010,Uninhabited,"Horror, Thriller",4.4,ok,93,average length movie
2009,The Human Centipede (First Sequence),Horror,4.4,ok,92,average length movie
2010,Rising Stars,"Drama, Family",4.4,ok,90,average length movie
2008,Realnyy papa,Comedy,4.4,ok,100,long movie
2009,Ji qi xia,"Action, Comedy, Romance",4.4,ok,102,long movie
2010,Darkening Sky,"Horror, Thriller",4.4,ok,83,average length movie
2009,Incir çekirdegi,Drama,4.4,ok,82,average length movie
2010,The Boy She Met Online,Thriller,4.4,ok,89,average length movie
2010,Deleted Scenes,"Drama, Romance",4.4,ok,89,average length movie
2010,Skyline,"Action, Sci-Fi, Thriller",4.4,ok,92,average length movie
2010,The Killing of Jacob Marr,Horror,4.4,ok,110,long movie
2010,Score: A Hockey Musical,Musical,4.4,ok,93,average length movie
2010,Kyonyû doragon: Onsen zonbi vs sutorippâ 5,"Action, Comedy, Horror",4.4,ok,73,average length movie
2010,Help,"Horror, Thriller",4.4,ok,109,long movie
2010,Sniadanie do lózka,Comedy,4.4,ok,85,average length movie
2010,Retorno,"Crime, Mystery, Sci-Fi",4.4,ok,80,average length movie
2010,Tournament,"Drama, Thriller",4.4,ok,150,long movie
2010,AniMen: Triton Force,"Animation, Adventure, Sci-",4.4,ok,90,average length movie
2010,Kubilay,History,4.4,ok,100,long movie
2007,The Junior Defenders,Comedy,4.3,ok,83,average length movie
2005,Fortunes,Comedy,4.3,ok,91,average length movie
2006,How to Go Out on a Date in Queens,"Comedy, Romance",4.3,ok,90,average length movie
2005,Black Wine,Thriller,4.3,ok,88,average length movie
2005,Diamond Zero,"Sci-Fi, Action, Comedy",4.3,ok,85,average length movie
2006,Goose on the Loose,"Adventure, Comedy, Family",4.3,ok,87,average length movie
2005,Silence Becomes You,"Drama, Horror, Mystery",4.3,ok,88,average length movie
2008,Delgo,"Animation, Adventure, Come",4.3,ok,94,average length movie
2005,Bewafaa,"Drama, Romance",4.3,ok,149,long movie
2005,Underclassman,"Action, Comedy, Crime",4.3,ok,95,average length movie
2006,Rampage: The Hillside Strangler Murders,"Crime, Drama, Thriller",4.3,ok,85,average length movie
2005,Ghosts Never Sleep,Drama,4.3,ok,85,average length movie
2006,Zoom,"Action, Adventure, Comedy",4.3,ok,83,average length movie
2005,King's Ransom,"Comedy, Crime",4.3,ok,95,average length movie
2005,The Third Wish,"Romance, Comedy",4.3,ok,93,average length movie
2005,Supercross,"Action, Drama, Romance",4.3,ok,80,average length movie
2005,Hirsiz Var!,"Adventure, Comedy, Crime",4.3,ok,96,average length movie
2005,Lethal Eviction,Thriller,4.3,ok,97,average length movie
2005,Dans tes rêves,Drama,4.3,ok,102,long movie
2006,A New Wave,"Action, Crime",4.3,ok,93,average length movie
2005,Erkan & Stefan in Der Tod kommt krass,Comedy,4.3,ok,97,average length movie
2006,Basic Instinct 2,"Drama, Mystery, Thriller",4.3,ok,114,long movie
2005,Andarivaadu,"Action, Comedy, Drama",4.3,ok,162,long movie
2005,Wild Country,Horror,4.3,ok,67,average length movie
2005,Undiscovered,"Comedy, Music, Romance",4.3,ok,97,average length movie
2005,Demon Hunter,Horror,4.3,ok,78,average length movie
2007,The Gene Generation,"Action, Sci-Fi",4.3,ok,96,average length movie
2006,Twisted Sisters,"Crime, Thriller",4.3,ok,97,average length movie
2006,Cyxork 7,"Comedy, Sci-Fi",4.3,ok,92,average length movie
2005,Olé!,Comedy,4.3,ok,98,average length movie
2005,Naina,"Drama, Horror, Mystery",4.3,ok,104,long movie
2005,Fareb,"Drama, Thriller",4.3,ok,129,long movie
2006,Red Ridge,"Action, Drama, Thriller",4.3,ok,89,average length movie
2005,Sins,"Drama, Romance",4.3,ok,138,long movie
2005,24/7: The Passion of Life,Drama,4.3,ok,116,long movie
2006,Deaden,Action,4.3,ok,90,average length movie
2007,Adventures of Johnny Tao,"Action, Adventure, Music",4.3,ok,90,average length movie
2006,In a Dark Place,"Horror, Thriller",4.3,ok,95,average length movie
2005,Udayon,"Action, Drama, Family",4.3,ok,180,epic movie
2006,The Lonely Ones,Horror,4.3,ok,97,average length movie
2006,TKKG und die rätselhafte Mind-Machine,"Action, Adventure, Crime",4.3,ok,117,long movie
2006,The Plague,Drama,4.3,ok,104,long movie
2006,Nice Guys,"Comedy, Crime",4.3,ok,100,long movie
2006,You Did What?,Comedy,4.3,ok,87,average length movie
2006,Eccezzziunale veramente - Capitolo secondo... me,Comedy,4.3,ok,108,long movie
2006,I.R.A.: King of Nothing,"Action, Drama",4.3,ok,85,average length movie
2006,The Entrance,"Horror, Thriller",4.3,ok,81,average length movie
2007,Be My Baby,"Comedy, Romance",4.3,ok,86,average length movie
2005,Cutting Room!,Horror,4.3,ok,75,average length movie
2006,Honor,"Action, Drama",4.3,ok,87,average length movie
2006,Olsenbanden Junior på cirkus,Family,4.3,ok,92,average length movie
2005,Lie Still,Horror,4.3,ok,80,average length movie
2007,The Green Chain,Drama,4.3,ok,90,average length movie
2007,Kaw,"Horror, Sci-Fi, Thriller",4.3,ok,85,average length movie
2006,The Legend of Sasquatch,"Animation, Family",4.3,ok,74,average length movie
2006,De kik azok a Lumnitzer növérek?,Comedy,4.3,ok,93,average length movie
2006,Domestic Import,Comedy,4.3,ok,102,long movie
2006,Ouija,"Drama, Mystery, Romance",4.3,ok,114,long movie
2005,Harim Karim,"Comedy, Romance",4.3,ok,117,long movie
2007,The Empty Acre,Horror,4.3,ok,103,long movie
2007,The Chair,"Drama, Horror, Thriller",4.3,ok,89,average length movie
2006,Yeogyosu-ui eunmilhan maeryeok,"Comedy, Romance",4.3,ok,104,long movie
2008,Kill Kill Faster Faster,Thriller,4.3,ok,97,average length movie
2007,The Comebacks,"Comedy, Sport",4.3,ok,84,average length movie
2007,Rockaway,"Action, Crime, Drama",4.3,ok,78,average length movie
2008,Wieners,"Adventure, Comedy",4.3,ok,89,average length movie
2006,Day on Fire,Drama,4.3,ok,91,average length movie
2006,Paramasivan,"Action, Thriller",4.3,ok,160,long movie
2006,"Isi & Disi, alto voltaje",Comedy,4.3,ok,91,average length movie
2008,Drifter,"Fantasy, Thriller",4.3,ok,100,long movie
2007,Rain in the Mountains,Comedy,4.3,ok,90,average length movie
2006,Vampire Diary,"Drama, Fantasy, Horror",4.3,ok,90,average length movie
2007,Two Tigers,"Action, Crime, Drama",4.3,ok,90,average length movie
2007,Scrivilo sui muri,"Comedy, Drama, Romance",4.3,ok,89,average length movie
2006,Watch Me,Horror,4.3,ok,78,average length movie
2007,Gimme Skelter,Horror,4.3,ok,90,average length movie
2008,Never Forget,"Crime, Mystery, Thriller",4.3,ok,90,average length movie
2006,Zhara,"Comedy, Romance",4.3,ok,95,average length movie
2008,This Is Not a Test,"Comedy, Drama",4.3,ok,89,average length movie
2008,Peri tozu,"Drama, Romance",4.3,ok,85,average length movie
2006,Rojo Intenso,Thriller,4.3,ok,114,long movie
2007,Sum seung si sing,"Comedy, Fantasy, Romance",4.3,ok,105,long movie
2006,Flesh.ka,"Crime, Drama, Thriller",4.3,ok,105,long movie
2007,The Last Gateway,Sci-Fi,4.3,ok,105,long movie
2009,Cabin Fever 2: Spring Fever,Horror,4.3,ok,86,average length movie
2007,I Was a Swiss Banker,Romance,4.3,ok,75,average length movie
2007,Steel Trap,"Horror, Thriller",4.3,ok,89,average length movie
2008,Broken Windows,Drama,4.3,ok,97,average length movie
2008,College Road Trip,"Adventure, Comedy, Drama",4.3,ok,83,average length movie
2008,Jack Says,"Crime, Drama, Thriller",4.3,ok,85,average length movie
2008,Major Movie Star,"Adventure, Comedy, Drama",4.3,ok,98,average length movie
2007,Jump Offs,Comedy,4.3,ok,90,average length movie
2008,Meet the Browns,"Comedy, Drama, Romance",4.3,ok,100,long movie
2008,9 és 1/2 randi,"Comedy, Romance",4.3,ok,100,long movie
2007,Butch Jamie,"Comedy, Romance",4.3,ok,84,average length movie
2007,Kissy Kissy,Drama,4.3,ok,130,long movie
2005,Nochnoy bazar,"Action, Comedy, Fantasy",4.3,ok,116,long movie
2010,Beyond the Grave,"Action, Crime, Horror",4.3,ok,89,average length movie
2009,Red Sands,"Action, Horror, Thriller",4.3,ok,89,average length movie
2008,Bonnie & Clyde vs. Dracula,"Action, Crime, Horror",4.3,ok,91,average length movie
2007,Oil on Water,"Drama, Romance",4.3,ok,109,long movie
2008,80 Minutes,"Action, Crime, Thriller",4.3,ok,92,average length movie
2009,We Are the Mods,Drama,4.3,ok,80,average length movie
2009,Cornered!,Horror,4.3,ok,87,average length movie
2008,Chrysalis,Sci-Fi,4.3,ok,88,average length movie
2009,El Contrato,"Action, Crime, Romance",4.3,ok,95,average length movie
2009,Direct Contact,"Action, Thriller",4.3,ok,90,average length movie
2010,Le village des ombres,"Horror, Mystery, Thriller",4.3,ok,103,long movie
2008,Taková normální rodinka,Comedy,4.3,ok,90,average length movie
2007,Opapatika,"Action, Fantasy, Sci-Fi",4.3,ok,103,long movie
2008,Red Victoria,"Comedy, Horror",4.3,ok,89,average length movie
2008,Bellini e o Demônio,"Action, Crime, Mystery",4.3,ok,120,long movie
2008,Breathing Room,"Horror, Mystery, Thriller",4.3,ok,89,average length movie
2008,EMI: Liya Hai To Chukana Padega,"Comedy, Crime, Drama",4.3,ok,180,epic movie
2010,The Last Rites of Ransom Pride,"Drama, Thriller, Western",4.3,ok,83,average length movie
2008,Kabten hima,"Comedy, Musical",4.3,ok,120,long movie
2009,Twists of Fate,"Action, Crime",4.3,ok,86,average length movie
2010,Cats & Dogs: The Revenge of Kitty Galore,"Action, Comedy, Family",4.3,ok,82,average length movie
2009,The Echo Game,"Drama, Fantasy, Horror",4.3,ok,78,average length movie
2009,Kniga masterov,"Adventure, Family, Fantasy",4.3,ok,101,long movie
2009,Bigfoot,"Adventure, Family",4.3,ok,90,average length movie
2009,Road of No Return,"Action, Drama",4.3,ok,91,average length movie
2009,Drive-In Horrorshow,Horror,4.3,ok,108,long movie
2009,American Virgin,Comedy,4.3,ok,88,average length movie
2008,Chilly Beach: The Canadian President,Animation,4.3,ok,90,average length movie
2009,Must Love Death,"Comedy, Horror, Romance",4.3,ok,90,average length movie
2010,The Last Harbor,"Mystery, Thriller",4.3,ok,91,average length movie
2010,Mesa sto dasos,"Drama, Mystery, Romance",4.3,ok,97,average length movie
2009,Jack in the Box,Horror,4.3,ok,88,average length movie
2009,Dough Boys,"Action, Crime, Drama",4.3,ok,93,average length movie
2009,Aaron Albeit a Hero,"Action, Comedy, Thriller",4.3,ok,82,average length movie
2009,Zhang wu shuang,"Action, Crime",4.3,ok,87,average length movie
2008,I Love Dries,Comedy,4.3,ok,80,average length movie
2010,Earthling,Sci-Fi,4.3,ok,111,long movie
2010,Orgy of the Damned,"Fantasy, Horror, Thriller",4.3,ok,92,average length movie
2010,Rage,"Action, Drama, Horror",4.3,ok,85,average length movie
2009,General. Zamach na Gibraltarze,"Biography, History, War",4.3,ok,90,average length movie
2010,Stalker,"Horror, Thriller",4.3,ok,77,average length movie
2009,Evil Things,"Horror, Mystery, Thriller",4.3,ok,86,average length movie
2010,Sophie,Family,4.3,ok,100,long movie
2009,Svik,Action,4.3,ok,103,long movie
2008,Majnoone leyli,"Drama, Romance",4.3,ok,84,average length movie
2010,Elle: A Modern Cinderella Tale,"Drama, Family",4.3,ok,90,average length movie
2009,"Lula, o Filho do Brasil","Biography, Drama, History",4.3,ok,130,long movie
2010,Open House,"Crime, Drama, Thriller",4.3,ok,88,average length movie
2009,Lucky Bastard,"Drama, Romance",4.3,ok,87,average length movie
2009,Amanda,"Comedy, Drama, Romance",4.3,ok,90,average length movie
2010,Loving the Bad Man,"Crime, Drama, Romance",4.3,ok,104,long movie
2009,Night of the Living Dead: Reanimated,"Animation, Action, Drama",4.3,ok,96,average length movie
2010,Kill Katie Malone,"Horror, Thriller",4.3,ok,88,average length movie
2010,Walking the Dead,Horror,4.3,ok,85,average length movie
2010,President's Day,"Comedy, Crime, Horror",4.3,ok,80,average length movie
2010,Alien vs. Ninja,"Action, Comedy, Fantasy",4.3,ok,80,average length movie
2010,Devil's Bridge,"Horror, Thriller",4.3,ok,84,average length movie
2010,Locked Down,"Action, Crime, Thriller",4.3,ok,99,average length movie
2010,Tai hong,"Horror, Thriller",4.3,ok,100,long movie
2010,Rokkk,"Drama, Horror, Mystery",4.3,ok,180,epic movie
2010,Pig,Horror,4.3,ok,70,average length movie
2010,Çok Filim Hareketler Bunlar,Comedy,4.3,ok,134,long movie
2010,Kushti,Comedy,4.3,ok,121,long movie
2010,Huang cun gong yu,Horror,4.3,ok,96,average length movie
2010,Dobogó kövek,Comedy,4.3,ok,102,long movie
2010,The Bucks County Massacre,"Action, Horror, Thriller",4.3,ok,84,average length movie
2010,Bastardi,"Comedy, Crime, Drama",4.3,ok,81,average length movie
2006,Pretty Cool,"Comedy, Sci-Fi",4.2,ok,92,average length movie
2006,Under Surveillance,"Horror, Mystery, Thriller",4.2,ok,89,average length movie
2005,A Sound of Thunder,"Action, Adventure, Horror",4.2,ok,101,long movie
2005,Boogeyman,"Drama, Horror, Mystery",4.2,ok,89,average length movie
2005,Khullam Khulla Pyaar Karen,Comedy,4.2,ok,155,long movie
2005,Boo,Horror,4.2,ok,94,average length movie
2010,Utomlennye solntsem 2,"Drama, History, War",4.2,ok,181,epic movie
2006,Cloud 9,"Comedy, Sport",4.2,ok,93,average length movie
2005,Complete Guide to Guys,Comedy,4.2,ok,83,average length movie
2005,Die Wilden Kerle 2,"Comedy, Family, Sport",4.2,ok,95,average length movie
2007,The Hit,"Drama, Thriller",4.2,ok,97,average length movie
2010,Disconnect,"Drama, Mystery, Sci-Fi",4.2,ok,112,long movie
2007,Are We Done Yet?,"Comedy, Family, Fantasy",4.2,ok,92,average length movie
2005,Between,"Drama, Mystery, Thriller",4.2,ok,79,average length movie
2005,Stillwater,Thriller,4.2,ok,90,average length movie
2006,Hollywood Dreams,"Comedy, Drama, Romance",4.2,ok,100,long movie
2005,Lost in Plainview,"Action, Thriller",4.2,ok,93,average length movie
2006,Room 6,"Horror, Mystery, Thriller",4.2,ok,94,average length movie
2006,Undoing,"Crime, Drama, Thriller",4.2,ok,90,average length movie
2006,Who Made the Potatoe Salad?,"Comedy, Romance",4.2,ok,90,average length movie
2005,Um Lobisomem na Amazônia,"Comedy, Horror",4.2,ok,76,average length movie
2008,Bad Guys,"Action, Crime, Thriller",4.2,ok,90,average length movie
2005,The Final Patient,"Horror, Thriller",4.2,ok,100,long movie
2006,98 Octanas,"Adventure, Drama, Romance",4.2,ok,94,average length movie
2006,Simon Says,"Horror, Thriller",4.2,ok,87,average length movie
2008,The Coffin,"Horror, Thriller",4.2,ok,86,average length movie
2005,Confessions of a Pit Fighter,"Action, Drama",4.2,ok,95,average length movie
2007,Spinning Into Butter,Drama,4.2,ok,86,average length movie
2005,Infection,Horror,4.2,ok,81,average length movie
2005,Tomie: Revenge,Horror,4.2,ok,72,average length movie
2005,Night of the Day of the Dawn of the Son of the Brid,"Comedy, Horror",4.2,ok,80,average length movie
2006,Sarhad Paar,"Action, Drama, Romance",4.2,ok,117,long movie
2005,Aashiq Banaya Aapne: Love Takes Over,"Drama, Romance, Thriller",4.2,ok,115,long movie
2005,Bad Reputation,"Drama, Horror, Thriller",4.2,ok,90,average length movie
2010,Perfect Life,"Horror, Thriller",4.2,ok,98,average length movie
2006,The 8th Plague,"Action, Horror",4.2,ok,90,average length movie
2007,Duhovi Sarajeva,Comedy,4.2,ok,95,average length movie
2006,The Lookalike,Comedy,4.2,ok,103,long movie
2007,Puffball,"Drama, Fantasy, Horror",4.2,ok,120,long movie
2005,Maskeli Besler: Intikam Pesinde,"Comedy, Crime",4.2,ok,89,average length movie
2006,Un macho de mujer,Comedy,4.2,ok,100,long movie
2007,Dolphins,"Action, Drama, Romance",4.2,ok,112,long movie
2006,Soul's Midnight,"Horror, Thriller",4.2,ok,90,average length movie
2007,The Rage,Horror,4.2,ok,85,average length movie
2006,Dün gece bir rüya gördüm,Drama,4.2,ok,90,average length movie
2009,He's Such a Girl,"Comedy, Drama, Romance",4.2,ok,83,average length movie
2006,Footsteps,"Drama, Thriller",4.2,ok,80,average length movie
2006,Il mercante di pietre,"Drama, Thriller",4.2,ok,119,long movie
2008,Black Crescent Moon,"Crime, Drama, Mystery",4.2,ok,93,average length movie
2006,Marvelous,"Comedy, Drama",4.2,ok,90,average length movie
2009,Surviving Evil,"Action, Horror, Thriller",4.2,ok,90,average length movie
2006,La máquina de bailar,"Comedy, Music",4.2,ok,109,long movie
2006,Sun Kissed,"Drama, Romance",4.2,ok,92,average length movie
2006,Tjocktjuven,"Comedy, Drama, Romance",4.2,ok,82,average length movie
2007,Redrum,Comedy,4.2,ok,88,average length movie
2007,La crisis carnívora,"Animation, Comedy",4.2,ok,78,average length movie
2006,Shark Bait,"Animation, Family",4.2,ok,77,average length movie
2005,L'educazione sentimentale di Eugénie,"Comedy, Drama",4.2,ok,83,average length movie
2006,Boss,Romance,4.2,ok,151,long movie
2007,Tick Tock Lullaby,Drama,4.2,ok,73,average length movie
2006,Seus Problemas Acabaram!!!,Comedy,4.2,ok,80,average length movie
2006,Mercury Man,Action,4.2,ok,106,long movie
2008,Clean Break,"Drama, Thriller",4.2,ok,93,average length movie
2007,Underground,Action,4.2,ok,95,average length movie
2009,Open Graves,"Horror, Thriller",4.2,ok,88,average length movie
2007,Bottom Feeder,"Horror, Sci-Fi, Thriller",4.2,ok,86,average length movie
2010,Wreckage,"Horror, Thriller",4.2,ok,87,average length movie
2006,Ming Ming,"Action, Mystery, Romance",4.2,ok,105,long movie
2007,2 Minutes Later,"Adventure, Comedy, Thrille",4.2,ok,78,average length movie
2009,Robodoc,"Comedy, Sci-Fi",4.2,ok,96,average length movie
2007,Raqeeb,"Crime, Drama, Mystery",4.2,ok,124,long movie
2007,Putevoy obkhodchik,"Horror, Thriller",4.2,ok,80,average length movie
2007,Gangsta Rap: The Glockumentary,Comedy,4.2,ok,82,average length movie
2007,Resurrection Mary,"Horror, Romance, Thriller",4.2,ok,91,average length movie
2008,Odysseus & the Isle of Mists,"Action, Adventure, Fantasy",4.2,ok,88,average length movie
2006,A Bothered Conscience,Horror,4.2,ok,87,average length movie
2008,Disco,Comedy,4.2,ok,103,long movie
2005,Don de Dios,Drama,4.2,ok,90,average length movie
2007,Hattrick,"Comedy, Drama, Romance",4.2,ok,110,long movie
2008,One-Eyed Monster,"Comedy, Horror, Sci-Fi",4.2,ok,84,average length movie
2007,The Train: Some Lines Should Never Be Crossed...,"Crime, Drama, Thriller",4.2,ok,134,long movie
2007,Time,"Action, Crime, Thriller",4.2,ok,125,long movie
2009,Crimes of the Past,Drama,4.2,ok,92,average length movie
2010,The Nutcracker in 3D,"Action, Family, Fantasy",4.2,ok,110,long movie
2009,Put,"Action, Adventure",4.2,ok,90,average length movie
2008,Impact Point,Thriller,4.2,ok,90,average length movie
2008,Theft,"Comedy, Romance",4.2,ok,90,average length movie
2007,Never Down,Drama,4.2,ok,82,average length movie
2009,My Normal,"Drama, Romance",4.2,ok,77,average length movie
2009,ThanksKilling,"Comedy, Horror, Thriller",4.2,ok,70,average length movie
2009,H2O Extreme,"Action, Sport",4.2,ok,95,average length movie
2008,Scourge,"Horror, Mystery, Sci-Fi",4.2,ok,92,average length movie
2009,Desdemona: A Love Story,Drama,4.2,ok,89,average length movie
2007,Black Devil Doll,"Comedy, Horror",4.2,ok,73,average length movie
2009,The Sanctuary,Action,4.2,ok,87,average length movie
2009,Paying Guests,"Comedy, Drama",4.2,ok,109,long movie
2010,Dulha Mil Gaya,"Comedy, Drama, Romance",4.2,ok,152,long movie
2008,Krazzy 4,"Comedy, Crime, Drama",4.2,ok,110,long movie
2009,Baby on Board,"Comedy, Romance",4.2,ok,95,average length movie
2010,Toonpur Ka Superrhero,"Animation, Action, Adventu",4.2,ok,95,average length movie
2008,Broken Fences,"Drama, Western",4.2,ok,101,long movie
2008,Respekt,Drama,4.2,ok,73,average length movie
2008,The Dead Outside,"Horror, Mystery, Thriller",4.2,ok,86,average length movie
2008,Bhale Dongalu,Romance,4.2,ok,130,long movie
2010,Tic,"Action, Crime, Thriller",4.2,ok,97,average length movie
2008,Dangerous Calling,Thriller,4.2,ok,94,average length movie
2008,Contract,"Action, Crime, Drama",4.2,ok,117,long movie
2009,Adopted,Comedy,4.2,ok,80,average length movie
2008,Mexican Gangster,Action,4.2,ok,89,average length movie
2008,Dead Fury,"Animation, Action, Comedy",4.2,ok,82,average length movie
2009,Second Life,Drama,4.2,ok,85,average length movie
2008,Natale a Rio,Comedy,4.2,ok,114,long movie
2007,Ghaedeye bazi,Comedy,4.2,ok,95,average length movie
2009,Äntligen midsommar!,Comedy,4.2,ok,86,average length movie
2008,The Open Door,Horror,4.2,ok,94,average length movie
2010,Tung ngan,Horror,4.2,ok,97,average length movie
2010,Protéger & servir,Comedy,4.2,ok,91,average length movie
2010,The Erotic Man,Drama,4.2,ok,85,average length movie
2009,Idealny facet dla mojej dziewczyny,Comedy,4.2,ok,124,long movie
2009,Recep Ivedik 2,Comedy,4.2,ok,107,long movie
2009,The Widow's Might,"Adventure, Comedy, Family",4.2,ok,101,long movie
2010,Marmaduke,"Comedy, Family",4.2,ok,87,average length movie
2010,Action Replayy,"Comedy, Romance, Sci-Fi",4.2,ok,129,long movie
2010,Pastor Shepherd,Comedy,4.2,ok,91,average length movie
2009,Visions,"Horror, Mystery, Thriller",4.2,ok,108,long movie
2010,No Problem,"Action, Comedy, Crime",4.2,ok,139,long movie
2009,Sam Steele and the Junior Detective Agency,Family,4.2,ok,87,average length movie
2010,Gangsterboys,"Comedy, Crime",4.2,ok,82,average length movie
2010,William Vincent,"Crime, Drama",4.2,ok,100,long movie
2010,Prince,"Action, Sci-Fi, Thriller",4.2,ok,138,long movie
2010,Huge,"Comedy, Drama",4.2,ok,78,average length movie
2010,Respire,"Horror, Thriller",4.2,ok,87,average length movie
2009,Spanish Movie,Comedy,4.2,ok,83,average length movie
2009,Dai noi muk taam 009,"Action, Comedy",4.2,ok,98,average length movie
2010,Spiderhole,Horror,4.2,ok,82,average length movie
2010,Camping 2,Comedy,4.2,ok,99,average length movie
2009,Prototype,"Action, Fantasy, Sci-Fi",4.2,ok,80,average length movie
2009,Ukroshchenie stroptivykh,Comedy,4.2,ok,90,average length movie
2009,Trésor,Comedy,4.2,ok,85,average length movie
2010,Stomp the Yard 2: Homecoming,"Drama, Music",4.2,ok,89,average length movie
2009,The Fallow Field,"Horror, Thriller",4.2,ok,100,long movie
2010,Deli dumrul kurtlar kuslar aleminde,Comedy,4.2,ok,104,long movie
2010,Min søsters børn vælter Nordjylland,"Adventure, Comedy, Family",4.2,ok,76,average length movie
2010,No Reason,Horror,4.2,ok,70,average length movie
2008,Aatadista,"Action, Comedy, Drama",4.2,ok,146,long movie
2010,Shut Up and Kiss Me,"Comedy, Romance",4.2,ok,78,average length movie
2010,Klara,Family,4.2,ok,81,average length movie
2010,Mr. Singh/Mrs. Mehta,Drama,4.2,ok,118,long movie
2010,Fei cui ming zhu,"Comedy, Romance",4.2,ok,104,long movie
2010,L'appât,"Action, Comedy, Crime",4.2,ok,84,average length movie
2010,Sheltered,Horror,4.2,ok,84,average length movie
2010,Khew ar-khard,Horror,4.2,ok,106,long movie
2010,Blackmail Boys,"Romance, Thriller",4.2,ok,69,average length movie
2007,Hitler Meets Christ,"Drama, Fantasy",4.1,ok,76,average length movie
2008,Brothel,"Drama, Horror",4.1,ok,96,average length movie
2005,Beauty and the Beast,"Action, Adventure, Family",4.1,ok,90,average length movie
2005,Remedy,"Crime, Drama",4.1,ok,82,average length movie
2007,The Deep Below,"Adventure, Thriller",4.1,ok,85,average length movie
2005,Dead Meat,"Comedy, Horror",4.1,ok,87,average length movie
2006,Pucked,"Comedy, Sport",4.1,ok,83,average length movie
2005,Szöke kóla,Comedy,4.1,ok,96,average length movie
2005,Winners and Losers,"Comedy, Romance",4.1,ok,85,average length movie
2006,Rabbit Fever,Comedy,4.1,ok,85,average length movie
2006,Dark Heart,Drama,4.1,ok,102,long movie
2005,Cicatrices,"Comedy, Drama",4.1,ok,105,long movie
2005,The Salon,"Comedy, Drama",4.1,ok,90,average length movie
2005,Silsiilay,Drama,4.1,ok,134,long movie
2008,The American Standards,"Drama, Romance",4.1,ok,94,average length movie
2010,Milenge Milenge,"Drama, Romance",4.1,ok,109,long movie
2005,Piratas en el Callao,Animation,4.1,ok,78,average length movie
2005,Blackmail,"Action, Drama, Thriller",4.1,ok,126,long movie
2005,A Halfway House Christmas,Comedy,4.1,ok,50,short movie
2006,When I Find the Ocean,"Drama, Family",4.1,ok,104,long movie
2005,Nazar,Thriller,4.1,ok,138,long movie
2005,Fin de curso,Comedy,4.1,ok,90,average length movie
2006,7 Zwerge - Der Wald ist nicht genug,"Comedy, Fantasy",4.1,ok,95,average length movie
2005,The Beast of Bray Road,Horror,4.1,ok,80,average length movie
2007,Back in Business,"Adventure, Comedy, Family",4.1,ok,86,average length movie
2008,Ghostwood,"Horror, Thriller",4.1,ok,85,average length movie
2009,Tripping Forward,Comedy,4.1,ok,82,average length movie
2005,Dead Men Walking,"Action, Horror, Sci-Fi",4.1,ok,82,average length movie
2007,Hack!,"Comedy, Horror",4.1,ok,89,average length movie
2006,Nailed,"Crime, Horror, Thriller",4.1,ok,90,average length movie
2005,Hidden,Thriller,4.1,ok,93,average length movie
2005,Doll Graveyard,"Comedy, Fantasy, Horror",4.1,ok,71,average length movie
2006,Heartstopper,"Horror, Thriller",4.1,ok,92,average length movie
2006,The Last Stand,"Comedy, Drama",4.1,ok,109,long movie
2006,LovecraCked! The Movie,"Comedy, Fantasy, Horror",4.1,ok,84,average length movie
2006,Farce of the Penguins,"Animation, Comedy",4.1,ok,80,average length movie
2006,The Thirst,Horror,4.1,ok,88,average length movie
2006,Ankahee,"Biography, Drama, Romance",4.1,ok,151,long movie
2006,20 nuits et un jour de pluie,Drama,4.1,ok,85,average length movie
2008,Rome & Jewel,"Drama, Musical",4.1,ok,91,average length movie
2007,American Venus,Drama,4.1,ok,81,average length movie
2009,Live Evil,Horror,4.1,ok,97,average length movie
2007,Cougar Club,Comedy,4.1,ok,97,average length movie
2008,Asylum,"Horror, Thriller",4.1,ok,93,average length movie
2006,Coming Soon,"Comedy, Fantasy",4.1,ok,106,long movie
2006,Krummerne - Så er det jul igen,"Adventure, Family",4.1,ok,90,average length movie
2006,Cowboy Junction,"Drama, Thriller",4.1,ok,80,average length movie
2006,Shaam-e aroosi,"Comedy, Romance",4.1,ok,94,average length movie
2008,Man Maid,Comedy,4.1,ok,86,average length movie
2007,Socket,"Drama, Romance, Sci-Fi",4.1,ok,93,average length movie
2006,Event 16,Sci-Fi,4.1,ok,72,average length movie
2008,The Boneyard Collection,"Comedy, Horror",4.1,ok,99,average length movie
2007,Lake Dead,"Horror, Thriller",4.1,ok,90,average length movie
2007,One Night,"Drama, Romance",4.1,ok,97,average length movie
2007,Scar,"Crime, Horror, Thriller",4.1,ok,90,average length movie
2007,Ghost Town: The Movie,Western,4.1,ok,115,long movie
2006,I See You,"Comedy, Drama, Fantasy",4.1,ok,122,long movie
2007,Diamond Dogs,"Action, Adventure",4.1,ok,94,average length movie
2007,Bir ihtimal daha var,"Comedy, Drama, Romance",4.1,ok,102,long movie
2006,Di liu ling yi ge dian hua,Drama,4.1,ok,90,average length movie
2007,The Cradle,"Horror, Thriller",4.1,ok,107,long movie
2007,The Cellar Door,"Horror, Thriller",4.1,ok,86,average length movie
2008,Border Lost,Action,4.1,ok,105,long movie
2006,Bhoot Unkle,"Family, Fantasy",4.1,ok,105,long movie
2007,Care Bears: Oopsy Does It!,"Animation, Family",4.1,ok,72,average length movie
2006,Shtolnya,"Horror, Thriller",4.1,ok,89,average length movie
2008,XII,"Horror, Thriller",4.1,ok,81,average length movie
2006,Sudsakorn,"Action, Adventure, Fantasy",4.1,ok,115,long movie
2006,Juk-eum-yi soop,Horror,4.1,ok,98,average length movie
2010,The Last Airbender,"Action, Adventure, Family",4.1,ok,103,long movie
2008,Zombie Strippers!,"Comedy, Horror, Sci-Fi",4.1,ok,94,average length movie
2007,Alter Ego,"Drama, Romance",4.1,ok,99,average length movie
2007,Sum yuen,"Crime, Horror, Thriller",4.1,ok,98,average length movie
2007,Hau mo chu,Horror,4.1,ok,89,average length movie
2007,Pledge of Allegiance,Thriller,4.1,ok,83,average length movie
2008,iMurders,"Crime, Drama, Horror",4.1,ok,94,average length movie
2007,Windcroft,"Drama, Thriller",4.1,ok,94,average length movie
2007,Nasrani,"Action, Drama, Mystery",4.1,ok,149,long movie
2009,Deadland,"Action, Drama, Sci-Fi",4.1,ok,107,long movie
2008,Big Game,"Action, Drama, Thriller",4.1,ok,97,average length movie
2009,Frankenhood,"Comedy, Horror",4.1,ok,92,average length movie
2009,Shark City,"Comedy, Drama, Romance",4.1,ok,87,average length movie
2008,La extranjera,Drama,4.1,ok,96,average length movie
2007,Ahlam alfata al tayesh,Comedy,4.1,ok,90,average length movie
2008,Finn on the Fly,"Comedy, Family",4.1,ok,101,long movie
2009,Opposite Day,"Comedy, Family",4.1,ok,88,average length movie
2008,Yuvvraaj,"Comedy, Drama, Romance",4.1,ok,151,long movie
2009,Run! Bitch Run!,"Horror, Thriller",4.1,ok,90,average length movie
2008,A Darker Reality,Horror,4.1,ok,88,average length movie
2009,Moonlight Sonata,"Drama, Thriller",4.1,ok,102,long movie
2008,Foreign Exchange,Comedy,4.1,ok,85,average length movie
2009,Chain Letter,Horror,4.1,ok,88,average length movie
2007,Brave,Action,4.1,ok,92,average length movie
2008,U-900,"Comedy, War",4.1,ok,99,average length movie
2009,Palo Pinto Gold,Western,4.1,ok,105,long movie
2009,Sweatshop,Horror,4.1,ok,90,average length movie
2008,Gingerdead Man 2: Passion of the Crust,"Comedy, Fantasy, Horror",4.1,ok,72,average length movie
2010,Teen Patti,"Crime, Drama, Thriller",4.1,ok,142,long movie
2008,The Collective,"Mystery, Thriller",4.1,ok,85,average length movie
2008,An American Carol,"Comedy, Fantasy",4.1,ok,83,average length movie
2008,The Gates of Hell,"Horror, Thriller",4.1,ok,88,average length movie
2009,Crushed,"Horror, Thriller",4.1,ok,90,average length movie
2008,Siyama,"Action, Adventure, Drama",4.1,ok,107,long movie
2009,Sutures,"Horror, Thriller",4.1,ok,83,average length movie
2009,Wild Cherry,Comedy,4.1,ok,85,average length movie
2010,Caller ID,"Sci-Fi, Thriller",4.1,ok,98,average length movie
2009,31 North 62 East,Thriller,4.1,ok,105,long movie
2008,Ultimi della classe,Comedy,4.1,ok,90,average length movie
2010,How to Make Love to a Woman,Comedy,4.1,ok,91,average length movie
2009,Maneater,Horror,4.1,ok,92,average length movie
2009,Deadfall Trail,"Horror, Thriller",4.1,ok,98,average length movie
2008,Psycho Sleepover,"Action, Comedy, Horror",4.1,ok,87,average length movie
2009,Someone's Knocking at the Door,"Fantasy, Horror",4.1,ok,80,average length movie
2010,Dark Woods,Thriller,4.1,ok,103,long movie
2009,Limo,"Adventure, Family",4.1,ok,95,average length movie
2010,Shank,"Action, Comedy, Crime",4.1,ok,90,average length movie
2009,"Silent Night, Zombie Night","Horror, Sci-Fi",4.1,ok,83,average length movie
2010,Freight,"Action, Crime, Drama",4.1,ok,92,average length movie
2009,Family Demons,Horror,4.1,ok,80,average length movie
2010,Big Money Rustlas,"Comedy, Western",4.1,ok,95,average length movie
2010,Kottan ermittelt: Rien ne va plus,"Comedy, Crime",4.1,ok,95,average length movie
2010,Gaturro,"Animation, Family",4.1,ok,86,average length movie
2010,Hide & Seek,"Drama, Horror, Thriller",4.1,ok,105,long movie
2010,Plavi voz,Drama,4.1,ok,106,long movie
2010,Last Kung Fu Monk,"Action, Adventure, Comedy",4.1,ok,93,average length movie
2010,The Traveler,"Horror, Thriller",4.1,ok,96,average length movie
2010,My Family's Secret,"Crime, Mystery, Thriller",4.1,ok,87,average length movie
2010,Snowblind,Western,4.1,ok,95,average length movie
2010,Re-Cut,"Horror, Thriller",4.1,ok,80,average length movie
2010,I Kissed a Vampire,Musical,4.1,ok,91,average length movie
2010,Herkes mi aldatir?,Comedy,4.1,ok,98,average length movie
2008,Ramy al eatsamy,Comedy,4.1,ok,100,long movie
2010,The Newest Pledge,Comedy,4.1,ok,85,average length movie
2010,Hell Is Full,Horror,4.1,ok,97,average length movie
2010,Molina's Ferozz,"Fantasy, Horror",4.1,ok,70,average length movie
2010,My Best Bodyguard,"Action, Adventure",4.1,ok,113,long movie
2010,Jiang shi xin zhan shi,"Action, Thriller",4.1,ok,100,long movie
2007,Kolahi Baraye Baran,"Comedy, Drama",4.1,ok,94,average length movie
2005,Man-Thing,"Action, Adventure, Horror",4.0,ok,97,average length movie
2005,All Babes Want to Kill Me,"Comedy, Romance",4.0,ok,82,average length movie
2005,Tweek City,Drama,4.0,ok,86,average length movie
2009,El libro de piedra,"Drama, Fantasy, Horror",4.0,ok,84,average length movie
2005,La monja,"Drama, Horror, Thriller",4.0,ok,101,long movie
2005,Cold and Dark,"Crime, Horror, Thriller",4.0,ok,94,average length movie
2006,The West Wittering Affair,Comedy,4.0,ok,92,average length movie
2005,The Second Front,"Action, Romance, War",4.0,ok,88,average length movie
2005,Mortuary,"Horror, Mystery, Thriller",4.0,ok,94,average length movie
2010,Venus & Vegas,"Action, Comedy, Crime",4.0,ok,95,average length movie
2006,Shadow: Dead Riot,"Action, Horror",4.0,ok,81,average length movie
2006,Zyzzyx Rd,"Crime, Drama, Thriller",4.0,ok,90,average length movie
2005,It Waits,Horror,4.0,ok,88,average length movie
2006,Shaadi Karke Phas Gaya Yaar,"Comedy, Drama, Romance",4.0,ok,152,long movie
2006,Fatwa,"Drama, Thriller",4.0,ok,91,average length movie
2006,Material Girls,"Comedy, Family, Romance",4.0,ok,98,average length movie
2008,Himmerland,"Crime, Drama",4.0,ok,82,average length movie
2006,Soft Target,Action,4.0,ok,93,average length movie
2005,Sharkskin 6,Crime,4.0,ok,100,long movie
2006,The Beach Party at the Threshold of Hell,Comedy,4.0,ok,90,average length movie
2005,A Sublime Love Story: Barsaat,"Drama, Romance",4.0,ok,143,long movie
2005,Death by Engagement,"Horror, Comedy",4.0,ok,99,average length movie
2006,Inexchange,Horror,4.0,ok,90,average length movie
2005,Tryst,"Drama, Thriller",4.0,ok,83,average length movie
2007,Mexican Sunrise,"Action, Drama, Thriller",4.0,ok,85,average length movie
2007,Still Green,Drama,4.0,ok,89,average length movie
2006,Hood of Horror,"Comedy, Horror",4.0,ok,84,average length movie
2007,Unearthed,"Horror, Mystery, Sci-Fi",4.0,ok,93,average length movie
2005,Desde que amanece apetece,Comedy,4.0,ok,115,long movie
2008,Bar Starz,Comedy,4.0,ok,105,long movie
2007,Norbit,"Comedy, Romance",4.0,ok,102,long movie
2007,Myortvye docheri,"Drama, Horror",4.0,ok,123,long movie
2006,Nightmare Man,"Comedy, Horror, Thriller",4.0,ok,89,average length movie
2008,Triloquist,"Comedy, Horror",4.0,ok,80,average length movie
2007,Buried Alive,Horror,4.0,ok,94,average length movie
2008,One Missed Call,"Horror, Mystery",4.0,ok,87,average length movie
2006,Raising Jeffrey Dahmer,"Biography, Crime, Drama",4.0,ok,100,long movie
2006,Shaadi Se Pehle,"Comedy, Musical, Romance",4.0,ok,122,long movie
2010,The Invited,"Horror, Thriller",4.0,ok,95,average length movie
2006,8 of Diamonds,Crime,4.0,ok,89,average length movie
2007,Cook Off!,Comedy,4.0,ok,98,average length movie
2005,Gol-e yakh,"Drama, Romance",4.0,ok,94,average length movie
2007,Redline,Action,4.0,ok,95,average length movie
2007,Body Armour,Action,4.0,ok,90,average length movie
2006,Rocky,"Action, Drama, Romance",4.0,ok,125,long movie
2006,"Saeng, nal-seon-saeng","Comedy, Romance",4.0,ok,97,average length movie
2008,Ibid,Comedy,4.0,ok,89,average length movie
2006,Evil Bong,"Comedy, Horror",4.0,ok,86,average length movie
2006,Shiva,"Action, Crime, Drama",4.0,ok,160,long movie
2009,Growing Out,"Comedy, Horror",4.0,ok,106,long movie
2007,Dead Man's Hand,Horror,4.0,ok,81,average length movie
2006,S@motnosc w sieci,"Drama, Romance",4.0,ok,124,long movie
2006,Natale a New York,Comedy,4.0,ok,111,long movie
2006,The Zombie Diaries,"Horror, Sci-Fi",4.0,ok,85,average length movie
2006,Nature Morte,"Horror, Thriller",4.0,ok,89,average length movie
2007,Code 36,"Action, Drama",4.0,ok,90,average length movie
2008,Nite Tales: The Movie,"Horror, Thriller",4.0,ok,93,average length movie
2009,The Marc Pease Experience,"Comedy, Drama, Music",4.0,ok,84,average length movie
2008,Grizzly Park,"Adventure, Comedy, Horror",4.0,ok,91,average length movie
2008,The Cook,"Comedy, Horror",4.0,ok,85,average length movie
2008,The Double Born,"Drama, Thriller",4.0,ok,94,average length movie
2008,The Uninvited,"Horror, Thriller",4.0,ok,97,average length movie
2007,Three Minute Moments,"Comedy, Drama, Romance",4.0,ok,76,average length movie
2010,Splintered,"Horror, Thriller",4.0,ok,85,average length movie
2008,Circulation,"Action, Fantasy, Horror",4.0,ok,88,average length movie
2008,De Taali,"Comedy, Drama, Romance",4.0,ok,140,long movie
2008,The Box Collector,Thriller,4.0,ok,96,average length movie
2008,Another Gay Sequel: Gays Gone Wild!,"Comedy, Romance",4.0,ok,99,average length movie
2007,Methodic,"Action, Drama, Horror",4.0,ok,97,average length movie
2007,An Angel Named Billy,"Drama, Romance",4.0,ok,120,long movie
2009,Chandni Chowk to China,"Action, Comedy",4.0,ok,154,long movie
2008,Frode og alle de andre rødder,Family,4.0,ok,75,average length movie
2008,Swamp Devil,"Action, Horror, Sci-Fi",4.0,ok,90,average length movie
2009,And Then Came Lola,"Comedy, Drama, Romance",4.0,ok,71,average length movie
2008,Skate or Die,Action,4.0,ok,92,average length movie
2009,Oral Fixation,Thriller,4.0,ok,90,average length movie
2008,Watch Out,"Comedy, Drama, Horror",4.0,ok,89,average length movie
2007,It's My Party and I'll Die If I Want To,"Adventure, Horror",4.0,ok,80,average length movie
2009,2033,"Adventure, Sci-Fi",4.0,ok,100,long movie
2008,Scarce,"Horror, Thriller",4.0,ok,93,average length movie
2009,Die-ner (Get It?),"Comedy, Horror",4.0,ok,75,average length movie
2008,Chamku,"Action, Crime, Thriller",4.0,ok,105,long movie
2010,Gutter King,"Action, Drama, Thriller",4.0,ok,98,average length movie
2009,Ingrid,Drama,4.0,ok,94,average length movie
2008,Among Dead Men,"Action, Crime, Horror",4.0,ok,94,average length movie
2008,Snezenky a machri po 25 letech,"Comedy, Drama",4.0,ok,108,long movie
2009,Deadtime Stories,Horror,4.0,ok,77,average length movie
2009,Drifter: Henry Lee Lucas,"Crime, Horror, Thriller",4.0,ok,91,average length movie
2009,Neighbor,"Horror, Thriller",4.0,ok,90,average length movie
2006,Illustration,Comedy,4.0,ok,92,average length movie
2009,Warning!!! Pedophile Released,"Crime, Drama, Romance",4.0,ok,96,average length movie
2010,Bicycle Bride,"Comedy, Family, Romance",4.0,ok,104,long movie
2010,Unrivaled,"Action, Drama, Sport",4.0,ok,109,long movie
2010,The Confidant,Thriller,4.0,ok,90,average length movie
2010,Faa tin hei si 2010,Comedy,4.0,ok,93,average length movie
2009,Så olika,"Comedy, Drama",4.0,ok,108,long movie
2010,Cannibal,"Horror, Romance, Thriller",4.0,ok,90,average length movie
2009,Xun zhao Cheng Long,"Action, Comedy, Family",4.0,ok,85,average length movie
2009,Grado 3,"Comedy, Romance",4.0,ok,84,average length movie
2010,Christopher Roth,"Horror, Thriller",4.0,ok,100,long movie
2009,Milosc na wybiegu,"Comedy, Romance",4.0,ok,94,average length movie
2010,Disrupt/Dismantle,"Action, Crime, Drama",4.0,ok,94,average length movie
2009,Dawning,"Drama, Horror, Thriller",4.0,ok,82,average length movie
2009,Selo gori... i tako,"Comedy, Drama",4.0,ok,114,long movie
2010,God of Vampires,Horror,4.0,ok,144,long movie
2010,Recep Ivedik 3,Comedy,4.0,ok,95,average length movie
2010,A Natale mi sposo,Comedy,4.0,ok,97,average length movie
2010,The Seminarian,"Drama, Romance",4.0,ok,101,long movie
2010,If a Tree Falls,"Horror, Thriller",4.0,ok,84,average length movie
2010,The Killing Strain,"Horror, Thriller",4.0,ok,105,long movie
2010,Heavy Times,Comedy,4.0,ok,90,average length movie
2010,Klown Kamp Massacre,"Comedy, Horror",4.0,ok,84,average length movie
2010,Chikku Bukku,Romance,4.0,ok,139,long movie
2010,Da Xiao Jiang Hu,Comedy,4.0,ok,119,long movie
2010,Pyega,Horror,4.0,ok,84,average length movie
2010,Come una crisalide,Horror,4.0,ok,80,average length movie
2010,Baad Az Zohre Sagie Sagi,"Comedy, Crime, Drama",4.0,ok,103,long movie
2006,The Creature of the Sunny Side Up Trailer Park,"Comedy, Horror, Mystery",3.9,ok,105,long movie
2005,Window Theory,"Comedy, Drama, Romance",3.9,ok,87,average length movie
2007,The Devil's Muse,"Crime, Drama, Horror",3.9,ok,99,average length movie
2005,You and Your Stupid Mate,Comedy,3.9,ok,85,average length movie
2005,Bailey's Billion$,"Comedy, Family",3.9,ok,90,average length movie
2007,Bell Witch: The Movie,"Drama, Horror",3.9,ok,99,average length movie
2005,Snuff-Movie,Horror,3.9,ok,92,average length movie
2005,Soul Searcher,"Action, Fantasy, Thriller",3.9,ok,98,average length movie
2005,Cruel World,"Comedy, Horror, Thriller",3.9,ok,88,average length movie
2008,Glow Ropes: The Rise and Fall of a Bar Mitzvah Emce,Comedy,3.9,ok,90,average length movie
2006,Jak se krotí krokodýli,Family,3.9,ok,112,long movie
2005,Rag Tale,"Comedy, Romance, Drama",3.9,ok,123,long movie
2006,Cut Off,"Action, Drama",3.9,ok,85,average length movie
2006,Les bronzés 3: amis pour la vie,Comedy,3.9,ok,97,average length movie
2006,Tirante el Blanco,"Adventure, Romance",3.9,ok,122,long movie
2005,Frankenstein vs. the Creature from Blood Cove,Horror,3.9,ok,90,average length movie
2008,The Sickhouse,Horror,3.9,ok,100,long movie
2006,The Clique,Horror,3.9,ok,87,average length movie
2006,The House of Usher,"Drama, Thriller",3.9,ok,81,average length movie
2006,Church Ball,"Comedy, Sport",3.9,ok,91,average length movie
2006,Killing Down,"Action, Thriller",3.9,ok,108,long movie
2007,G.P.S.,"Mystery, Thriller",3.9,ok,98,average length movie
2006,Wild Seven,"Crime, Drama",3.9,ok,98,average length movie
2010,Harlem Hostel,"Comedy, Drama",3.9,ok,81,average length movie
2005,Banyo,Crime,3.9,ok,87,average length movie
2006,Crazy Eights,Horror,3.9,ok,80,average length movie
2005,The Torturer,Horror,3.9,ok,100,long movie
2008,The Lodge,"Horror, Thriller",3.9,ok,83,average length movie
2007,Living & Dying,"Action, Crime, Thriller",3.9,ok,90,average length movie
2005,Natale a Miami,Comedy,3.9,ok,100,long movie
2007,Six Bend Trap,"Comedy, Crime",3.9,ok,135,long movie
2006,Vedma,Horror,3.9,ok,79,average length movie
2008,Corporate Affairs,Comedy,3.9,ok,98,average length movie
2006,Lost Signal,"Horror, Thriller",3.9,ok,87,average length movie
2006,Camjackers,Comedy,3.9,ok,90,average length movie
2007,Casa de Remolienda,Drama,3.9,ok,98,average length movie
2007,Days of Darkness,Horror,3.9,ok,89,average length movie
2007,The List,Thriller,3.9,ok,105,long movie
2010,King of the Avenue,"Drama, Fantasy, Thriller",3.9,ok,83,average length movie
2008,Reverb,Horror,3.9,ok,88,average length movie
2008,Channels,Romance,3.9,ok,107,long movie
2008,Killer Pad,"Comedy, Horror",3.9,ok,84,average length movie
2006,Lockout,"Horror, Mystery, Thriller",3.9,ok,90,average length movie
2006,Horizonica,"Action, Comedy, Horror",3.9,ok,95,average length movie
2006,Pachakuthira,"Comedy, Drama, Romance",3.9,ok,144,long movie
2006,Dublerzy,"Action, Comedy",3.9,ok,110,long movie
2007,Fall Down Dead,"Horror, Thriller",3.9,ok,94,average length movie
2007,Raees,"Crime, Drama",3.9,ok,105,long movie
2007,Gomez vs. Tavarès,"Action, Comedy, Crime",3.9,ok,96,average length movie
2007,Hasutasok,Comedy,3.9,ok,82,average length movie
2007,Divine Intervention,"Comedy, Drama, Romance",3.9,ok,100,long movie
2007,Sa majesté Minor,"Comedy, Fantasy",3.9,ok,101,long movie
2006,The Murder Game,"Horror, Mystery, Thriller",3.9,ok,87,average length movie
2008,Bad Day,Thriller,3.9,ok,98,average length movie
2010,Repo,"Comedy, Drama",3.9,ok,97,average length movie
2007,Blonde Ambition,"Comedy, Romance",3.9,ok,93,average length movie
2008,Prom Night,"Horror, Mystery",3.9,ok,88,average length movie
2007,Rys,Comedy,3.9,ok,143,long movie
2009,Call Back,"Horror, Thriller",3.9,ok,92,average length movie
2009,B-Girl,"Drama, Music, Romance",3.9,ok,88,average length movie
2007,Prism,"Drama, Mystery, Sci-Fi",3.9,ok,117,long movie
2008,Battle Planet,Sci-Fi,3.9,ok,85,average length movie
2010,Kill Speed,"Action, Crime, Thriller",3.9,ok,113,long movie
2008,The Haunting of Molly Hartley,"Drama, Horror, Thriller",3.9,ok,82,average length movie
2008,The Adventures of Food Boy,"Comedy, Fantasy",3.9,ok,90,average length movie
2010,Bare Knuckles,"Action, Drama",3.9,ok,90,average length movie
2007,Dead Moon Rising,"Comedy, Horror",3.9,ok,93,average length movie
2008,Perfect Hideout,"Action, Comedy, Crime",3.9,ok,94,average length movie
2009,For Sale by Owner,"Drama, Horror, Thriller",3.9,ok,94,average length movie
2010,Seres: Genesis,"Action, Adventure, Sci-Fi",3.9,ok,110,long movie
2010,Pankh,Drama,3.9,ok,98,average length movie
2008,Lower Learning,Comedy,3.9,ok,97,average length movie
2008,Rama Rama Kya Hai Dramaaa,"Comedy, Drama, Romance",3.9,ok,180,epic movie
2010,Super Hybrid,"Horror, Sci-Fi, Thriller",3.9,ok,94,average length movie
2009,Pink,"Comedy, Drama, Romance",3.9,ok,82,average length movie
2009,Zone of the Dead,"Action, Horror, Sci-Fi",3.9,ok,101,long movie
2009,Paintball,"Action, Thriller",3.9,ok,86,average length movie
2010,Junkyard Dog,"Horror, Thriller",3.9,ok,96,average length movie
2008,Homeworld,Sci-Fi,3.9,ok,104,long movie
2009,Dark Moon Rising,"Crime, Horror, Romance",3.9,ok,124,long movie
2008,Indigo,"Action, Fantasy, Thriller",3.9,ok,95,average length movie
2009,Puck Hogs,"Comedy, Sport",3.9,ok,90,average length movie
2008,Nieruchomy poruszyciel,Thriller,3.9,ok,100,long movie
2008,Minnaminnikkoottam,"Romance, Thriller",3.9,ok,150,long movie
2008,Muro: Nalet Olsun Içimdeki Insan Sevgisine,Comedy,3.9,ok,90,average length movie
2008,Jing mou moon,"Action, Comedy",3.9,ok,87,average length movie
2009,Scout Camp,"Comedy, Family",3.9,ok,84,average length movie
2009,The Steam Experiment,"Mystery, Thriller",3.9,ok,90,average length movie
2009,Gangs,Drama,3.9,ok,90,average length movie
2008,Vi hade i alla fall tur med vädret igen!,Comedy,3.9,ok,95,average length movie
2010,Hypothermia,Horror,3.9,ok,73,average length movie
2009,Marin Blue,"Drama, Music, Romance",3.9,ok,77,average length movie
2008,No Through Road,Thriller,3.9,ok,85,average length movie
2009,Pimpin' Pee Wee,Comedy,3.9,ok,78,average length movie
2010,Nude Nuns with Big Guns,"Action, Comedy, Thriller",3.9,ok,91,average length movie
2010,Ond tro,Thriller,3.9,ok,106,long movie
2009,Soula Ela Xana,"Comedy, Romance",3.9,ok,85,average length movie
2009,Rose et noir,"Comedy, Drama",3.9,ok,100,long movie
2009,Uma Aventura na Casa Assombrada,"Adventure, Comedy, Mystery",3.9,ok,96,average length movie
2009,The Makeover,"Comedy, Drama, Romance",3.9,ok,90,average length movie
2010,Nothing Special,"Comedy, Drama",3.9,ok,100,long movie
2010,Asal,Action,3.9,ok,135,long movie
2009,Bobbos,Comedy,3.9,ok,113,long movie
2010,Arctic Blast,"Action, Adventure, Drama",3.9,ok,92,average length movie
2010,Accident on Hill Road,"Crime, Drama, Thriller",3.9,ok,105,long movie
2010,Un buen día,Drama,3.9,ok,95,average length movie
2010,Donkey,"Action, Crime, Drama",3.9,ok,90,average length movie
2009,Jashnn: The Music Within,"Drama, Musical, Romance",3.9,ok,125,long movie
2010,Nydenion,Sci-Fi,3.9,ok,89,average length movie
2010,The Maze,"Action, Horror, Thriller",3.9,ok,90,average length movie
2010,"Moskva, ya lyublyu tebya!","Comedy, Drama, Romance",3.9,ok,143,long movie
2007,Tasvie hesab,"Comedy, Crime, Drama",3.9,ok,90,average length movie
2007,Backkom-eui Mug-jan Yeo-haeng,"Animation, Adventure, Come",3.9,ok,76,average length movie
2008,Deldadeh,Comedy,3.9,ok,90,average length movie
2008,Quality Time,"Comedy, Drama, Sci-Fi",3.8,ok,82,average length movie
2005,Constellation,Drama,3.8,ok,96,average length movie
2006,30 Days,"Drama, Sport",3.8,ok,93,average length movie
2007,Kottentail,"Comedy, Horror",3.8,ok,77,average length movie
2005,Beneath Still Waters,"Drama, Fantasy, Horror",3.8,ok,96,average length movie
2005,Target of Opportunity,"Action, Drama",3.8,ok,88,average length movie
2006,Living the Dream,"Comedy, Drama",3.8,ok,92,average length movie
2005,Beverly Kills,Comedy,3.8,ok,87,average length movie
2006,Psychopathia Sexualis,Drama,3.8,ok,102,long movie
2005,Foon,Comedy,3.8,ok,82,average length movie
2005,The Rain Makers,"Action, Drama",3.8,ok,93,average length movie
2005,Balans ve manevra,Drama,3.8,ok,94,average length movie
2005,The Naked Brothers Band: The Movie,"Comedy, Family, Music",3.8,ok,90,average length movie
2005,Chehraa,Thriller,3.8,ok,136,long movie
2005,Aunt Rose,Horror,3.8,ok,90,average length movie
2005,The Toybox,"Horror, Mystery, Thriller",3.8,ok,81,average length movie
2008,Toxic,"Drama, Thriller",3.8,ok,88,average length movie
2005,Raving Maniacs,Horror,3.8,ok,80,average length movie
2006,Striking Range,"Action, Thriller",3.8,ok,96,average length movie
2007,Dead Heist,"Action, Crime, Horror",3.8,ok,80,average length movie
2007,In the Name of the King: A Dungeon Siege Tale,"Action, Adventure, Fantasy",3.8,ok,127,long movie
2009,The Ritual,"Drama, Horror",3.8,ok,114,long movie
2005,Bowser Makes a Movie,Comedy,3.8,ok,90,average length movie
2006,Automaton Transfusion,Horror,3.8,ok,75,average length movie
2007,Big Brother,"Action, Crime, Drama",3.8,ok,128,long movie
2007,Nehlle Pe Dehlla,"Action, Comedy, Crime",3.8,ok,125,long movie
2007,Kush,"Action, Crime, Thriller",3.8,ok,96,average length movie
2007,The Men Who Fell,"Horror, Sci-Fi",3.8,ok,85,average length movie
2006,Sisters,"Crime, Horror, Mystery",3.8,ok,92,average length movie
2006,Trespassers,"Horror, Thriller",3.8,ok,83,average length movie
2008,Dark World,Thriller,3.8,ok,90,average length movie
2010,Furry Vengeance,"Comedy, Family",3.8,ok,92,average length movie
2006,Dead in the Water,"Horror, Thriller",3.8,ok,83,average length movie
2007,Furnace,"Crime, Horror, Mystery",3.8,ok,86,average length movie
2007,Interstate,Thriller,3.8,ok,80,average length movie
2006,For Sale by Owner,Thriller,3.8,ok,90,average length movie
2006,Gen,Thriller,3.8,ok,105,long movie
2008,Flogging Margaret,"Comedy, Romance",3.8,ok,98,average length movie
2009,The Lost Tribe,"Adventure, Horror, Thrille",3.8,ok,100,long movie
2008,The Love Guru,"Comedy, Romance, Sport",3.8,ok,87,average length movie
2006,Alag: He Is Different.... He Is Alone...,"Action, Drama, Fantasy",3.8,ok,123,long movie
2008,Sharp as Marbles,Comedy,3.8,ok,84,average length movie
2008,Bull,"Comedy, Drama, Mystery",3.8,ok,98,average length movie
2009,Mentiras y gordas,"Comedy, Drama",3.8,ok,107,long movie
2008,"Me & You, Us, Forever",Drama,3.8,ok,92,average length movie
2006,Complexx,"Action, Drama, Horror",3.8,ok,78,average length movie
2010,"Glenn, the Flying Robot","Drama, Sci-Fi",3.8,ok,85,average length movie
2009,Transylmania,"Comedy, Horror",3.8,ok,92,average length movie
2007,Drawn by Pain,Action,3.8,ok,90,average length movie
2008,Mutant Vampire Zombies from the 'Hood!,"Action, Comedy, Horror",3.8,ok,90,average length movie
2007,Faded Dreams,"Action, Drama, Sport",3.8,ok,75,average length movie
2008,Karma Police,"Crime, Drama",3.8,ok,99,average length movie
2008,Tashan,"Action, Drama, Romance",3.8,ok,120,long movie
2010,Last Breath,Horror,3.8,ok,91,average length movie
2008,Beverly Hills Chihuahua,"Adventure, Comedy, Drama",3.8,ok,91,average length movie
2008,Beyond America,"Drama, History, Romance",3.8,ok,110,long movie
2009,Ligeia,"Horror, Thriller",3.8,ok,89,average length movie
2007,Headless Horseman,Horror,3.8,ok,87,average length movie
2009,Albino Farm,Horror,3.8,ok,90,average length movie
2009,"Little Fish, Strange Pond","Comedy, Crime, Drama",3.8,ok,80,average length movie
2009,Animals,"Horror, Thriller",3.8,ok,93,average length movie
2009,I Got Five on It Too,Comedy,3.8,ok,84,average length movie
2008,13 Hours in a Warehouse,"Horror, Thriller",3.8,ok,92,average length movie
2007,Natale in crociera,Comedy,3.8,ok,105,long movie
2007,Darling,"Drama, Horror, Romance",3.8,ok,128,long movie
2008,"Morgen, ihr Luschen! Der Ausbilder-Schmidt-Film","Action, Comedy",3.8,ok,94,average length movie
2007,Half a Person,"Comedy, Drama",3.8,ok,70,average length movie
2007,Mohakemeh,Drama,3.8,ok,90,average length movie
2010,Red Dirt Rising,Drama,3.8,ok,93,average length movie
2008,Free Style,Drama,3.8,ok,94,average length movie
2008,Jeszcze raz,"Comedy, Romance",3.8,ok,95,average length movie
2009,Kambakkht Ishq,"Action, Comedy, Romance",3.8,ok,142,long movie
2006,Anatema,"Drama, War",3.8,ok,99,average length movie
2007,Showbiz,"Action, Crime, Drama",3.8,ok,108,long movie
2008,Break,"Action, Crime, Drama",3.8,ok,83,average length movie
2008,Na vlastní nebezpecí,"Action, Thriller",3.8,ok,92,average length movie
2010,Jaane Kahan Se Aayi Hai,"Comedy, Drama, Fantasy",3.8,ok,94,average length movie
2009,Caesar and Otto's Summer Camp Massacre,"Comedy, Horror",3.8,ok,76,average length movie
2008,Playing with Fire,Thriller,3.8,ok,86,average length movie
2009,The Grind,Thriller,3.8,ok,88,average length movie
2009,The Rain,Horror,3.8,ok,108,long movie
2010,One in the Gun,Thriller,3.8,ok,92,average length movie
2009,Happily N'Ever After 2,"Animation, Adventure, Come",3.8,ok,75,average length movie
2010,Corruption.Gov,Thriller,3.8,ok,86,average length movie
2008,Vampyrer,Thriller,3.8,ok,75,average length movie
2008,Phoonk,"Drama, Horror, Mystery",3.8,ok,110,long movie
2008,Tricks of a Woman,Romance,3.8,ok,81,average length movie
2010,The Last Seven,"Drama, Horror, Sci-Fi",3.8,ok,84,average length movie
2009,Breaking Nikki,"Horror, Thriller",3.8,ok,91,average length movie
2009,Lang zai ji,"Action, Drama, History",3.8,ok,101,long movie
2009,Ci ling,"Action, Adventure, Fantasy",3.8,ok,105,long movie
2009,Hellbinders,"Action, Fantasy, Horror",3.8,ok,90,average length movie
2008,Pendragon: Sword of His Father,"Adventure, Fantasy",3.8,ok,122,long movie
2009,Julefrokosten,Comedy,3.8,ok,86,average length movie
2009,Space Girls in Beverly Hills,Sci-Fi,3.8,ok,94,average length movie
2009,Repo Chick,"Comedy, Crime",3.8,ok,85,average length movie
2009,Feisbum,Comedy,3.8,ok,92,average length movie
2009,Senritsu meikyû 3D,"Horror, Thriller",3.8,ok,89,average length movie
2009,Echelon 8,"Action, Crime, Drama",3.8,ok,118,long movie
2009,Damned by Dawn,Horror,3.8,ok,81,average length movie
2010,A Woman,Drama,3.8,ok,100,long movie
2009,Natasha Kizmet: The Movie,Comedy,3.8,ok,86,average length movie
2010,Gun,"Action, Crime, Thriller",3.8,ok,82,average length movie
2008,Nems Bond,"Comedy, Romance",3.8,ok,115,long movie
2010,V Tsenturiya. V poiskakh zacharovannykh sokrovishch,"Adventure, Comedy",3.8,ok,100,long movie
2010,Necronos,Horror,3.8,ok,127,long movie
2010,O thanatos pou onireftika,"Drama, Horror, Romance",3.8,ok,90,average length movie
2008,Lollipop,Drama,3.8,ok,136,long movie
2010,Megaman,"Action, Drama, Sci-Fi",3.8,ok,93,average length movie
2010,Dhrona 2010,"Action, Drama, Horror",3.8,ok,150,long movie
2010,Sparrow,Horror,3.8,ok,72,average length movie
2006,Gis Borideh,Drama,3.8,ok,98,average length movie
2010,Brødrene Dal og Vikingsverdets Forbannelse,"Adventure, Comedy, Family",3.8,ok,92,average length movie
2008,The President's Chef,"Comedy, Drama",3.8,ok,114,long movie
2010,Democracy Tou Rouze Roshan,Comedy,3.8,ok,94,average length movie
2009,Lady Ninja Kaede 2,"Action, Comedy",3.8,ok,70,average length movie
2005,Nowhere Man,"Comedy, Crime, Drama",3.7,ok,78,average length movie
2005,Slaughterhouse of the Rising Sun,"Comedy, Horror",3.7,ok,82,average length movie
2005,Crash Landing,"Action, Crime, Drama",3.7,ok,88,average length movie
2007,Dreamland,"Sci-Fi, Horror, Mystery",3.7,ok,77,average length movie
2006,Cattle Call,Comedy,3.7,ok,83,average length movie
2005,Iznogoud,Comedy,3.7,ok,95,average length movie
2008,American Crude,"Comedy, Drama",3.7,ok,96,average length movie
2007,Tournament of Dreams,"Drama, Sport",3.7,ok,88,average length movie
2005,All Souls Day: Dia de los Muertos,"Horror, Thriller",3.7,ok,88,average length movie
2005,The Fog,Horror,3.7,ok,100,long movie
2005,La maldición del padre Cardona,"Comedy, Drama, Romance",3.7,ok,106,long movie
2008,Dimples,"Horror, Mystery, Thriller",3.7,ok,88,average length movie
2006,The Wicker Man,"Horror, Mystery, Thriller",3.7,ok,102,long movie
2006,Hoboken Hollow,Horror,3.7,ok,98,average length movie
2005,Il ritorno del Monnezza,Comedy,3.7,ok,93,average length movie
2006,Final Move,Thriller,3.7,ok,91,average length movie
2006,The Strange Case of Dr. Jekyll and Mr. Hyde,"Horror, Sci-Fi",3.7,ok,89,average length movie
2006,All In,Drama,3.7,ok,98,average length movie
2007,Children of Wax,"Action, Crime, Drama",3.7,ok,102,long movie
2006,Les aristos,Comedy,3.7,ok,79,average length movie
2006,Sasquatch Mountain,"Action, Adventure, Horror",3.7,ok,90,average length movie
2007,"Good Boy, Bad Boy","Comedy, Musical, Romance",3.7,ok,115,long movie
2007,Brotherhood of Blood,"Horror, Thriller",3.7,ok,88,average length movie
2006,The Last Sect,"Horror, Thriller",3.7,ok,90,average length movie
2006,Marcus,"Horror, Thriller",3.7,ok,75,average length movie
2006,The Slaughter,"Comedy, Horror",3.7,ok,96,average length movie
2007,L'île aux trésors,"Adventure, Comedy",3.7,ok,100,long movie
2007,The Last Sentinel,"Action, Sci-Fi",3.7,ok,93,average length movie
2006,Die Wilden Kerle 3,"Comedy, Family, Sport",3.7,ok,120,long movie
2006,Aathi,"Action, Drama",3.7,ok,167,long movie
2010,Plumíferos - Aventuras voladoras,"Animation, Adventure, Come",3.7,ok,80,average length movie
2006,Survival,Horror,3.7,ok,80,average length movie
2007,Devil Girl,Thriller,3.7,ok,83,average length movie
2006,The Pet,"Drama, Thriller",3.7,ok,94,average length movie
2007,Jhoom Barabar Jhoom,"Drama, Romance",3.7,ok,138,long movie
2006,The Oakley Seven,"Horror, Thriller",3.7,ok,84,average length movie
2008,Closet Space,Horror,3.7,ok,99,average length movie
2010,Bulletface,Thriller,3.7,ok,82,average length movie
2009,Street Fighter: The Legend of Chun-Li,"Action, Crime, Thriller",3.7,ok,96,average length movie
2007,Left for Dead,"Action, Horror, Western",3.7,ok,84,average length movie
2007,Maskeli Besler: Irak,"Adventure, Comedy",3.7,ok,104,long movie
2010,White Wall,"Action, Mystery, Sci-Fi",3.7,ok,91,average length movie
2009,Minty: The Assassin,"Action, Adventure, Comedy",3.7,ok,80,average length movie
2007,Final Draft,"Horror, Thriller",3.7,ok,90,average length movie
2009,Night Crawlers,"Comedy, Horror",3.7,ok,76,average length movie
2007,Sarah Landon and the Paranormal Hour,"Family, Horror, Mystery",3.7,ok,81,average length movie
2007,Rich Kids,Drama,3.7,ok,90,average length movie
2008,Evilution,Horror,3.7,ok,91,average length movie
2009,Endless Bummer,Comedy,3.7,ok,87,average length movie
2009,Ratko: The Dictator's Son,"Comedy, Thriller",3.7,ok,85,average length movie
2008,El ratón Pérez 2,"Animation, Adventure, Come",3.7,ok,90,average length movie
2008,L'allenatore nel pallone 2,"Comedy, Sport",3.7,ok,108,long movie
2009,Midnight Chronicles,"Action, Adventure, Fantasy",3.7,ok,100,long movie
2007,All for Melissa,"Comedy, Romance",3.7,ok,91,average length movie
2008,Hijack,"Action, Thriller",3.7,ok,117,long movie
2008,Ugly Aur Pagli,"Comedy, Drama",3.7,ok,117,long movie
2009,The Devil's Tomb,"Action, Horror, Sci-Fi",3.7,ok,90,average length movie
2009,Cuckoo,"Drama, Thriller",3.7,ok,89,average length movie
2008,Amateur Porn Star Killer 2,"Crime, Horror",3.7,ok,80,average length movie
2009,Victory,"Drama, Sport",3.7,ok,160,long movie
2007,Kanfû-kun,Action,3.7,ok,98,average length movie
2009,Balancing the Books,"Drama, Thriller",3.7,ok,88,average length movie
2007,The Hanged Man,Thriller,3.7,ok,88,average length movie
2009,The Graves,"Adventure, Horror, Thrille",3.7,ok,88,average length movie
2009,Spion van Oranje,"Action, Comedy",3.7,ok,90,average length movie
2010,Shadows in Paradise,Action,3.7,ok,87,average length movie
2009,Blue,"Action, Adventure, Thrille",3.7,ok,119,long movie
2009,He's on My Mind,"Comedy, Romance",3.7,ok,119,long movie
2008,Kuruvi,"Action, Comedy, Drama",3.7,ok,150,long movie
2010,Downstream,"Action, Sci-Fi",3.7,ok,101,long movie
2010,Road Train,"Horror, Thriller",3.7,ok,87,average length movie
2009,Smash Cut,"Comedy, Horror",3.7,ok,86,average length movie
2010,Justin Time,"Adventure, Family",3.7,ok,89,average length movie
2009,Homewrecker,"Comedy, Romance",3.7,ok,102,long movie
2009,Männersache,Comedy,3.7,ok,90,average length movie
2009,Shoot the Duke,"Action, Comedy, Thriller",3.7,ok,77,average length movie
2008,Beck '08: Unelectable,Comedy,3.7,ok,120,long movie
2008,Mirazh,"Action, Adventure, Thrille",3.7,ok,86,average length movie
2010,A Numbers Game,Comedy,3.7,ok,76,average length movie
2008,High School Musical: El Desafío,"Family, Musical, Romance",3.7,ok,90,average length movie
2009,Cyprien,Comedy,3.7,ok,98,average length movie
2009,One Man's Treasure,Adventure,3.7,ok,85,average length movie
2009,Fire!,Action,3.7,ok,90,average length movie
2008,Vlog,Horror,3.7,ok,71,average length movie
2008,Intruder,Horror,3.7,ok,85,average length movie
2009,Jack Said,"Action, Crime, Thriller",3.7,ok,101,long movie
2007,Sovia,"Horror, Thriller",3.7,ok,89,average length movie
2009,Paper Boys,"Comedy, Drama, Music",3.7,ok,126,long movie
2009,Zloty srodek,Comedy,3.7,ok,102,long movie
2010,The Brazen Bull,Thriller,3.7,ok,85,average length movie
2009,Slave,"Crime, Thriller",3.7,ok,81,average length movie
2009,Asaruto gâruzu,"Action, Sci-Fi",3.7,ok,65,average length movie
2008,Silambattam,Family,3.7,ok,166,long movie
2009,Kanimdaki Barut,"Action, Drama",3.7,ok,91,average length movie
2009,Circle of Eight,"Horror, Mystery",3.7,ok,83,average length movie
2010,Hitler's Grave,Drama,3.7,ok,90,average length movie
2009,Los ángeles,Drama,3.7,ok,90,average length movie
2009,Wrecked,"Drama, Romance",3.7,ok,73,average length movie
2010,Little Blue Pill,Comedy,3.7,ok,93,average length movie
2010,III Slices of Life,"Horror, Sci-Fi, Thriller",3.7,ok,107,long movie
2010,Black Forest,Thriller,3.7,ok,79,average length movie
2010,The Book of Zombie,"Action, Comedy, Horror",3.7,ok,61,average length movie
2008,High School Musical: El Desafío,"Comedy, Drama, Family",3.7,ok,103,long movie
2010,Brando Unauthorized,Drama,3.7,ok,116,long movie
2010,The Feed,Horror,3.7,ok,73,average length movie
2010,Sluby panienskie,"Comedy, Romance",3.7,ok,97,average length movie
2010,Dunno Y Na Jaane Kyun...,"Drama, Romance",3.7,ok,137,long movie
2010,Tang Bohu dian Qiuxiang 2 zhi Si Da Caizi,Comedy,3.7,ok,102,long movie
2010,The School in the Woods,"Drama, Horror",3.7,ok,95,average length movie
2010,Bloodline,Horror,3.7,ok,94,average length movie
2010,Journey to Paradise,Romance,3.7,ok,134,long movie
2008,Women Are Angels,Comedy,3.7,ok,97,average length movie
2010,Poopak va Mash Mashallah,"Comedy, Drama",3.7,ok,92,average length movie
2010,Beware,Horror,3.7,ok,94,average length movie
2008,The Gateway Meat,Horror,3.7,ok,69,average length movie
2005,The Sea Wolf,"Action, Adventure, Romance",3.6,ok,94,average length movie
2005,Love Thy Neighbor,"Comedy, Drama, Mystery",3.6,ok,89,average length movie
2005,Dirty Love,"Comedy, Romance",3.6,ok,91,average length movie
2005,Fugitive Hunter,Action,3.6,ok,88,average length movie
2005,Brutal Incasso,"Action, Comedy",3.6,ok,87,average length movie
2006,Minotaur,"Action, Adventure, Fantasy",3.6,ok,93,average length movie
2006,The Surfer King,Comedy,3.6,ok,95,average length movie
2005,Siegfried,Comedy,3.6,ok,89,average length movie
2005,The Clan,"Comedy, Musical",3.6,ok,95,average length movie
2007,Metamorphosis,"Fantasy, Horror, Thriller",3.6,ok,98,average length movie
2005,The Path of Evil,"Drama, Horror",3.6,ok,113,long movie
2005,Private Moments,"Drama, Romance",3.6,ok,85,average length movie
2007,The Dead One,"Drama, Fantasy, Horror",3.6,ok,90,average length movie
2005,Game Over,"Crime, Drama, Thriller",3.6,ok,85,average length movie
2007,Unholy,"Horror, Sci-Fi, Thriller",3.6,ok,90,average length movie
2005,Fink!,Action,3.6,ok,102,long movie
2010,Diary of a Bad Lad,"Comedy, Crime",3.6,ok,92,average length movie
2007,Loaded,"Action, Crime, Thriller",3.6,ok,93,average length movie
2005,Night Fangs,"Horror, Thriller",3.6,ok,98,average length movie
2005,Mr Ya Miss,"Comedy, Fantasy",3.6,ok,136,long movie
2007,Haunted Forest,Horror,3.6,ok,81,average length movie
2005,Angli: The Movie,"Action, Crime, Thriller",3.6,ok,114,long movie
2008,God Tussi Great Ho,"Comedy, Drama, Fantasy",3.6,ok,152,long movie
2006,The Butcher,"Horror, Thriller",3.6,ok,90,average length movie
2007,Project Grey,"Sci-Fi, Thriller",3.6,ok,90,average length movie
2006,Jack's Law,"Action, Crime, Drama",3.6,ok,90,average length movie
2006,The Decoy,Western,3.6,ok,109,long movie
2008,Pineapple,Drama,3.6,ok,86,average length movie
2006,Project 313,Drama,3.6,ok,115,long movie
2006,In the Dark,"Crime, Drama",3.6,ok,89,average length movie
2007,Delta Farce,"Action, Adventure, Comedy",3.6,ok,90,average length movie
2008,Extreme Movie,Comedy,3.6,ok,86,average length movie
2006,Egy bolond százat csinál,"Comedy, Romance",3.6,ok,100,long movie
2007,The Gay Bed and Breakfast of Terror,"Comedy, Horror",3.6,ok,110,long movie
2006,Jigyaasa,Drama,3.6,ok,147,long movie
2005,Ithikon akmaiotaton,"Comedy, Drama, Romance",3.6,ok,93,average length movie
2007,Dismal,Thriller,3.6,ok,90,average length movie
2006,Romeo & Juliet: Sealed with a Kiss,"Animation, Family, Romance",3.6,ok,76,average length movie
2007,The Woods Have Eyes,"Horror, Thriller",3.6,ok,90,average length movie
2007,The Pink Conspiracy,Comedy,3.6,ok,97,average length movie
2008,Lady Godiva,"Horror, Romance",3.6,ok,89,average length movie
2010,Killer by Nature,"Adventure, Crime, Drama",3.6,ok,94,average length movie
2007,Megy a gözös,Comedy,3.6,ok,90,average length movie
2008,From a Place of Darkness,"Drama, Horror, Thriller",3.6,ok,84,average length movie
2007,Dlaczego nie!,"Comedy, Romance",3.6,ok,97,average length movie
2008,Dark Reel,"Comedy, Horror, Thriller",3.6,ok,109,long movie
2007,Kya Love Story Hai,"Comedy, Drama, Romance",3.6,ok,120,long movie
2006,Plasterhead,"Horror, Mystery, Thriller",3.6,ok,94,average length movie
2007,I Know Who Killed Me,"Crime, Drama, Mystery",3.6,ok,105,long movie
2010,The Penthouse,Comedy,3.6,ok,89,average length movie
2007,The Hitchhiker,"Horror, Thriller",3.6,ok,86,average length movie
2007,The Haunting of Marsten Manor,"Horror, Mystery",3.6,ok,85,average length movie
2008,ROT: Reunion of Terror,Horror,3.6,ok,82,average length movie
2008,Craig,"Drama, Horror, Thriller",3.6,ok,100,long movie
2007,Konservy,Action,3.6,ok,112,long movie
2008,MindFlesh,"Horror, Sci-Fi, Thriller",3.6,ok,71,average length movie
2008,Mortadelo y Filemón. Misión: Salvar la Tierra,"Comedy, Family",3.6,ok,94,average length movie
2007,Gauri: The Unborn,"Drama, Horror, Thriller",3.6,ok,98,average length movie
2007,Snuff 102,"Horror, Thriller",3.6,ok,105,long movie
2007,Curse of the Pink Panties,"Action, Comedy, Crime",3.6,ok,78,average length movie
2010,The Portal,Horror,3.6,ok,86,average length movie
2009,Poker Run,Thriller,3.6,ok,97,average length movie
2008,Red Canyon,"Action, Horror, Thriller",3.6,ok,98,average length movie
2008,Behind the Wall,"Horror, Thriller",3.6,ok,94,average length movie
2008,The Art of Pain,Comedy,3.6,ok,88,average length movie
2007,Japan Japan,Drama,3.6,ok,65,average length movie
2008,Shadowland,"Horror, Thriller",3.6,ok,99,average length movie
2010,Something Like a Business,Comedy,3.6,ok,80,average length movie
2010,A Day of Violence,"Crime, Thriller",3.6,ok,91,average length movie
2009,Fatal Rescue,"Action, Drama, Romance",3.6,ok,90,average length movie
2009,Hired Gun,"Action, Crime",3.6,ok,107,long movie
2009,Zombie Farm,"Fantasy, Horror, Thriller",3.6,ok,90,average length movie
2008,Bakkermann,Comedy,3.6,ok,86,average length movie
2009,Main Aurr Mrs Khanna,"Comedy, Drama, Romance",3.6,ok,109,long movie
2009,Stan Helsing,"Comedy, Horror",3.6,ok,108,long movie
2008,1 1/2 Ritter - Auf der Suche nach der hinreißenden ,Comedy,3.6,ok,115,long movie
2008,Rescued,"Comedy, Drama, Romance",3.6,ok,90,average length movie
2009,El delfín: La historia de un soñador,"Animation, Adventure, Fami",3.6,ok,86,average length movie
2008,Praxis,Drama,3.6,ok,93,average length movie
2007,Artefacts,"Horror, Sci-Fi, Thriller",3.6,ok,75,average length movie
2009,S. Darko,"Mystery, Sci-Fi, Thriller",3.6,ok,103,long movie
2009,Zapreshchyonnaya realnost,"Action, Sci-Fi, Thriller",3.6,ok,90,average length movie
2009,Sasquatch Assault,"Action, Horror",3.6,ok,85,average length movie
2009,The Boy with the Sun in His Eyes,"Comedy, Drama, Thriller",3.6,ok,81,average length movie
2007,Lesser of Three Evils,"Action, Crime, Drama",3.6,ok,88,average length movie
2008,Reel Zombies,"Action, Comedy, Horror",3.6,ok,89,average length movie
2008,Exile,"Action, Romance, Sci-Fi",3.6,ok,82,average length movie
2009,The Scar Crow,"Drama, Horror",3.6,ok,84,average length movie
2008,Kozí príbeh,"Animation, Comedy, Family",3.6,ok,80,average length movie
2009,The Jailhouse,"Horror, Mystery, Thriller",3.6,ok,86,average length movie
2009,Kal Kissne Dekha,"Action, Crime, Romance",3.6,ok,134,long movie
2009,Finale,"Drama, Fantasy, Thriller",3.6,ok,93,average length movie
2010,The Final Storm,"Action, Horror, Thriller",3.6,ok,92,average length movie
2009,Do Knot Disturb,"Comedy, Drama",3.6,ok,126,long movie
2010,Psychosis,"Crime, Horror, Mystery",3.6,ok,89,average length movie
2008,Kinta,Action,3.6,ok,92,average length movie
2009,Bishh,"Drama, Romance, Thriller",3.6,ok,105,long movie
2010,Perfect Combination,"Comedy, Romance",3.6,ok,92,average length movie
2010,Terror Trap,Thriller,3.6,ok,86,average length movie
2008,Seytanin Pabucu,Comedy,3.6,ok,104,long movie
2010,Fobos. Klub strakha,"Horror, Thriller",3.6,ok,78,average length movie
2010,Dead Cert,"Action, Horror",3.6,ok,92,average length movie
2010,Di Di Hollywood,Drama,3.6,ok,96,average length movie
2009,Maskhead,Horror,3.6,ok,88,average length movie
2010,Sharm el Sheikh - Un'estate indimenticabile,Comedy,3.6,ok,90,average length movie
2010,Siren,Horror,3.6,ok,86,average length movie
2010,Pelt,"Comedy, Horror",3.6,ok,87,average length movie
2010,I Love Karditsa,Comedy,3.6,ok,93,average length movie
2005,Meesrti,Action,3.6,ok,90,average length movie
2010,The Last Godfather,"Comedy, Crime, Romance",3.6,ok,100,long movie
2010,Bad Behaviour,"Horror, Thriller",3.6,ok,90,average length movie
2010,Uncle David,"Comedy, Horror, Thriller",3.6,ok,95,average length movie
2010,Chihuahua: The Movie,"Comedy, Family, Fantasy",3.6,ok,90,average length movie
2010,Alexander the Great,"Action, Drama",3.6,ok,65,average length movie
2010,Consinsual,Drama,3.6,ok,93,average length movie
2010,3 harfliler: Marid,Horror,3.6,ok,80,average length movie
2010,The Legend of Silk Boy,"Animation, Adventure, Fami",3.6,ok,90,average length movie
2010,House Swap,"Horror, Thriller",3.6,ok,84,average length movie
2010,Easter Bunny Bloodbath,"Comedy, Horror",3.6,ok,80,average length movie
2010,Four Friends,Drama,3.6,ok,156,long movie
2008,ReGOREgitated Sacrifice,Horror,3.6,ok,65,average length movie
2010,Whatever God Wants,"Comedy, Family",3.6,ok,100,long movie
2005,Bad Girls from Valley High,Comedy,3.5,ok,84,average length movie
2005,Sledge: The Untold Story,"Action, Comedy, Musical",3.5,ok,83,average length movie
2005,Forbidden Warrior,"Adventure, Action, Fantasy",3.5,ok,91,average length movie
2007,D-War,"Action, Drama, Fantasy",3.5,ok,90,average length movie
2006,Holla,Horror,3.5,ok,86,average length movie
2005,Left for Dead,"Action, Adventure, Crime",3.5,ok,105,long movie
2006,Swarm of the Snakehead,"Comedy, Horror, Sci-Fi",3.5,ok,95,average length movie
2005,Devil's Highway,Thriller,3.5,ok,91,average length movie
2005,Vampires: The Turning,"Action, Horror, Thriller",3.5,ok,84,average length movie
2006,Cemetery Gates,"Horror, Action, Sci-Fi",3.5,ok,92,average length movie
2005,Hunting Season,Horror,3.5,ok,79,average length movie
2005,The King Maker,"Adventure, Drama",3.5,ok,92,average length movie
2006,Mere Jeevan Saathi,"Drama, Music, Romance",3.5,ok,129,long movie
2007,"Veritas, Prince of Truth","Adventure, Family, Fantasy",3.5,ok,93,average length movie
2005,The Adventures of Sharkboy and Lavagirl 3-D,"Action, Adventure, Comedy",3.5,ok,93,average length movie
2005,Papá se volvió loco,Comedy,3.5,ok,90,average length movie
2005,Jo Bole So Nihaal,"Action, Comedy",3.5,ok,125,long movie
2010,Segurança Nacional,Action,3.5,ok,86,average length movie
2005,Shaadi No. 1,Comedy,3.5,ok,129,long movie
2010,Komaram Puli,"Action, Crime, Thriller",3.5,ok,163,long movie
2006,Canes,"Horror, Thriller",3.5,ok,90,average length movie
2006,Live Feed,Horror,3.5,ok,77,average length movie
2006,The House of Adam,"Crime, Drama, Horror",3.5,ok,83,average length movie
2007,Death Knows Your Name,Horror,3.5,ok,88,average length movie
2006,Summer Love,Western,3.5,ok,94,average length movie
2006,In Her Line of Fire,"Action, Drama",3.5,ok,88,average length movie
2005,Day X,"Horror, Sci-Fi",3.5,ok,81,average length movie
2007,Blur,"Drama, Horror, Mystery",3.5,ok,95,average length movie
2009,Hallettsville,Horror,3.5,ok,87,average length movie
2007,How She Move,Drama,3.5,ok,94,average length movie
2007,Skid Marks,"Action, Comedy",3.5,ok,85,average length movie
2007,Dead Write,"Mystery, Thriller",3.5,ok,88,average length movie
2007,Hellbride,Horror,3.5,ok,81,average length movie
2006,Blood Trails,"Horror, Thriller",3.5,ok,87,average length movie
2006,Aap Ki Khatir,"Comedy, Romance",3.5,ok,122,long movie
2007,Die Wilden Kerle 4,"Comedy, Family, Sport",3.5,ok,110,long movie
2009,The Casino Job,"Crime, Drama",3.5,ok,81,average length movie
2007,Born,Horror,3.5,ok,107,long movie
2006,The Last Request,Comedy,3.5,ok,91,average length movie
2007,Tell,Comedy,3.5,ok,96,average length movie
2008,"One, Two, Many","Comedy, Romance",3.5,ok,88,average length movie
2009,Sugar Boxx,"Crime, Drama",3.5,ok,86,average length movie
2007,Recon 7 Down,War,3.5,ok,84,average length movie
2008,I Know How Many Runs You Scored Last Summer,"Comedy, Crime, Horror",3.5,ok,80,average length movie
2006,Khatarnak,"Action, Comedy",3.5,ok,152,long movie
2008,La possibilité d'une île,"Drama, Sci-Fi",3.5,ok,95,average length movie
2008,Virus Undead,"Crime, Fantasy, Horror",3.5,ok,95,average length movie
2006,Ladies Tailor,Comedy,3.5,ok,117,long movie
2008,Garrison,Drama,3.5,ok,94,average length movie
2007,Marked,Thriller,3.5,ok,96,average length movie
2007,InAlienable,Sci-Fi,3.5,ok,106,long movie
2007,Asad wa arbaa qutat,Comedy,3.5,ok,105,long movie
2007,Corrupção,"Crime, Drama",3.5,ok,90,average length movie
2008,Die Wilden Kerle 5,"Action, Adventure, Family",3.5,ok,107,long movie
2007,The Legend of God's Gun,Western,3.5,ok,78,average length movie
2008,Banshee!!!,"Action, Horror",3.5,ok,86,average length movie
2005,Aqvariom,Drama,3.5,ok,90,average length movie
2006,Cicak-man,"Action, Comedy, Sci-Fi",3.5,ok,107,long movie
2009,Lonely Joe,"Drama, Horror, Mystery",3.5,ok,95,average length movie
2008,Double Dagger,Action,3.5,ok,80,average length movie
2009,Dance Flick,"Action, Comedy, Music",3.5,ok,83,average length movie
2009,It's Alive,"Horror, Sci-Fi",3.5,ok,80,average length movie
2008,Murder.com,"Crime, Drama, Mystery",3.5,ok,85,average length movie
2009,Lies & Illusions,"Action, Thriller",3.5,ok,93,average length movie
2010,Stacy's Mom,Comedy,3.5,ok,85,average length movie
2010,Cupid's Arrow,"Comedy, Drama",3.5,ok,85,average length movie
2008,Time Bomb,Thriller,3.5,ok,86,average length movie
2008,Mehbooba,"Drama, Romance",3.5,ok,163,long movie
2005,Yi shi er niao,"Action, Adventure, Comedy",3.5,ok,93,average length movie
2009,Dire Wolf,"Action, Horror, Sci-Fi",3.5,ok,86,average length movie
2008,Squeal,Horror,3.5,ok,79,average length movie
2009,Dragon Hunter,"Action, Adventure, Fantasy",3.5,ok,90,average length movie
2009,Redemption: A Mile from Hell,"Action, Crime, Drama",3.5,ok,90,average length movie
2010,American Scream King,"Comedy, Horror",3.5,ok,71,average length movie
2010,Fight or Flight,"Action, Horror, Thriller",3.5,ok,82,average length movie
2009,The Seamstress,"Crime, Horror, Mystery",3.5,ok,85,average length movie
2009,Cummings Farm,Comedy,3.5,ok,98,average length movie
2010,Shoot the Hero,"Action, Comedy",3.5,ok,80,average length movie
2010,Fast Lane,"Action, Drama",3.5,ok,74,average length movie
2010,Daylight Fades,Thriller,3.5,ok,101,long movie
2009,Jai Veeru: Friends Forever,"Action, Adventure, Crime",3.5,ok,160,long movie
2010,Immigration Tango,Comedy,3.5,ok,92,average length movie
2010,Groupie,"Crime, Mystery, Thriller",3.5,ok,90,average length movie
2008,Chainsaw Cheerleaders,Horror,3.5,ok,90,average length movie
2010,Insane,Horror,3.5,ok,87,average length movie
2009,Natale a Beverly Hills,Comedy,3.5,ok,110,long movie
2009,In the Dead of Night,"Crime, Drama, Horror",3.5,ok,70,average length movie
2010,Far til fire - på japansk,Family,3.5,ok,90,average length movie
2010,Amphibious 3D,"Action, Adventure, Comedy",3.5,ok,83,average length movie
2010,The Final Girl,Drama,3.5,ok,80,average length movie
2010,Seeing Heaven,"Drama, Thriller",3.5,ok,106,long movie
2010,Varudu,"Action, Drama, Thriller",3.5,ok,147,long movie
2010,Pooltime,"Comedy, Romance",3.5,ok,87,average length movie
2010,Isle of Dogs,"Action, Crime, Thriller",3.5,ok,90,average length movie
2010,Click,"Drama, Horror, Mystery",3.5,ok,127,long movie
2009,Room 33,"Horror, Mystery, Thriller",3.5,ok,92,average length movie
2010,Menculik miyabi,"Action, Comedy, Romance",3.5,ok,85,average length movie
2010,Mysterious Island,"Adventure, Horror, Sci-Fi",3.5,ok,91,average length movie
2010,El paseo,Comedy,3.5,ok,90,average length movie
2010,Ai ni yi wan nian,Drama,3.5,ok,108,long movie
2007,Parkway,"Drama, Horror, Romance",3.5,ok,93,average length movie
2005,Lovesick,"Drama, Romance",3.4,ok,93,average length movie
2005,The Gingerdead Man,"Comedy, Fantasy, Horror",3.4,ok,70,average length movie
2005,The Unknown,"Thriller, Action, Adventur",3.4,ok,85,average length movie
2007,Uncle P,Comedy,3.4,ok,88,average length movie
2006,Red Riding Hood,"Adventure, Family, Musical",3.4,ok,82,average length movie
2006,Greed,"Action, Horror, Thriller",3.4,ok,93,average length movie
2005,Ayin karanlik yüzü,"Drama, Romance",3.4,ok,100,long movie
2006,The Choke,"Thriller, Horror",3.4,ok,90,average length movie
2006,Shut Up and Shoot!,"Comedy, Thriller",3.4,ok,86,average length movie
2006,Die Österreichische Methode,Drama,3.4,ok,93,average length movie
2006,Mustang Sally,"Action, Horror, Thriller",3.4,ok,85,average length movie
2006,"Young, Single & Angry",Comedy,3.4,ok,91,average length movie
2005,Kuchh Meetha Ho Jaye,"Comedy, Romance",3.4,ok,125,long movie
2006,Unidentified,Sci-Fi,3.4,ok,85,average length movie
2006,Backlash,"Action, Thriller",3.4,ok,87,average length movie
2007,The Unknown Trilogy,"Drama, Horror, Sci-Fi",3.4,ok,90,average length movie
2006,Bloody Mary,"Horror, Thriller",3.4,ok,93,average length movie
2008,Desert of Blood,Horror,3.4,ok,89,average length movie
2006,Aziris nuna,"Adventure, Family, Sci-Fi",3.4,ok,91,average length movie
2006,Gettin' It,Comedy,3.4,ok,93,average length movie
2007,Out of Omaha,Comedy,3.4,ok,86,average length movie
2007,Homo Erectus,"Action, Comedy, Drama",3.4,ok,88,average length movie
2007,Pretty Cool Too,"Comedy, Romance",3.4,ok,89,average length movie
2007,Shiloh Falls,"Thriller, Western",3.4,ok,90,average length movie
2006,Fallen Angels,"Horror, Thriller",3.4,ok,97,average length movie
2009,Rovdrift,"Horror, Thriller",3.4,ok,90,average length movie
2007,Sugar Creek,Western,3.4,ok,95,average length movie
2006,Dil Diya Hai,"Drama, Romance, Thriller",3.4,ok,121,long movie
2005,Resurrection Mary,"Drama, Horror, Mystery",3.4,ok,98,average length movie
2009,Pandemic,"Drama, Sci-Fi, Thriller",3.4,ok,91,average length movie
2006,Lift,Thriller,3.4,ok,88,average length movie
2007,Universal Remote,Comedy,3.4,ok,78,average length movie
2007,KillerKiller,Horror,3.4,ok,76,average length movie
2007,Showdown at Area 51,"Action, Sci-Fi, Thriller",3.4,ok,96,average length movie
2008,Ten Dead Men,"Action, Crime, Thriller",3.4,ok,90,average length movie
2007,Cash,"Action, Crime, Thriller",3.4,ok,137,long movie
2007,Quench,Drama,3.4,ok,98,average length movie
2009,Serbian Scars,"Action, Drama, Thriller",3.4,ok,97,average length movie
2008,Death on Demand,Horror,3.4,ok,90,average length movie
2008,Magus,"Fantasy, Horror",3.4,ok,91,average length movie
2008,Bane,"Horror, Sci-Fi",3.4,ok,120,long movie
2007,Allt om min buske,Comedy,3.4,ok,97,average length movie
2009,Off the Ledge,"Comedy, Drama",3.4,ok,89,average length movie
2008,Pink Eye,Horror,3.4,ok,100,long movie
2010,Headhunter: The Assessment Weekend,"Action, Thriller",3.4,ok,93,average length movie
2007,Chum thaang rot fai phii,"Crime, Horror, Mystery",3.4,ok,88,average length movie
2007,Bad Girl Island,"Mystery, Sci-Fi",3.4,ok,90,average length movie
2007,Dead Wood,Horror,3.4,ok,85,average length movie
2010,Camp Hell,"Drama, Horror",3.4,ok,99,average length movie
2007,Resiklo,"Action, Fantasy, Sci-Fi",3.4,ok,110,long movie
2010,The Dead Matter,"Fantasy, Horror",3.4,ok,90,average length movie
2008,Deadlands 2: Trapped,"Horror, Sci-Fi, Thriller",3.4,ok,80,average length movie
2007,Blackwater,"Action, Adventure, Horror",3.4,ok,88,average length movie
2009,Humains,"Action, Adventure, Horror",3.4,ok,90,average length movie
2007,Antidur,"Action, Comedy, Crime",3.4,ok,91,average length movie
2008,The Devil's Mercy,"Horror, Thriller",3.4,ok,90,average length movie
2008,No Bad Days,"Action, Adventure, Comedy",3.4,ok,98,average length movie
2008,Mission Istaanbul: Darr Ke Aagey Jeet Hai!,"Action, Adventure, Drama",3.4,ok,130,long movie
2008,Sex Galaxy,"Comedy, Sci-Fi",3.4,ok,78,average length movie
2007,Breathful,Comedy,3.4,ok,110,long movie
2009,Shortkut - The Con Is On,"Comedy, Drama",3.4,ok,142,long movie
2008,Haal-e-Dil,"Drama, Romance",3.4,ok,124,long movie
2009,Penance,"Horror, Thriller",3.4,ok,85,average length movie
2010,Ramaa: The Saviour,"Action, Adventure, Drama",3.4,ok,120,long movie
2010,N-Secure,"Crime, Drama, Thriller",3.4,ok,105,long movie
2008,Live Animals,Horror,3.4,ok,84,average length movie
2009,Ballistica,"Action, Adventure, Thrille",3.4,ok,90,average length movie
2009,Kicking the Dog,Comedy,3.4,ok,94,average length movie
2009,Chrome Angels,"Action, Sci-Fi",3.4,ok,93,average length movie
2010,Mei loi ging chat,"Action, Sci-Fi",3.4,ok,99,average length movie
2010,Attack of the Vegan Zombies!,"Comedy, Horror",3.4,ok,77,average length movie
2010,Justify,Thriller,3.4,ok,72,average length movie
2009,Melancholie der Engel,"Drama, Fantasy, Horror",3.4,ok,158,long movie
2010,Apartment: Rent at Your Own Risk,"Drama, Mystery, Thriller",3.4,ok,97,average length movie
2010,I Am,Drama,3.4,ok,89,average length movie
2009,Air terjun pengantin,Horror,3.4,ok,80,average length movie
2010,Grey Skies,"Horror, Sci-Fi",3.4,ok,83,average length movie
2010,Shackled,"Horror, Thriller",3.4,ok,82,average length movie
2010,Zombie Beach,"Action, Comedy, Horror",3.4,ok,71,average length movie
2010,Dead Genesis,"Action, Horror, Thriller",3.4,ok,98,average length movie
2010,Vampires Suck,Comedy,3.4,ok,82,average length movie
2010,Zimmer Feri 2.,Comedy,3.4,ok,100,long movie
2010,Emulation,"Action, Adventure, Thrille",3.4,ok,84,average length movie
2010,Jessicka Rabid,Horror,3.4,ok,82,average length movie
2010,My Lai Four,War,3.4,ok,101,long movie
2005,Cl.One,"Sci-Fi, Thriller",3.3,ok,112,long movie
2007,The Bros.,"Comedy, Music",3.3,ok,91,average length movie
2005,Dark Assassin,"Action, Thriller",3.3,ok,82,average length movie
2006,Satan's Playground,Horror,3.3,ok,81,average length movie
2005,The Honeymooners,"Comedy, Drama, Family",3.3,ok,90,average length movie
2005,Lenny the Wonder Dog,"Adventure, Comedy, Family",3.3,ok,84,average length movie
2005,The Last Sign,"Drama, Fantasy, Romance",3.3,ok,91,average length movie
2005,Return of the Living Dead: Necropolis,"Action, Comedy, Horror",3.3,ok,88,average length movie
2005,Return of the Living Dead: Rave to the Grave,"Comedy, Horror, Sci-Fi",3.3,ok,86,average length movie
2005,American Soldiers,"Action, Drama, History",3.3,ok,103,long movie
2006,Southern Justice,"Action, Adventure, Thrille",3.3,ok,96,average length movie
2005,Khamoshh... Khauff Ki Raat,"Mystery, Thriller",3.3,ok,123,long movie
2009,Kisse Pyaar Karoon?,"Action, Comedy, Crime",3.3,ok,123,long movie
2005,Kraftverk 3714,"Thriller, Horror, Mystery",3.3,ok,136,long movie
2005,The Land of College Prophets,"Action, Fantasy, Horror",3.3,ok,83,average length movie
2005,Scar,Horror,3.3,ok,92,average length movie
2006,TV: The Movie,Comedy,3.3,ok,86,average length movie
2005,Bloodline,Drama,3.3,ok,88,average length movie
2006,Larry the Cable Guy: Health Inspector,"Comedy, Romance",3.3,ok,89,average length movie
2007,Urchin,"Fantasy, Horror, Mystery",3.3,ok,105,long movie
2007,White Air,"Action, Drama, Sport",3.3,ok,81,average length movie
2005,Dark Places,"Drama, Horror",3.3,ok,77,average length movie
2006,The System Within,Drama,3.3,ok,108,long movie
2008,Sea of Dust,"Comedy, Fantasy, Horror",3.3,ok,90,average length movie
2007,Permanent Vacation,"Comedy, Drama",3.3,ok,94,average length movie
2007,Small Town Folk,"Comedy, Fantasy, Horror",3.3,ok,90,average length movie
2006,Nikto ne znaet pro seks,Comedy,3.3,ok,95,average length movie
2005,For Catherine,Comedy,3.3,ok,107,long movie
2006,The Legend Trip,Horror,3.3,ok,93,average length movie
2007,Fool N Final,"Action, Comedy, Crime",3.3,ok,144,long movie
2007,Attack of the Gryphon,"Action, Adventure, Fantasy",3.3,ok,89,average length movie
2007,Waters Rising,"Crime, Drama",3.3,ok,88,average length movie
2006,The Pumpkin Karver,Horror,3.3,ok,90,average length movie
2006,Çinliler Geliyor,Comedy,3.3,ok,98,average length movie
2008,The Caretaker,"Comedy, Horror",3.3,ok,82,average length movie
2007,J-ok'el,"Horror, Thriller",3.3,ok,87,average length movie
2007,Red: The Dark Side,"Drama, Romance, Thriller",3.3,ok,148,long movie
2007,Nightmare City 2035,"Action, Sci-Fi",3.3,ok,90,average length movie
2008,Beyond the Ring,"Action, Drama, Family",3.3,ok,86,average length movie
2007,Heber Holiday,Comedy,3.3,ok,97,average length movie
2008,Passed the Door of Darkness,Thriller,3.3,ok,100,long movie
2008,The Last Man,Sci-Fi,3.3,ok,120,long movie
2007,Imagination,"Animation, Fantasy",3.3,ok,70,average length movie
2007,Shut Up and Deal,Comedy,3.3,ok,85,average length movie
2008,Ninja Cheerleaders,"Action, Comedy",3.3,ok,81,average length movie
2008,Chronicles of an Exorcism,Horror,3.3,ok,90,average length movie
2009,The Fear Chamber,Horror,3.3,ok,80,average length movie
2008,Witless Protection,"Comedy, Crime",3.3,ok,97,average length movie
2007,See Jane Run,Horror,3.3,ok,86,average length movie
2007,Nympha,Horror,3.3,ok,91,average length movie
2010,Elimination,"Action, Horror, Thriller",3.3,ok,87,average length movie
2008,Hello,"Drama, Romance",3.3,ok,129,long movie
2009,The 7th Hunt,"Drama, Horror, Thriller",3.3,ok,90,average length movie
2009,The House That Jack Built,Horror,3.3,ok,88,average length movie
2010,Circle,"Horror, Thriller",3.3,ok,88,average length movie
2007,On Bloody Sunday,Horror,3.3,ok,86,average length movie
2008,Eye for Eye,"Action, Drama",3.3,ok,79,average length movie
2010,Corrado,"Action, Crime, Drama",3.3,ok,77,average length movie
2009,Street Boss,"Crime, Drama",3.3,ok,100,long movie
2008,Mr. White Mr. Black,"Action, Comedy, Crime",3.3,ok,130,long movie
2010,Twisted Path,"Mystery, Thriller",3.3,ok,74,average length movie
2009,Blood Moon Rising,"Comedy, Horror",3.3,ok,94,average length movie
2010,Magic Journey to Africa,"Adventure, Drama, Family",3.3,ok,90,average length movie
2009,Coco,"Comedy, Drama",3.3,ok,95,average length movie
2008,Gnaw,Horror,3.3,ok,90,average length movie
2010,Ghosts Don't Exist,Horror,3.3,ok,99,average length movie
2009,2 Dudes and a Dream,Comedy,3.3,ok,89,average length movie
2009,The Scratch,Action,3.3,ok,92,average length movie
2009,The Brotherhood VI: Initiation,Horror,3.3,ok,86,average length movie
2009,Bordello Death Tales,Horror,3.3,ok,90,average length movie
2009,Know Thy Enemy,"Drama, Music",3.3,ok,86,average length movie
2009,Smile,Horror,3.3,ok,119,long movie
2010,Stricken,Thriller,3.3,ok,90,average length movie
2009,Esperando la carroza 2: Se acabó la fiesta,Comedy,3.3,ok,88,average length movie
2009,Stuck!,Drama,3.3,ok,95,average length movie
2009,Villu,"Action, Thriller",3.3,ok,146,long movie
2009,Zombie Women of Satan,"Comedy, Horror, Romance",3.3,ok,85,average length movie
2009,The Blackout,"Horror, Sci-Fi, Thriller",3.3,ok,80,average length movie
2009,La petite mort,"Horror, Thriller",3.3,ok,76,average length movie
2009,The Taste of Relation,"Drama, Family, Mystery",3.3,ok,87,average length movie
2008,Hollywood Mouth,Drama,3.3,ok,75,average length movie
2009,D@bbe 2,Horror,3.3,ok,85,average length movie
2010,Nostrum,Horror,3.3,ok,79,average length movie
2010,Star Vehicle,Horror,3.3,ok,75,average length movie
2010,All American Zombie Drugs,"Adventure, Comedy, Crime",3.3,ok,99,average length movie
2006,El eial herbet,Comedy,3.3,ok,100,long movie
2010,Wendigo: Bound by Blood,"Action, Horror, Sci-Fi",3.3,ok,85,average length movie
2010,Kandahar,"Action, Drama",3.3,ok,150,long movie
2006,Full Clip,"Action, Thriller",3.2,ok,95,average length movie
2005,My Big Fat Independent Movie,Comedy,3.2,ok,80,average length movie
2005,The Iris Effect,"Mystery, Thriller, Drama",3.2,ok,90,average length movie
2005,Chaos,"Horror, Thriller",3.2,ok,74,average length movie
2005,The Witch's Sabbath,Horror,3.2,ok,85,average length movie
2005,Venice Underground,"Crime, Thriller",3.2,ok,93,average length movie
2005,Before It Had a Name,"Drama, Romance",3.2,ok,90,average length movie
2005,Insecticidal,"Horror, Thriller",3.2,ok,81,average length movie
2005,Jolly Roger: Massacre at Cutter's Cove,Horror,3.2,ok,80,average length movie
2005,Home Invasion,"Action, Crime, Thriller",3.2,ok,81,average length movie
2005,Bloodshed,"Horror, Thriller",3.2,ok,82,average length movie
2006,Incontrôlable,Comedy,3.2,ok,88,average length movie
2006,Fight Club: Members Only,"Action, Crime",3.2,ok,140,long movie
2005,Muzhskoy sezon. Barkhatnaya revolyutsiya,"Action, Crime, Drama",3.2,ok,117,long movie
2005,Home Delivery: Aapko... Ghar Tak,"Comedy, Romance",3.2,ok,151,long movie
2006,Safety in Numbers,Horror,3.2,ok,90,average length movie
2005,Frankenstein Reborn,"Horror, Sci-Fi, Thriller",3.2,ok,84,average length movie
2006,Judges,"Action, Adventure, Fantasy",3.2,ok,90,average length movie
2006,Pyare Mohan,"Action, Comedy, Crime",3.2,ok,130,long movie
2007,Bunny Whipped,Comedy,3.2,ok,91,average length movie
2006,Candy Stripers,"Horror, Sci-Fi",3.2,ok,89,average length movie
2005,Harder They Fall,"Action, Drama, Sport",3.2,ok,103,long movie
2007,Stagknight,"Comedy, Horror",3.2,ok,79,average length movie
2005,Neal 'N' Nikki,"Comedy, Musical, Romance",3.2,ok,122,long movie
2005,Veninder,Comedy,3.2,ok,85,average length movie
2006,"Tom, Dick, and Harry","Comedy, Romance",3.2,ok,137,long movie
2005,Snakewoman,Horror,3.2,ok,98,average length movie
2008,Screw Cupid,"Comedy, Romance",3.2,ok,109,long movie
2006,Heroes and Villains,"Comedy, Romance",3.2,ok,104,long movie
2006,Hollywood Kills,"Horror, Thriller",3.2,ok,90,average length movie
2005,"Egy szoknya, egy nadrág",Comedy,3.2,ok,95,average length movie
2008,Dead and Gone,Horror,3.2,ok,85,average length movie
2006,Phat Girlz,Comedy,3.2,ok,99,average length movie
2006,Warriors of Terra,"Horror, Sci-Fi",3.2,ok,89,average length movie
2007,Payback,"Crime, Drama",3.2,ok,93,average length movie
2006,Göta kanal 2 - Kanalkampen,Comedy,3.2,ok,94,average length movie
2006,Director's Cut,Horror,3.2,ok,89,average length movie
2006,Keif al-hal?,"Comedy, Drama",3.2,ok,95,average length movie
2006,The Dork of the Rings,"Adventure, Comedy, Fantasy",3.2,ok,90,average length movie
2008,20 Years After,"Drama, Fantasy, Sci-Fi",3.2,ok,95,average length movie
2006,Die and Let Live,"Comedy, Horror, Romance",3.2,ok,75,average length movie
2010,2001 Maniacs: Field of Screams,"Comedy, Horror",3.2,ok,84,average length movie
2006,Tirupathi,"Action, Drama",3.2,ok,158,long movie
2008,Dark Spirits,"Horror, Thriller",3.2,ok,99,average length movie
2009,Legend of the Bog,"Horror, Thriller",3.2,ok,90,average length movie
2005,Sukran,"Action, Drama",3.2,ok,165,long movie
2008,Spike,"Fantasy, Horror, Romance",3.2,ok,80,average length movie
2009,Fragment,"Horror, Sci-Fi, Thriller",3.2,ok,88,average length movie
2007,Bloodsucking Babes from Burbank,Horror,3.2,ok,89,average length movie
2008,The Vanguard,"Action, Horror, Sci-Fi",3.2,ok,89,average length movie
2007,Matrimonio alle Bahamas,Comedy,3.2,ok,92,average length movie
2008,Fear House,Horror,3.2,ok,86,average length movie
2008,Necessary Evil,Thriller,3.2,ok,87,average length movie
2010,The Rig,"Action, Adventure, Horror",3.2,ok,89,average length movie
2007,The Weekend,Comedy,3.2,ok,99,average length movie
2008,Holocaust Holocaust,Horror,3.2,ok,70,average length movie
2009,Necrosis,"Horror, Thriller",3.2,ok,90,average length movie
2008,Born of Earth,Horror,3.2,ok,85,average length movie
2009,Gooby,"Family, Fantasy",3.2,ok,95,average length movie
2009,The Way of War,"Action, Thriller",3.2,ok,90,average length movie
2009,Autumn,"Horror, Sci-Fi, Thriller",3.2,ok,110,long movie
2009,Abduction,"Horror, Thriller",3.2,ok,108,long movie
2008,The Korean,Action,3.2,ok,98,average length movie
2009,House of Flesh Mannequins,"Drama, Horror, Mystery",3.2,ok,100,long movie
2010,Standing Ovation,Musical,3.2,ok,105,long movie
2010,The Bill Collector,"Comedy, Crime, Drama",3.2,ok,93,average length movie
2008,Chao qiang tai feng,"Action, Drama",3.2,ok,94,average length movie
2010,New Terminal Hotel,"Crime, Horror, Thriller",3.2,ok,87,average length movie
2009,Umbrage,"Horror, Western",3.2,ok,90,average length movie
2009,Artefakt,"Comedy, Drama",3.2,ok,92,average length movie
2009,The Dark Lurking,"Action, Horror, Sci-Fi",3.2,ok,97,average length movie
2009,The Crypt,Horror,3.2,ok,84,average length movie
2008,Shaban El Fares,"Comedy, Crime",3.2,ok,99,average length movie
2008,Den D,Action,3.2,ok,100,long movie
2009,Break,Horror,3.2,ok,87,average length movie
2009,Nero Bloom: Private Eye,"Action, Mystery",3.2,ok,46,short movie
2009,The Familiar,Horror,3.2,ok,101,long movie
2009,Late Fee,"Comedy, Horror",3.2,ok,90,average length movie
2009,Death of the Virgin,"Horror, Mystery, Thriller",3.2,ok,103,long movie
2010,Atlantis Down,"Action, Sci-Fi",3.2,ok,95,average length movie
2010,Suicide Girls Must Die!,Horror,3.2,ok,97,average length movie
2008,Habibi Na'eman,Comedy,3.2,ok,95,average length movie
2010,Doktor od jezera hrochu,Comedy,3.2,ok,102,long movie
2010,Phoonk 2,"Drama, Horror, Mystery",3.2,ok,110,long movie
2010,Slaughtered,Horror,3.2,ok,80,average length movie
2010,Wound,"Fantasy, Horror",3.2,ok,76,average length movie
2010,Half Moon,Horror,3.2,ok,95,average length movie
2006,An m'agapas,Drama,3.2,ok,85,average length movie
2010,Natale in Sudafrica,Comedy,3.2,ok,105,long movie
2010,Kaalo,"Action, Drama, Horror",3.2,ok,79,average length movie
2010,Slow Torture Puke Chamber,Horror,3.2,ok,77,average length movie
2005,The Bike Squad,"Comedy, Family",3.1,ok,79,average length movie
2005,Fugitives Run,Comedy,3.1,ok,83,average length movie
2008,Far Cry,"Action, Adventure, Sci-Fi",3.1,ok,95,average length movie
2006,The Witches Hammer,"Action, Horror",3.1,ok,91,average length movie
2008,Green River,"Crime, Drama, Thriller",3.1,ok,90,average length movie
2006,Max Havoc: Ring of Fire,Action,3.1,ok,89,average length movie
2005,Kaksipäisen kotkan varjossa,"Drama, History, Musical",3.1,ok,113,long movie
2005,Pterodactyl,"Action, Adventure, Horror",3.1,ok,89,average length movie
2006,After...,"Horror, Thriller",3.1,ok,80,average length movie
2007,Daddy Day Camp,"Comedy, Family",3.1,ok,89,average length movie
2010,Federal,"Drama, Thriller",3.1,ok,91,average length movie
2005,Time of Her Life,"Drama, Fantasy",3.1,ok,93,average length movie
2007,Knock Knock,Horror,3.1,ok,92,average length movie
2007,Rapturious,Horror,3.1,ok,96,average length movie
2006,Night of the Living Dead 3D,Horror,3.1,ok,80,average length movie
2006,Naksha,"Action, Adventure, Fantasy",3.1,ok,128,long movie
2007,The Final Curtain,Horror,3.1,ok,103,long movie
2007,TKO,"Action, Drama, Thriller",3.1,ok,92,average length movie
2009,Steppin: The Movie,"Comedy, Music",3.1,ok,138,long movie
2008,Fashion Victim,Thriller,3.1,ok,90,average length movie
2006,The 9/11 Commission Report,"Drama, Thriller",3.1,ok,86,average length movie
2006,UKM: The Ultimate Killing Machine,Horror,3.1,ok,85,average length movie
2006,The Last Porn Movie,Drama,3.1,ok,100,long movie
2006,The Demons Among Us,Horror,3.1,ok,86,average length movie
2006,Point of Fear,"Drama, Horror, Mystery",3.1,ok,96,average length movie
2010,Pax,Drama,3.1,ok,75,average length movie
2009,Outrage,"Fantasy, Thriller",3.1,ok,89,average length movie
2009,Don't Look Up,Horror,3.1,ok,98,average length movie
2007,Exorcist Chronicles,Horror,3.1,ok,92,average length movie
2008,Dark Rage,Thriller,3.1,ok,95,average length movie
2007,SoulMaid,"Comedy, Romance",3.1,ok,95,average length movie
2007,Rose of Death,Horror,3.1,ok,99,average length movie
2009,Red Hook,"Comedy, Horror, Thriller",3.1,ok,86,average length movie
2007,Stash,Horror,3.1,ok,97,average length movie
2010,Carmen's Kiss,"Drama, Romance, Thriller",3.1,ok,90,average length movie
2009,Polanski,"Biography, Drama",3.1,ok,89,average length movie
2009,Super Capers: The Origins of Ed and the Missing Bul,"Action, Adventure, Comedy",3.1,ok,98,average length movie
2010,Stag Night of the Dead,"Action, Comedy, Horror",3.1,ok,81,average length movie
2008,305,Comedy,3.1,ok,84,average length movie
2008,Pora mroku,Horror,3.1,ok,95,average length movie
2008,La fidanzata di papà,"Comedy, Romance",3.1,ok,100,long movie
2008,Fading of the Cries,"Action, Fantasy, Horror",3.1,ok,94,average length movie
2009,Sculpture,Horror,3.1,ok,88,average length movie
2008,Demon Kiss,Horror,3.1,ok,91,average length movie
2009,Shut,Thriller,3.1,ok,96,average length movie
2010,I Was a 7th Grade Dragon Slayer,"Adventure, Comedy, Family",3.1,ok,93,average length movie
2010,Cut,"Horror, Mystery, Thriller",3.1,ok,87,average length movie
2010,Beauty and the Beast,"Drama, Fantasy, Romance",3.1,ok,90,average length movie
2010,Biophage,Horror,3.1,ok,72,average length movie
2009,Ominous,"Drama, Horror",3.1,ok,84,average length movie
2009,Slam-Bang,"Action, Crime",3.1,ok,81,average length movie
2009,Winnie og Karina - The Movie,Comedy,3.1,ok,75,average length movie
2010,Boggy Creek,Horror,3.1,ok,87,average length movie
2010,Karl the Butcher vs Axe,"Action, Comedy, Horror",3.1,ok,75,average length movie
2010,Paranormal Effect,"Horror, Mystery, Thriller",3.1,ok,90,average length movie
2009,2022 Tsunami,"Action, Thriller",3.1,ok,90,average length movie
2007,Aalwar,Action,3.1,ok,152,long movie
2008,Chahar changooli,Comedy,3.1,ok,85,average length movie
2008,Shebh Monharef,Comedy,3.1,ok,93,average length movie
2005,The Crow: Wicked Prayer,"Action, Adventure, Comedy",3.0,ok,99,average length movie
2005,Planetfall,"Action, Sci-Fi, Western",3.0,ok,90,average length movie
2005,Hababam Sinifi Askerde,Comedy,3.0,ok,112,long movie
2005,Studio 666,"Horror, Music, Sci-Fi",3.0,ok,76,average length movie
2006,Interferencia,"Horror, Thriller",3.0,ok,86,average length movie
2006,Krojaceva tajna,"Drama, Horror, Mystery",3.0,ok,75,average length movie
2006,The Champagne Gang,"Action, Adventure",3.0,ok,91,average length movie
2006,Look @ Me,Thriller,3.0,ok,92,average length movie
2006,Incubus,"Horror, Mystery, Thriller",3.0,ok,84,average length movie
2009,Baja Beach Bums,Comedy,3.0,ok,88,average length movie
2006,Voodoo Lagoon,Horror,3.0,ok,79,average length movie
2009,"Karma, Confessions and Holi",Drama,3.0,ok,110,long movie
2005,The Vampire Conspiracy,Horror,3.0,ok,90,average length movie
2006,Moscow Zero,"Action, Drama, Horror",3.0,ok,82,average length movie
2008,Last Hour,"Action, Drama, Thriller",3.0,ok,95,average length movie
2008,Good Chemistry,"Drama, Thriller",3.0,ok,88,average length movie
2006,Dracula's Curse,"Action, Horror",3.0,ok,107,long movie
2008,Unemployed,Comedy,3.0,ok,95,average length movie
2006,Seed,Horror,3.0,ok,90,average length movie
2007,"Have Love, Will Travel",Drama,3.0,ok,115,long movie
2007,Bratz,"Comedy, Family, Music",3.0,ok,110,long movie
2006,The Room,"Drama, Thriller",3.0,ok,80,average length movie
2006,"The Young, the Gay and the Restless","Comedy, Drama",3.0,ok,76,average length movie
2010,Dreamkiller,Thriller,3.0,ok,110,long movie
2006,Dead Boyz Don't Scream,"Comedy, Horror",3.0,ok,78,average length movie
2007,Mother's Day Massacre,Horror,3.0,ok,77,average length movie
2008,Sakkarakatti,"Comedy, Drama, Musical",3.0,ok,118,long movie
2006,Dragon,Fantasy,3.0,ok,84,average length movie
2006,Satan's Whip,Horror,3.0,ok,94,average length movie
2006,Serum,"Horror, Sci-Fi",3.0,ok,89,average length movie
2008,Nora's Hair Salon II,Comedy,3.0,ok,80,average length movie
2007,Grindin',Comedy,3.0,ok,90,average length movie
2009,I Do... I Did!,"Comedy, Drama, Romance",3.0,ok,92,average length movie
2008,Terror Inside,"Horror, Sci-Fi, Thriller",3.0,ok,90,average length movie
2006,Olé,Comedy,3.0,ok,104,long movie
2007,The Road to Empire,Thriller,3.0,ok,94,average length movie
2010,Detention,"Horror, Thriller",3.0,ok,81,average length movie
2010,The King of Fighters,"Action, Sci-Fi, Thriller",3.0,ok,93,average length movie
2007,Shadowplay,"Sci-Fi, Thriller",3.0,ok,85,average length movie
2008,Djinn,Fantasy,3.0,ok,76,average length movie
2007,Black Ribbon,"Horror, Mystery, Thriller",3.0,ok,107,long movie
2008,NightDragon,"Crime, Drama, Thriller",3.0,ok,80,average length movie
2009,The Last Resort,"Horror, Thriller",3.0,ok,75,average length movie
2008,Gitler kaput!,"Action, Adventure, Comedy",3.0,ok,95,average length movie
2009,Cinéman,"Comedy, Fantasy, Romance",3.0,ok,90,average length movie
2009,"Clear Lake, WI",Thriller,3.0,ok,92,average length movie
2008,Samyy luchshiy film,Comedy,3.0,ok,110,long movie
2008,Maskeli Besler: Kibris,Comedy,3.0,ok,87,average length movie
2008,Dark Reprieve,"Mystery, Sci-Fi, Thriller",3.0,ok,80,average length movie
2010,Pound of Flesh,"Crime, Drama, Thriller",3.0,ok,104,long movie
2007,Backwoods Bloodbath,Horror,3.0,ok,90,average length movie
2008,Alive or Dead,Horror,3.0,ok,83,average length movie
2009,Bikini Girls on Ice,"Horror, Thriller",3.0,ok,82,average length movie
2008,Poveste de cartier,"Drama, Musical",3.0,ok,90,average length movie
2010,The Tenant,"Action, Horror, Thriller",3.0,ok,96,average length movie
2009,Dark Nature,"Horror, Thriller",3.0,ok,76,average length movie
2008,Bonne année,Drama,3.0,ok,105,long movie
2010,Closed for the Season,"Horror, Thriller",3.0,ok,114,long movie
2007,The Dead Don't Scream,Horror,3.0,ok,89,average length movie
2008,Cookies & Cream,Drama,3.0,ok,90,average length movie
2009,Ulovit miliardare,Comedy,3.0,ok,120,long movie
2010,The Dogfather,"Comedy, Crime, Family",3.0,ok,89,average length movie
2010,Epikindynes mageirikes,"Drama, Romance",3.0,ok,100,long movie
2009,Engel mit schmutzigen Flügeln,Drama,3.0,ok,90,average length movie
2010,Schastlivyy konets,Comedy,3.0,ok,97,average length movie
2009,Radio: Love on Air,"Drama, Musical, Romance",3.0,ok,105,long movie
2010,The Defiled,"Drama, Horror, Sci-Fi",3.0,ok,100,long movie
2010,Usotsuki Mî-kun to kowareta Mâ-chan,"Drama, Romance",3.0,ok,110,long movie
2010,The Corrupted,"Horror, Sci-Fi, Thriller",3.0,ok,76,average length movie
2010,Killer God,Horror,3.0,ok,78,average length movie
2009,Idol of Evil,"Action, Adventure, Fantasy",3.0,ok,85,average length movie
2009,Final Target,Action,3.0,ok,88,average length movie
2005,Zerkalnye voyny. Otrazhenie pervoe,"Action, Crime, Drama",2.9,bad,109,long movie
2005,BloodRayne,"Action, Adventure, Fantasy",2.9,bad,95,average length movie
2005,The Curse of El Charro,Horror,2.9,bad,90,average length movie
2006,Think Tank,Comedy,2.9,bad,96,average length movie
2005,Glass Trap,"Action, Adventure, Comedy",2.9,bad,90,average length movie
2009,Royal Kill,"Action, Thriller",2.9,bad,90,average length movie
2006,Horrors of War,"Action, Horror, Sci-Fi",2.9,bad,99,average length movie
2005,EZ Money,"Family, Comedy",2.9,bad,86,average length movie
2007,Cult,Horror,2.9,bad,85,average length movie
2005,Zameer,"Drama, Romance",2.9,bad,137,long movie
2007,The Bracelet of Bordeaux,"Family, Fantasy, Mystery",2.9,bad,99,average length movie
2006,Quarter Life Crisis,"Comedy, Drama, Romance",2.9,bad,90,average length movie
2005,Hallowed,Horror,2.9,bad,80,average length movie
2006,Los mánagers,Comedy,2.9,bad,97,average length movie
2005,Troppo belli,Comedy,2.9,bad,97,average length movie
2006,Ja wam pokaze!,"Comedy, Drama, Romance",2.9,bad,113,long movie
2008,Don't Wake the Dead,Horror,2.9,bad,78,average length movie
2005,Allari Bullodu,Romance,2.9,bad,175,long movie
2006,Satanic,Horror,2.9,bad,88,average length movie
2006,Jawani Diwani: A Youthful Joyride,Romance,2.9,bad,111,long movie
2006,Balram vs. Tharadas,"Action, Crime, Thriller",2.9,bad,161,long movie
2007,The Dread,Horror,2.9,bad,95,average length movie
2006,Naked Beneath the Water,"Horror, Thriller",2.9,bad,88,average length movie
2005,Mexican Werewolf in Texas,Horror,2.9,bad,88,average length movie
2007,Feel the Noise,"Drama, Music",2.9,bad,86,average length movie
2007,Illegal Aliens,"Comedy, Sci-Fi",2.9,bad,96,average length movie
2006,Color of the Cross,Drama,2.9,bad,108,long movie
2008,Cash and Curry,Comedy,2.9,bad,100,long movie
2007,Speed,"Action, Crime, Thriller",2.9,bad,102,long movie
2006,Confessions,"Crime, Drama, Mystery",2.9,bad,96,average length movie
2006,Shen you qing ren,"Action, Comedy, Fantasy",2.9,bad,102,long movie
2009,The Seduction of Dr. Fugazzi,Thriller,2.9,bad,96,average length movie
2008,Street Revenge,"Action, Crime",2.9,bad,99,average length movie
2006,Bhargavacharitham Moonnam Khandam,"Action, Comedy",2.9,bad,139,long movie
2008,Wicked Lake,Horror,2.9,bad,95,average length movie
2008,Cold Earth,Thriller,2.9,bad,101,long movie
2010,The Dead Undead,"Action, Horror, Sci-Fi",2.9,bad,89,average length movie
2008,Heatstroke,"Action, Horror, Sci-Fi",2.9,bad,83,average length movie
2007,Tyrannosaurus Azteca,"Action, Adventure, Comedy",2.9,bad,86,average length movie
2006,Consequences,Thriller,2.9,bad,86,average length movie
2008,Inconceivable,"Comedy, Drama",2.9,bad,105,long movie
2009,Bounty,Western,2.9,bad,90,average length movie
2009,Bled,Horror,2.9,bad,95,average length movie
2008,Dead Country,Horror,2.9,bad,75,average length movie
2008,House of Usher,"Horror, Thriller",2.9,bad,84,average length movie
2009,Ghost Month,Horror,2.9,bad,100,long movie
2007,Red Swastik,"Crime, Drama, Thriller",2.9,bad,131,long movie
2009,Single Black Female,Thriller,2.9,bad,80,average length movie
2009,Dedd Brothers,"Comedy, Crime",2.9,bad,90,average length movie
2008,Solar Flare,"Action, Drama, Thriller",2.9,bad,87,average length movie
2008,Çocuk,"Adventure, Comedy, Family",2.9,bad,73,average length movie
2007,Green Eyed Monster,"Horror, Mystery, Sci-Fi",2.9,bad,84,average length movie
2010,S.N.U.B!,"Horror, Thriller",2.9,bad,74,average length movie
2009,The Bleeding,"Action, Horror",2.9,bad,80,average length movie
2010,Disarmed,"Action, Thriller",2.9,bad,98,average length movie
2009,La véritable histoire du Chat Botté,"Animation, Adventure, Come",2.9,bad,80,average length movie
2010,Hisss,"Comedy, Drama, Horror",2.9,bad,98,average length movie
2010,Psychic Experiment,"Horror, Sci-Fi",2.9,bad,93,average length movie
2009,Dismal,"Horror, Thriller",2.9,bad,79,average length movie
2009,Hole in One,"Comedy, Sport",2.9,bad,100,long movie
2010,Supreme Champion,Action,2.9,bad,86,average length movie
2008,King of the Camp,"Comedy, Family, Musical",2.9,bad,97,average length movie
2009,Unarmed But Dangerous,"Action, Comedy, Crime",2.9,bad,90,average length movie
2008,Kärlek 3000,Romance,2.9,bad,90,average length movie
2010,Devolved,Comedy,2.9,bad,86,average length movie
2010,Zeiten ändern Dich,"Biography, Drama, Music",2.9,bad,94,average length movie
2009,Samyy luchshiy film 2,Comedy,2.9,bad,80,average length movie
2009,Agyaat,"Drama, Horror, Mystery",2.9,bad,130,long movie
2009,Ee Pattanathil Bhootham,Comedy,2.9,bad,145,long movie
2009,Black Blooded Brides of Satan,Horror,2.9,bad,104,long movie
2010,Pimp,"Crime, Thriller",2.9,bad,91,average length movie
2009,The Goatherd,Horror,2.9,bad,80,average length movie
2010,Renovation,"Horror, Thriller",2.9,bad,85,average length movie
2010,Kajraare,"Crime, Drama, Romance",2.9,bad,112,long movie
2010,Farm,"Drama, Horror, Thriller",2.9,bad,73,average length movie
2010,Abandoned Souls,"Drama, Horror, Thriller",2.9,bad,105,long movie
2007,Derzkie dni,"Comedy, Crime",2.9,bad,84,average length movie
2010,The Mitchell Tapes,Horror,2.9,bad,84,average length movie
2010,GR30k,"Animation, Action, Adventu",2.9,bad,120,long movie
2010,Skills,Action,2.9,bad,86,average length movie
2010,CO2,"Action, Adventure, Drama",2.9,bad,120,long movie
2006,Beyond the Wall of Sleep,Horror,2.8,bad,84,average length movie
2005,Blodsbröder,"Crime, Drama",2.8,bad,90,average length movie
2005,Game Over,"Action, Drama",2.8,bad,90,average length movie
2005,In the Mix,"Comedy, Crime, Drama",2.8,bad,95,average length movie
2005,Three Bad Men,Western,2.8,bad,90,average length movie
2005,Within,"Drama, Horror, Mystery",2.8,bad,95,average length movie
2006,Date Movie,"Comedy, Romance",2.8,bad,83,average length movie
2008,The Controller,"Action, Adventure, Comedy",2.8,bad,100,long movie
2006,Displaced,"Action, Adventure, Sci-Fi",2.8,bad,99,average length movie
2005,The Retreat,Horror,2.8,bad,90,average length movie
2005,Hababam Sinifi Üç Buçuk,"Comedy, Thriller",2.8,bad,98,average length movie
2006,Lilla Jönssonligan och stjärnkuppen,Family,2.8,bad,74,average length movie
2007,Afghan Knights,"Adventure, Drama, Horror",2.8,bad,90,average length movie
2006,Doogal,"Animation, Adventure, Come",2.8,bad,85,average length movie
2006,666: The Child,Horror,2.8,bad,80,average length movie
2006,Jaane Hoga Kya,"Action, Crime, Sci-Fi",2.8,bad,155,long movie
2006,Lakhmet ras,Comedy,2.8,bad,96,average length movie
2007,Salvation,"Action, Horror, Sci-Fi",2.8,bad,86,average length movie
2006,Blood & Guts,"Comedy, Horror",2.8,bad,77,average length movie
2007,Blonde and Blonder,"Comedy, Crime",2.8,bad,95,average length movie
2009,Brothers War,"History, War",2.8,bad,100,long movie
2007,The Ten Commandments,"Animation, Family",2.8,bad,88,average length movie
2007,Forest of the Dead,"Comedy, Horror",2.8,bad,79,average length movie
2007,Go,"Crime, Drama, Romance",2.8,bad,110,long movie
2008,Stritreysery,"Action, Crime",2.8,bad,100,long movie
2008,Dying God,"Horror, Sci-Fi, Thriller",2.8,bad,85,average length movie
2008,Meet the Spartans,Comedy,2.8,bad,86,average length movie
2008,Orgies and the Meaning of Life,"Comedy, Drama, Romance",2.8,bad,90,average length movie
2008,Safehouse,"Action, Crime, Mystery",2.8,bad,80,average length movie
2008,Money Hai Toh Honey Hai,"Comedy, Drama",2.8,bad,138,long movie
2009,Death Warrior,"Action, Drama, Horror",2.8,bad,90,average length movie
2008,Come Together,"Comedy, Drama",2.8,bad,93,average length movie
2008,Plajda,Comedy,2.8,bad,85,average length movie
2008,Dracula's Guest,"Adventure, Horror, Thrille",2.8,bad,82,average length movie
2010,The Lazarus Papers,"Action, Drama, Sci-Fi",2.8,bad,90,average length movie
2008,Ninjas vs. Zombies,"Action, Comedy, Fantasy",2.8,bad,86,average length movie
2008,Parunthu,"Action, Family, Thriller",2.8,bad,160,long movie
2009,Absolute Evil,"Drama, Thriller",2.8,bad,90,average length movie
2009,Killer Biker Chicks,"Action, Comedy, Horror",2.8,bad,100,long movie
2009,Aisha and Rahul,"Comedy, Drama, Musical",2.8,bad,51,short movie
2010,Freestyle,"Drama, Romance, Sport",2.8,bad,86,average length movie
2009,The Fugue,Horror,2.8,bad,90,average length movie
2009,Spoils of War,"Action, War",2.8,bad,87,average length movie
2009,Recon 2023: The Gauda Prime Conspiracy,"Comedy, Sci-Fi",2.8,bad,101,long movie
2009,Frat Party,Comedy,2.8,bad,90,average length movie
2009,Ekhrajiha 2,"Action, Comedy, Drama",2.8,bad,114,long movie
2010,Bear,"Action, Adventure, Drama",2.8,bad,78,average length movie
2009,Hora,"Comedy, Horror, Thriller",2.8,bad,89,average length movie
2010,My Bloody Wedding,Comedy,2.8,bad,88,average length movie
2009,Tomboys,"Crime, Drama, Horror",2.8,bad,79,average length movie
2009,Colors,"Comedy, Drama",2.8,bad,125,long movie
2010,15 Till Midnight,"Drama, Mystery, Sci-Fi",2.8,bad,97,average length movie
2010,Kutsal Damacana 2: Itmen,"Action, Comedy, Fantasy",2.8,bad,98,average length movie
2010,Black Eve,Horror,2.8,bad,78,average length movie
2010,Hunted by Night,Action,2.8,bad,110,long movie
2010,Santa Claus Versus the Zombies,"Comedy, Horror",2.8,bad,99,average length movie
2010,The Disciple,"Biography, Drama, History",2.8,bad,101,long movie
2009,Türkler Cildirmis Olmali,"Action, Adventure, Comedy",2.8,bad,100,long movie
2010,Ninjas vs. Vampires,"Action, Comedy, Fantasy",2.8,bad,89,average length movie
2010,Ghetto Stories,Drama,2.8,bad,60,average length movie
2008,Tigh-zan,"Comedy, Romance",2.8,bad,85,average length movie
2007,Machine,"Crime, Drama",2.7,bad,90,average length movie
2005,Intermedio,"Horror, Thriller",2.7,bad,85,average length movie
2005,Forest of the Damned,Horror,2.7,bad,95,average length movie
2005,Death Tunnel,Horror,2.7,bad,97,average length movie
2005,Apocalypse and the Beauty Queen,Fantasy,2.7,bad,95,average length movie
2005,Rh+,"Action, Crime, Thriller",2.7,bad,90,average length movie
2006,Siren,"Comedy, Drama, Music",2.7,bad,87,average length movie
2005,Bachke Rehna Re Baba,Comedy,2.7,bad,130,long movie
2005,Come as You Are,Comedy,2.7,bad,84,average length movie
2006,The Valley of Tears,"Drama, Fantasy, Thriller",2.7,bad,87,average length movie
2006,Dark Reality,"Horror, Thriller",2.7,bad,90,average length movie
2005,Yamim Shel Ahava,"Drama, Music",2.7,bad,110,long movie
2009,Guardians,"Horror, Sci-Fi",2.7,bad,87,average length movie
2006,The Quick and the Undead,"Action, Horror, Western",2.7,bad,80,average length movie
2006,The Iron Man,"Biography, Comedy",2.7,bad,93,average length movie
2006,Costa Chica: Confession of an Exorcist,Horror,2.7,bad,82,average length movie
2006,Silent Bloodnight,"Crime, Horror",2.7,bad,84,average length movie
2006,Broke,Comedy,2.7,bad,88,average length movie
2009,Kopf oder Zahl,Drama,2.7,bad,94,average length movie
2007,Carnivorous,Horror,2.7,bad,84,average length movie
2007,Polycarp,"Crime, Horror, Romance",2.7,bad,85,average length movie
2008,Hot Rod Horror,"Action, Horror",2.7,bad,88,average length movie
2005,Allari Pidugu,"Action, Drama, Romance",2.7,bad,171,long movie
2008,Slices,"Horror, Sci-Fi",2.7,bad,108,long movie
2008,House of Fallen,"Drama, Horror, Thriller",2.7,bad,95,average length movie
2009,Beyond Remedy,Horror,2.7,bad,90,average length movie
2006,The Falling,"Action, Drama",2.7,bad,114,long movie
2007,The Legend of Sorrow Creek,"Drama, Horror, Thriller",2.7,bad,74,average length movie
2009,Fire from Below,Thriller,2.7,bad,89,average length movie
2009,Frozen Kiss,Drama,2.7,bad,90,average length movie
2008,The Legend of Bloody Mary,"Horror, Thriller",2.7,bad,93,average length movie
2008,Six Reasons Why,"Sci-Fi, Western",2.7,bad,88,average length movie
2010,Hard Breakers,Comedy,2.7,bad,99,average length movie
2010,The Devil Within,Thriller,2.7,bad,80,average length movie
2009,Warriors of the Apocalypse,"Action, Sci-Fi, Thriller",2.7,bad,88,average length movie
2009,Stagger,"Action, Crime, Horror",2.7,bad,90,average length movie
2010,Machete Joe,Horror,2.7,bad,81,average length movie
2009,Zamiana,Comedy,2.7,bad,110,long movie
2010,Costa Rican Summer,Comedy,2.7,bad,89,average length movie
2010,Virus X,"Horror, Sci-Fi",2.7,bad,85,average length movie
2009,Homeless for the Holidays,Drama,2.7,bad,105,long movie
2010,As Night Falls,"Action, Comedy, Fantasy",2.7,bad,78,average length movie
2007,Stories USA,"Comedy, Drama",2.7,bad,90,average length movie
2010,Ciacho,Comedy,2.7,bad,115,long movie
2010,Don't Go in the Woods,"Horror, Musical",2.7,bad,83,average length movie
2010,Breaking Up Is Hard to Do,"Comedy, Drama, Romance",2.7,bad,108,long movie
2005,Dr. Rage,"Horror, Thriller",2.6,bad,88,average length movie
2006,Sea of Fear,Horror,2.6,bad,90,average length movie
2005,Choker,"Horror, Action, Sci-Fi",2.6,bad,93,average length movie
2005,Popstar,"Comedy, Family, Romance",2.6,bad,94,average length movie
2005,Bølle Bob og Smukke Sally,"Family, Musical",2.6,bad,72,average length movie
2005,Fair Game,Drama,2.6,bad,88,average length movie
2005,Crippled Creek,Horror,2.6,bad,89,average length movie
2005,Shapeshifter,Horror,2.6,bad,81,average length movie
2007,Treasure Raiders,"Action, Adventure, Drama",2.6,bad,95,average length movie
2008,The Thirst: Blood War,"Action, Comedy, Horror",2.6,bad,96,average length movie
2008,Love Story 2050,"Action, Adventure, Drama",2.6,bad,180,epic movie
2006,Dog Lover's Symphony,"Comedy, Family",2.6,bad,103,long movie
2007,Gangster,"Crime, Drama",2.6,bad,122,long movie
2008,Plaguers,"Horror, Sci-Fi",2.6,bad,86,average length movie
2005,Veerabhadra,Action,2.6,bad,169,long movie
2007,Fist of the Vampire,"Action, Horror, Thriller",2.6,bad,96,average length movie
2007,Che Kopete: La Película,Comedy,2.6,bad,80,average length movie
2008,Lady Blood,Horror,2.6,bad,90,average length movie
2008,Angel,Drama,2.6,bad,108,long movie
2008,Marlowe,"Adventure, Comedy, Crime",2.6,bad,90,average length movie
2009,Match.Dead,Thriller,2.6,bad,82,average length movie
2009,Temptation,"Fantasy, Horror, Thriller",2.6,bad,98,average length movie
2009,Witchmaster General,Horror,2.6,bad,94,average length movie
2009,The Brotherhood V: Alumni,"Horror, Thriller",2.6,bad,86,average length movie
2008,Destere,"Comedy, Crime",2.6,bad,90,average length movie
2009,Never Surrender,"Action, Drama, Thriller",2.6,bad,87,average length movie
2009,The Cuckold,Drama,2.6,bad,94,average length movie
2009,The Red Rooster,Drama,2.6,bad,80,average length movie
2008,Bloodlock,Horror,2.6,bad,90,average length movie
2008,Solos,"Horror, Sci-Fi, Thriller",2.6,bad,74,average length movie
2010,An Acrid Yarn,Thriller,2.6,bad,99,average length movie
2009,Göta kanal 3 - Kanalkungens hemlighet,Comedy,2.6,bad,92,average length movie
2008,Vigilante,Action,2.6,bad,90,average length movie
2009,Angel John,"Comedy, Drama, Fantasy",2.6,bad,130,long movie
2009,Moz & Cat,"Comedy, Drama",2.6,bad,156,long movie
2010,The Flirting Club,Comedy,2.6,bad,90,average length movie
2010,"Projekt dziecko, czyli ojciec potrzebny od zaraz",Comedy,2.6,bad,80,average length movie
2005,Lethal,"Action, Drama",2.5,bad,90,average length movie
2005,TrashHouse,"Comedy, Horror",2.5,bad,82,average length movie
2005,Max und Moritz Reloaded,"Action, Comedy",2.5,bad,87,average length movie
2005,Alien Abduction,"Horror, Sci-Fi, Thriller",2.5,bad,96,average length movie
2006,Death Ride,"Horror, Thriller",2.5,bad,84,average length movie
2009,Creature of Darkness,"Horror, Sci-Fi",2.5,bad,81,average length movie
2007,Sexina: Popstar P.I.,Comedy,2.5,bad,90,average length movie
2005,Die Zombiejäger,Horror,2.5,bad,85,average length movie
2008,In Search of Lovecraft,Horror,2.5,bad,98,average length movie
2006,"Didi, o Caçador de Tesouros","Adventure, Family",2.5,bad,86,average length movie
2006,Teesri Aankh: The Hidden Camera,"Action, Crime, Thriller",2.5,bad,111,long movie
2007,A Feast of Flesh,Horror,2.5,bad,77,average length movie
2007,The Cry,"Horror, Thriller",2.5,bad,83,average length movie
2006,Boa... Nguu yak!,"Action, Adventure, Horror",2.5,bad,95,average length movie
2006,Wages of Sin,Horror,2.5,bad,93,average length movie
2006,The Connecticut Poop Movie,Comedy,2.5,bad,95,average length movie
2007,Curse of Alcatraz,Horror,2.5,bad,100,long movie
2006,Araf,"Horror, Thriller",2.5,bad,97,average length movie
2006,Five Across the Eyes,Horror,2.5,bad,95,average length movie
2009,Hooking Up,"Comedy, Drama",2.5,bad,95,average length movie
2007,The Evil Woods,Horror,2.5,bad,83,average length movie
2007,Slasher,Horror,2.5,bad,80,average length movie
2008,Horror House,"Horror, Thriller",2.5,bad,85,average length movie
2007,Buddha Mar Gaya,Comedy,2.5,bad,93,average length movie
2008,Jump Out Boys,"Action, Crime",2.5,bad,83,average length movie
2008,Shark in Venice,"Action, Adventure, Comedy",2.5,bad,88,average length movie
2008,Deep End,Thriller,2.5,bad,92,average length movie
2009,Dragonball Evolution,"Action, Adventure, Fantasy",2.5,bad,85,average length movie
2007,Secrets of the Clown,Horror,2.5,bad,101,long movie
2008,Johnny Sunshine Maximum Violence,Horror,2.5,bad,78,average length movie
2008,Tounan kadobeya nikai no onna,Drama,2.5,bad,104,long movie
2009,The Pit and the Pendulum,"Horror, Thriller",2.5,bad,87,average length movie
2010,Speed-Dating,Comedy,2.5,bad,98,average length movie
2009,"Vozvrashchenie mushketyorov, ili Sokrovishcha kardi","Action, Adventure, Comedy",2.5,bad,134,long movie
2010,The Awakening,"Horror, Thriller",2.5,bad,83,average length movie
2009,Porn Star Zombies,"Comedy, Horror",2.5,bad,80,average length movie
2010,Followed Home,Horror,2.5,bad,74,average length movie
2009,Amore 14,"Comedy, Romance",2.5,bad,95,average length movie
2007,Parattai Engira Azhagu Sundaram,Action,2.5,bad,160,long movie
2009,The Third Testament: The Antichrist and the Harlot,Action,2.5,bad,115,long movie
2010,Tees Maar Khan,"Comedy, Crime",2.5,bad,135,long movie
2010,Curio,"Horror, Mystery, Thriller",2.5,bad,98,average length movie
2010,Maximum Shame,"Fantasy, Horror, Musical",2.5,bad,80,average length movie
2010,Dead West,"Action, Comedy, Drama",2.5,bad,94,average length movie
2010,Sura,Action,2.5,bad,159,long movie
2010,Cehennem 3D,Horror,2.5,bad,115,long movie
2005,Sharlatan,"Action, Comedy, Fantasy",2.5,bad,81,average length movie
2005,Alone in the Dark,"Action, Horror, Sci-Fi",2.4,bad,96,average length movie
2005,Kamenák 3,Comedy,2.4,bad,101,long movie
2006,Seven Mummies,"Action, Adventure, Drama",2.4,bad,90,average length movie
2006,Mr. Hell,Horror,2.4,bad,102,long movie
2006,Aces,"Action, Drama",2.4,bad,88,average length movie
2006,VooDoo Curse: The Giddeh,Horror,2.4,bad,79,average length movie
2008,Bald,Comedy,2.4,bad,81,average length movie
2007,AfterThought,"Horror, Thriller",2.4,bad,85,average length movie
2005,King of the Lost World,"Action, Adventure, Fantasy",2.4,bad,80,average length movie
2007,Awaken the Dead,"Action, Horror, Mystery",2.4,bad,102,long movie
2007,Epic Movie,"Adventure, Comedy",2.4,bad,86,average length movie
2007,Hallows Point,"Action, Comedy, Drama",2.4,bad,120,long movie
2006,Vita Smeralda,Comedy,2.4,bad,93,average length movie
2006,Idegölö,"Comedy, Crime",2.4,bad,96,average length movie
2007,Shakalaka Boom Boom,"Drama, Musical, Romance",2.4,bad,129,long movie
2006,FrightWorld,Horror,2.4,bad,103,long movie
2010,Westbrick Murders,"Action, Crime, Thriller",2.4,bad,90,average length movie
2009,Interception,Action,2.4,bad,107,long movie
2007,The Minis,"Comedy, Sport",2.4,bad,76,average length movie
2009,30 Days to Die,Horror,2.4,bad,88,average length movie
2009,Satanic Panic,Horror,2.4,bad,81,average length movie
2008,Fraternity House,Comedy,2.4,bad,82,average length movie
2010,Tales of an Ancient Empire,"Action, Adventure",2.4,bad,86,average length movie
2007,Primal,Horror,2.4,bad,81,average length movie
2008,Hunting Grounds,"Horror, Sci-Fi",2.4,bad,90,average length movie
2009,Vampire in Vegas,Horror,2.4,bad,82,average length movie
2008,Avanak Kuzenler,Comedy,2.4,bad,104,long movie
2010,Dahmer vs. Gacy,"Comedy, Horror",2.4,bad,90,average length movie
2009,I.C.U.,"Horror, Thriller",2.4,bad,85,average length movie
2010,Re-Generator,"Action, Sci-Fi",2.4,bad,94,average length movie
2010,I'm Not Jesus Mommy,"Drama, Sci-Fi, Thriller",2.4,bad,89,average length movie
2010,Paranormal Calamity,Comedy,2.4,bad,90,average length movie
2010,Pak Panter,"Adventure, Comedy",2.4,bad,94,average length movie
2006,The Drop,"Action, Adventure, Fantasy",2.3,bad,88,average length movie
2005,Brothers in Arms,Western,2.3,bad,85,average length movie
2005,Flirting with Anthony,"Romance, Thriller",2.3,bad,88,average length movie
2006,The Shadow Walkers,Horror,2.3,bad,91,average length movie
2007,Millennium Crisis,"Sci-Fi, Thriller",2.3,bad,85,average length movie
2008,Lady Magdalene's,"Action, Comedy, Music",2.3,bad,116,long movie
2006,My Dead Girlfriend,"Comedy, Horror",2.3,bad,73,average length movie
2006,Pirates of Treasure Island,"Action, Adventure",2.3,bad,85,average length movie
2008,Death Toll,"Action, Crime, Thriller",2.3,bad,90,average length movie
2006,Deadlands: The Rising,"Action, Horror, Thriller",2.3,bad,72,average length movie
2007,Blood Predator,"Horror, Sci-Fi",2.3,bad,91,average length movie
2006,Kilukkam Kilukilukkam,Comedy,2.3,bad,156,long movie
2010,Boston Girls,"Comedy, Horror, Thriller",2.3,bad,90,average length movie
2010,My Girlfriend's Back,Comedy,2.3,bad,80,average length movie
2008,SEAL Team VI,"Action, Drama",2.3,bad,99,average length movie
2009,Everybody Dies,Action,2.3,bad,76,average length movie
2009,The Occultist,Horror,2.3,bad,75,average length movie
2009,Unrated: The Movie,"Horror, Musical",2.3,bad,81,average length movie
2009,Ierô Kiddo,Drama,2.3,bad,111,long movie
2010,Zombie Undead,Horror,2.3,bad,79,average length movie
2010,Zombiechrist,Horror,2.3,bad,100,long movie
2005,Son of the Mask,"Comedy, Family, Fantasy",2.2,bad,94,average length movie
2006,The Absence of Light,"Action, Drama, Horror",2.2,bad,77,average length movie
2005,Haunted Boat,"Drama, Horror, Mystery",2.2,bad,97,average length movie
2006,Alien Incursion,"Comedy, Horror, Sci-Fi",2.2,bad,86,average length movie
2006,Saawan... The Love Season,"Drama, Fantasy, Romance",2.2,bad,123,long movie
2006,Sickness House,Horror,2.2,bad,70,average length movie
2007,Who's Your Caddy?,"Comedy, Sport",2.2,bad,93,average length movie
2007,Recon 2022: The Mezzo Incident,Sci-Fi,2.2,bad,90,average length movie
2006,The Da Vinci Treasure,"Action, Adventure, Mystery",2.2,bad,91,average length movie
2008,Santos,"Adventure, Comedy, Fantasy",2.2,bad,97,average length movie
2005,The Lost Princess,"Comedy, Family, Fantasy",2.2,bad,75,average length movie
2007,Supercroc,"Action, Adventure, Horror",2.2,bad,85,average length movie
2007,Amerikalilar Karadeniz'de 2,Comedy,2.2,bad,100,long movie
2008,Fearmakers,Horror,2.2,bad,75,average length movie
2009,Prey,"History, Horror, Thriller",2.2,bad,76,average length movie
2007,Spiker,Horror,2.2,bad,90,average length movie
2009,For a Fistful of Diamonds,Action,2.2,bad,87,average length movie
2008,Mutants,"Action, Horror, Sci-Fi",2.2,bad,83,average length movie
2010,Urgency,Action,2.2,bad,90,average length movie
2008,O Guerreiro Didi e a Ninja Lili,Comedy,2.2,bad,102,long movie
2008,Maya Bazar,"Drama, Romance",2.2,bad,150,long movie
2009,Fast Zombies with Guns,Horror,2.2,bad,87,average length movie
2010,Enemies Among Us,"Action, Drama, Thriller",2.2,bad,76,average length movie
2010,Basement,"Horror, Thriller",2.2,bad,74,average length movie
2010,Purge,"Drama, Sci-Fi",2.2,bad,80,average length movie
2010,Deadly Closure,"Action, Drama, Mystery",2.2,bad,100,long movie
2010,Cold Creepy Feeling,"Horror, Thriller",2.2,bad,87,average length movie
2010,Dark Metropolis,"Fantasy, Sci-Fi",2.2,bad,97,average length movie
2010,Iran Zendan,Drama,2.2,bad,70,average length movie
2005,The Helix... Loaded,"Action, Adventure, Comedy",2.1,bad,97,average length movie
2006,Sweet Insanity,"Horror, Thriller",2.1,bad,81,average length movie
2006,Scorpius Gigantus,"Action, Adventure, Comedy",2.1,bad,91,average length movie
2005,Meat Pie,Comedy,2.1,bad,86,average length movie
2006,Surf School,"Comedy, Sport",2.1,bad,87,average length movie
2006,Crossover,"Action, Sport",2.1,bad,95,average length movie
2006,Awakening,Horror,2.1,bad,90,average length movie
2006,Panic je nanic,Comedy,2.1,bad,96,average length movie
2009,Immortally Yours,"Horror, Romance",2.1,bad,100,long movie
2005,Grodmin,Drama,2.1,bad,90,average length movie
2008,Bryan Loves You,Horror,2.1,bad,92,average length movie
2008,A Viking Saga: Son of Thor,"Adventure, Drama, History",2.1,bad,82,average length movie
2010,Neowolf,"Horror, Thriller",2.1,bad,88,average length movie
2007,Satan's Cannibal Holocaust,Horror,2.1,bad,70,average length movie
2006,"Comfort the Disturbed, Disturb the Comforted",Drama,2.1,bad,76,average length movie
2008,Okka Magadu,"Action, Comedy, Drama",2.1,bad,150,long movie
2007,Aap Kaa Surroor: The Moviee - The Real Luv Story,"Drama, Romance, Thriller",2.1,bad,127,long movie
2007,Konjaku monogatari: The new edition,"Comedy, Drama",2.1,bad,88,average length movie
2008,Miss B's Hair Salon,Comedy,2.1,bad,86,average length movie
2007,Psycho Ward,Horror,2.1,bad,90,average length movie
2008,Karzzzz,"Action, Drama, Musical",2.1,bad,142,long movie
2009,The People's Agency,"Action, Comedy",2.1,bad,90,average length movie
2010,The Wylds,"Action, Adventure, Drama",2.1,bad,108,long movie
2009,Saddam'in askerleri: Bir Gani Rüzgar Savata filmi,Drama,2.1,bad,100,long movie
2008,Don't Look in the Cellar,Horror,2.1,bad,88,average length movie
2009,Xuxa em O Mistério de Feiurinha,Family,2.1,bad,82,average length movie
2010,Mr. Hush,Horror,2.1,bad,85,average length movie
2010,300 Killers,"Action, Horror, Thriller",2.1,bad,75,average length movie
2007,Vegas Vampires,Horror,2.0,bad,89,average length movie
2008,Stone & Ed,Comedy,2.0,bad,83,average length movie
2006,Turn Left,"Action, Adventure, Comedy",2.0,bad,75,average length movie
2006,G.I. Jesus,"Drama, Fantasy",2.0,bad,100,long movie
2006,Darkworld,Horror,2.0,bad,83,average length movie
2008,Kis Vuk,"Animation, Adventure, Fami",2.0,bad,85,average length movie
2007,Ekipo Ja,Comedy,2.0,bad,95,average length movie
2009,Uncharted,Horror,2.0,bad,90,average length movie
2008,Drona,"Action, Adventure, Fantasy",2.0,bad,138,long movie
2008,Hastey Hastey Follow Your Heart,"Comedy, Drama",2.0,bad,120,long movie
2008,Çilgin dersane kampta,Comedy,2.0,bad,110,long movie
2010,Magic Man,"Crime, Mystery, Thriller",2.0,bad,90,average length movie
2009,Lost in the Woods,Family,2.0,bad,84,average length movie
2009,End Game,Drama,2.0,bad,97,average length movie
2010,When Soldiers Cry,"Action, War",2.0,bad,120,long movie
2009,O.B.A.M. Nude,"Drama, History",2.0,bad,80,average length movie
2010,Just for the Record,Comedy,2.0,bad,79,average length movie
2008,Yûbae Shôjo,Drama,2.0,bad,100,long movie
2009,Bhagavan,Thriller,2.0,bad,98,average length movie
2009,Clownstrophobia,Horror,2.0,bad,78,average length movie
2010,Hellweek,Horror,2.0,bad,102,long movie
2010,Zombie Driftwood,"Comedy, Horror",2.0,bad,75,average length movie
2005,The Vault,Action,1.9,bad,87,average length movie
2005,Way of the Vampire,"Action, Horror, Thriller",1.9,bad,82,average length movie
2005,Stinger,"Action, Adventure, Comedy",1.9,bad,97,average length movie
2006,"Bañeros III, todopoderosos","Action, Adventure, Comedy",1.9,bad,92,average length movie
2005,Circadian Rhythm,"Action, Crime, Drama",1.9,bad,90,average length movie
2006,Prison of the Psychotic Damned: Terminal Remix,Horror,1.9,bad,100,long movie
2008,The Hottie & the Nottie,"Comedy, Romance",1.9,bad,91,average length movie
2007,Çilgin Dersane,Comedy,1.9,bad,100,long movie
2007,Qerq,"Drama, Mystery, Thriller",1.9,bad,140,long movie
2005,Koi wa go-shichi-go!,Comedy,1.9,bad,105,long movie
2007,June Cabin,"Horror, Thriller",1.9,bad,84,average length movie
2009,Nasha Masha i Volshebnyy orekh,"Animation, Adventure, Come",1.9,bad,75,average length movie
2007,Forever Dead,Horror,1.9,bad,100,long movie
2008,Albakiara,"Action, Comedy, Drama",1.9,bad,93,average length movie
2008,Disaster Movie,Comedy,1.9,bad,87,average length movie
2009,Dumping Lisa,Comedy,1.9,bad,96,average length movie
2008,Hari Puttar: A Comedy of Terrors,"Comedy, Drama, Family",1.9,bad,90,average length movie
2007,Prey for the Beast,Horror,1.9,bad,76,average length movie
2008,Sounds,"Comedy, Sci-Fi",1.9,bad,90,average length movie
2009,Álom.net,"Comedy, Romance, Sport",1.9,bad,90,average length movie
2009,The Prodigy,Animation,1.9,bad,77,average length movie
2009,In the Market,"Horror, Thriller",1.9,bad,115,long movie
2007,Killing Twice: A Deadhunter Chronicle,Horror,1.9,bad,83,average length movie
2008,The House of Orphans,"Drama, Horror, Thriller",1.9,bad,98,average length movie
2006,Pledge This!,Comedy,1.8,bad,91,average length movie
2005,Teberik Sanssiz,Comedy,1.8,bad,100,long movie
2007,Raiders of the Damned,Horror,1.8,bad,90,average length movie
2006,Evil Behind You,"Action, Comedy, Sci-Fi",1.8,bad,90,average length movie
2007,Elf Bowling the Movie: The Great North Pole Elf Str,"Animation, Comedy, Fantasy",1.8,bad,82,average length movie
2006,Xuxa Gêmeas,Family,1.8,bad,82,average length movie
2010,On a Dark and Stormy Night,"Horror, Thriller",1.8,bad,80,average length movie
2008,Brigada explosiva: Misión pirata,"Crime, Mystery, Sci-Fi",1.8,bad,90,average length movie
2010,Birdemic: Shock and Terror,"Horror, Thriller",1.8,bad,105,long movie
2009,Scouts Honor,Comedy,1.8,bad,91,average length movie
2010,Sure Looks Good,Drama,1.8,bad,87,average length movie
2010,Homies,"Music, Romance",1.8,bad,90,average length movie
2010,Alice in Murderland,"Horror, Thriller",1.8,bad,90,average length movie
2006,Grad Night,"Comedy, Drama",1.7,bad,89,average length movie
2005,"Let Us Go and Burn Her Body; Or, The Devil Done Let","Fantasy, Horror, Mystery",1.7,bad,112,long movie
2005,Ride or Die,"Action, Western",1.7,bad,75,average length movie
2007,Ram Gopal Varma Ki Aag,"Action, Adventure, Comedy",1.7,bad,171,long movie
2006,Dünyayi Kurtaran Adam'in Oglu,"Action, Comedy, Sci-Fi",1.7,bad,110,long movie
2007,Universal Soldiers,"Action, Adventure, Sci-Fi",1.7,bad,85,average length movie
2007,Xuxa em Sonho de Menina,Family,1.7,bad,86,average length movie
2008,Nikto ne znaet pro sex 2: No sex,"Comedy, Romance",1.7,bad,95,average length movie
2010,Defcon 2012,Sci-Fi,1.7,bad,92,average length movie
2009,Kung Fu Joe,Comedy,1.7,bad,89,average length movie
2009,Rasshu raifu,Drama,1.7,bad,122,long movie
2010,Rent a Car,Comedy,1.7,bad,105,long movie
2005,Replica,"Romance, Thriller",1.6,bad,66,average length movie
2005,My Big Phat Hip Hop Family,Comedy,1.6,bad,108,long movie
2006,Keloglan Karaprens'e Karsi,Comedy,1.6,bad,105,long movie
2005,Xuxinha e Guto Contra os Monstros do Espaço,"Animation, Family, Sci-Fi",1.6,bad,85,average length movie
2010,Tsvetok dyavola,"Mystery, Romance",1.6,bad,90,average length movie
2007,Emret Komutanim: Sah Mat,"Action, Adventure, Comedy",1.6,bad,100,long movie
2009,After Last Season,"Animation, Drama, Sci-Fi",1.6,bad,93,average length movie
2010,Le baltringue,Comedy,1.6,bad,86,average length movie
2006,Death of a Saleswoman,"Comedy, Mystery",1.5,bad,77,average length movie
2006,Maple Palm,"Comedy, Drama, Romance",1.5,bad,116,long movie
2007,Born Into Mafia,"Action, Crime, Thriller",1.5,bad,78,average length movie
2008,Desh Drohi,"Action, Thriller",1.5,bad,140,long movie
2008,The Red Cell,"Horror, Thriller",1.5,bad,87,average length movie
2009,The Black Knight Returns,"Action, Adventure, Sci-Fi",1.5,bad,87,average length movie
2009,Star Quest: The Odyssey,Sci-Fi,1.5,bad,81,average length movie
2010,Vespa,Drama,1.5,bad,85,average length movie
2006,Just Another Romantic Wrestling Comedy,"Comedy, Romance, Sport",1.4,bad,105,long movie
2005,The Sobbing Stone,Mystery,1.4,bad,76,average length movie
2005,Hu gu po,Horror,1.4,bad,95,average length movie
2008,Attack of the Giant Leeches,"Comedy, Drama, Horror",1.4,bad,78,average length movie
2009,Diamond Dawgs,"Action, Crime, Drama",1.4,bad,90,average length movie
2008,Süper Ajan K9,"Comedy, Crime",1.4,bad,98,average length movie
2009,Cletaraxia,Drama,1.4,bad,99,average length movie
2010,Killer Bitch,Thriller,1.4,bad,92,average length movie
2010,Chelovek s bulvara Kaputsinok,Comedy,1.4,bad,106,long movie
2010,Show Bitch,Comedy,1.4,bad,84,average length movie
2007,18'ler takimi,"Comedy, Crime",1.3,bad,100,long movie
2008,The Sweep,Comedy,1.3,bad,90,average length movie
2009,C Me Dance,"Drama, Thriller",1.3,bad,89,average length movie
2009,Frankenpimp,"Action, Comedy, Fantasy",1.2,bad,194,epic movie
2010,Avenging Force: The Scarab,"Action, Sci-Fi",1.2,bad,85,average length movie
2010,Iron Soldier,"Action, Sci-Fi",1.2,bad,75,average length movie
2009,Pirates: Quest for Snake Island,Action,1.2,bad,76,average length movie
2008,Proud American,Drama,1.1,bad,115,long movie
2010,Hito no sabaku,Drama,1.1,bad,121,long movie
2009,Holnap történt - A nagy bulvárfilm,"Comedy, Mystery",1.0,bad,82,average length movie
2010,Seikai gûdo mooningu!!,Comedy,1.0,bad,81,average length movie
2010,One Night: Choice of Evil,"Comedy, Drama, Romance",1.0,bad,79,average length movie
